# WaveFront *.obj file (generated by Autodesk ATF)

mtllib main_modele.mtl

g tripo_convert_b5ab8472-2456-48e1-b6ed-2df1576b510b.obj

v 0.001220 0.004239 0.003307
v 0.005065 0.004016 0.047097
v 0.005324 0.007177 0.044818
v 0.005046 0.003984 0.047072
v 0.005060 0.008238 0.039846
v 0.004047 0.010681 0.024097
v 0.000762 0.003408 0.000043
v -0.002726 -0.003611 -0.027352
v 0.005401 0.001303 0.056229
v 0.004344 0.011203 0.029210
v 0.004545 0.008284 0.036805
v 0.003798 0.010256 0.025285
v 0.003646 0.009812 0.023960
v -0.002620 -0.003394 -0.024322
v 0.004801 0.008259 0.039759
v 0.004393 0.010947 0.029127
v -0.003495 -0.005042 -0.032604
v 0.001029 0.004716 0.005517
v -0.002544 -0.003399 -0.024609
v 0.004956 0.008689 0.039595
v 0.004964 0.008496 0.040052
v 0.004938 0.008540 0.039605
v 0.004705 0.008824 0.036553
v -0.015446 0.004853 0.026738
v -0.002619 0.010490 0.034436
v -0.020296 -0.012168 0.001413
v -0.003303 0.009982 0.030276
v -0.002319 0.011744 0.034440
v -0.026418 -0.007587 0.025751
v -0.026411 -0.007587 0.025840
v -0.002841 0.010623 0.034371
v -0.005996 0.003519 0.009706
v -0.026059 -0.006463 0.022627
v -0.026712 -0.008620 0.017077
v -0.008566 0.001876 0.010268
v -0.026639 -0.007041 0.024456
v -0.025842 -0.006251 0.022129
v -0.015564 0.004860 0.025296
v -0.024983 -0.006899 0.026655
v -0.026556 -0.007002 0.025363
v -0.005336 0.000940 0.052290
v -0.003134 0.010940 0.031085
v -0.011666 -0.005333 -0.031004
v -0.025389 -0.005645 0.019760
v -0.004532 0.000291 0.052589
v -0.015391 0.004854 0.026836
v -0.002705 0.008916 0.034563
v -0.006428 0.012927 0.017486
v -0.015446 0.005128 0.023379
v -0.025955 -0.007660 0.014683
v -0.011523 -0.005107 -0.031132
v -0.004955 0.000800 0.052782
v -0.021442 -0.007126 -0.009608
v -0.020918 -0.011949 0.004602
v -0.025899 -0.012112 0.021986
v -0.012487 -0.006592 -0.030711
v -0.009690 -0.002115 0.005239
v -0.004026 0.010954 0.021992
v -0.004257 -0.000756 0.053151
v -0.010828 -0.008376 -0.017943
v -0.014561 0.005979 0.031462
v -0.004620 0.008054 0.020586
v -0.014563 0.005901 0.031595
v -0.010552 -0.005244 -0.023028
v -0.004328 -0.001400 0.052852
v -0.009565 -0.002188 0.004978
v -0.021899 0.003071 -0.046568
v -0.020393 0.000857 -0.023125
v -0.005213 0.000959 0.052417
v -0.004300 0.011925 0.020770
v -0.004227 -0.000633 0.052803
v -0.006459 0.003228 0.009787
v -0.005237 0.000908 0.052719
v -0.010878 -0.007333 -0.030160
v -0.025984 -0.006242 0.022592
v -0.015217 0.005059 0.025746
v -0.020272 0.000423 -0.023003
v -0.025766 -0.005675 0.021176
v -0.008465 0.001927 0.010221
v -0.020108 -0.010815 0.011375
v -0.010545 0.005176 -0.047573
v -0.009840 -0.002118 0.005339
v -0.002865 0.009763 0.034431
v -0.010480 -0.003595 -0.018249
v -0.026665 -0.007027 0.024411
v -0.003537 0.010386 0.030972
v -0.020945 -0.011290 0.004573
v -0.026501 -0.007378 0.025050
v -0.005201 0.000003 0.050321
v -0.011484 -0.004079 -0.025633
v -0.011780 -0.005587 -0.030962
v -0.007256 0.002841 0.009740
v -0.020942 -0.011323 0.004671
v -0.010387 -0.004759 -0.025705
v -0.007787 0.001125 0.006041
v -0.004553 0.012890 0.020890
v -0.008241 -0.002333 0.002978
v -0.012317 0.004704 -0.047380
v -0.004986 -0.001470 0.053780
v -0.020845 -0.011331 0.004788
v -0.021197 0.000183 -0.033352
v -0.009926 -0.002130 0.005436
v -0.026407 -0.007539 0.025633
v -0.012770 -0.008618 -0.018652
v -0.008321 0.000983 0.007259
v -0.010205 -0.008139 -0.017714
v -0.008261 0.002034 0.010094
v -0.007402 -0.002248 0.000986
v -0.005098 0.000180 0.053104
v -0.009884 -0.002942 0.005553
v -0.004458 0.011969 0.020687
v -0.004551 0.000406 0.052577
v -0.012089 0.004761 -0.047391
v -0.017452 0.004646 0.014474
v -0.015233 0.005028 0.025839
v -0.019158 -0.005954 0.013595
v -0.008056 0.001134 0.006754
v -0.011525 -0.005119 -0.031138
v -0.009813 -0.002158 0.005290
v -0.025735 -0.006068 0.021548
v -0.007290 0.001232 0.005290
v -0.007570 -0.002183 0.002384
v -0.007847 -0.000616 0.005084
v -0.004075 0.011270 0.021008
v -0.003488 0.010792 0.030657
v -0.012564 -0.003790 -0.025406
v -0.007956 -0.002367 0.002401
v -0.003501 0.010649 0.030373
v -0.012437 -0.003560 -0.025551
v -0.010469 -0.008259 -0.017842
v -0.002828 0.009238 0.034712
v -0.013681 -0.006467 -0.031012
v -0.019135 -0.001661 0.007448
v -0.019822 -0.010744 0.014654
v -0.006684 0.001555 0.004241
v -0.010310 -0.008255 -0.017711
v -0.026561 -0.008883 0.028046
v -0.012986 -0.008647 -0.018703
v -0.010962 0.005033 -0.047513
v -0.026453 -0.007365 0.024986
v -0.002817 0.009091 0.034637
v -0.021166 0.000037 -0.033270
v -0.002981 0.010010 0.034026
v -0.005261 0.000273 0.053170
v -0.026954 -0.009288 0.016776
v -0.026397 -0.007340 0.025074
v -0.026921 -0.009110 0.016787
v -0.010052 -0.008145 -0.017634
v -0.004891 0.000675 0.052656
v -0.003675 0.008897 0.023994
v -0.026550 -0.011366 0.021980
v -0.008740 0.015698 -0.015165
v -0.026573 -0.008635 0.027926
v -0.010701 -0.005728 -0.031208
v -0.026506 -0.008614 0.017024
v -0.027110 -0.008044 0.027356
v -0.007013 0.014343 0.004980
v -0.025397 -0.005722 0.018994
v -0.007509 -0.002168 0.002251
v -0.019417 -0.010730 0.007958
v -0.008655 0.015719 -0.015165
v -0.005081 0.000570 0.052589
v -0.025469 -0.005739 0.016459
v -0.004968 -0.001008 0.052983
v -0.026496 -0.007445 0.025233
v -0.015467 0.005121 0.023196
v -0.019452 -0.010632 0.007997
v -0.011288 0.004923 -0.047471
v -0.014763 0.006393 0.031505
v -0.025830 -0.012180 0.021960
v -0.010637 -0.005485 -0.030903
v -0.012680 -0.003297 -0.025590
v -0.016194 0.004477 0.018071
v -0.015194 0.005054 0.025746
v -0.014850 0.006036 0.031281
v -0.007853 0.001173 0.006306
v -0.004687 0.000773 0.052811
v -0.005025 0.000431 0.052630
v -0.011895 0.005311 -0.047726
v -0.008733 -0.002136 0.004006
v -0.003677 0.008848 0.027311
v -0.010635 -0.005490 -0.030895
v -0.025293 -0.005748 0.017804
v -0.008788 -0.002129 0.004131
v -0.009207 -0.002233 0.004538
v -0.010660 -0.008372 -0.017874
v -0.004405 -0.001481 0.053105
v -0.004530 0.000123 0.052849
v -0.020806 -0.011936 0.004903
v -0.005171 0.000930 0.052615
v -0.015142 0.004992 0.026510
v -0.015208 0.005047 0.025639
v -0.011579 -0.007375 -0.030180
v -0.006364 0.015275 -0.017778
v -0.007689 0.001116 0.005808
v -0.007320 0.000863 0.005596
v -0.026376 -0.007418 0.025479
v -0.019606 -0.008678 0.015232
v -0.011261 -0.005220 -0.031205
v -0.021389 -0.007030 -0.009963
v -0.020048 -0.011243 0.012477
v -0.010804 -0.005544 -0.022939
v -0.007478 0.004748 0.020767
v -0.005265 0.000817 0.052387
v -0.004370 0.011772 0.020855
v -0.011645 -0.005433 -0.030800
v -0.004415 0.012687 0.020835
v -0.012640 -0.009065 -0.018497
v -0.020049 -0.011193 0.012357
v -0.004546 0.012672 0.020741
v -0.003250 0.010131 0.030255
v -0.027447 -0.008029 0.023892
v -0.007002 0.001379 0.004854
v -0.012505 -0.003372 -0.025777
v -0.017399 0.004681 0.014763
v -0.010076 -0.003143 0.005524
v -0.025490 -0.005469 0.017049
v -0.020232 0.000623 -0.023096
v -0.022164 -0.000496 -0.028148
v -0.007661 0.000854 0.006231
v -0.020130 -0.011125 0.012472
v -0.026722 -0.011111 0.021969
v -0.012474 -0.009019 -0.018461
v -0.003001 0.010175 0.033874
v -0.006872 0.001337 0.004576
v -0.007721 -0.002302 0.001883
v -0.004990 -0.000274 0.051076
v -0.007860 0.001084 0.006249
v -0.012435 -0.006499 -0.030629
v -0.012108 -0.003617 -0.025598
v -0.008005 0.001120 0.006542
v -0.007818 0.001161 0.006143
v -0.005723 0.009907 0.020269
v -0.008774 -0.002016 0.005210
v -0.026493 -0.007857 0.026656
v -0.020273 -0.010872 0.010617
v -0.015153 0.005021 0.026270
v -0.007694 0.001174 0.005846
v -0.007405 -0.002271 0.000970
v -0.025354 -0.005705 0.018798
v -0.011235 -0.005576 -0.022977
v -0.005027 -0.001090 0.053897
v -0.025896 -0.005926 0.021973
v -0.011912 -0.005844 -0.030752
v -0.025745 -0.006036 0.021321
v -0.027182 -0.008965 0.017464
v -0.026361 -0.007221 0.025144
v -0.026393 -0.007398 0.025262
v -0.027020 -0.007559 0.026126
v -0.026349 -0.007246 0.024901
v -0.002694 0.007899 0.037826
v -0.004351 0.006981 0.020612
v -0.026281 -0.007078 0.024536
v -0.007618 0.000861 0.006132
v -0.003833 0.009096 0.024001
v -0.010297 -0.006231 -0.027433
v -0.027578 -0.008453 0.022236
v -0.025950 -0.008362 0.014655
v -0.026459 -0.011492 0.021957
v -0.002432 0.007597 0.039405
v -0.007562 -0.002293 0.001427
v -0.002393 0.007551 0.039581
v -0.004324 0.006861 0.020615
v -0.005030 0.008752 0.020482
v -0.005010 0.000831 0.052886
v -0.025503 -0.005513 0.016905
v -0.020166 -0.010826 0.010146
v -0.010038 -0.004866 -0.025782
v -0.005137 -0.001183 0.053959
v -0.020062 -0.010826 0.011297
v -0.006840 0.001469 0.004503
v -0.005032 -0.000168 0.050888
v -0.010624 -0.003743 -0.018332
v -0.011612 -0.004015 -0.025600
v -0.005215 0.001839 0.047820
v -0.004413 0.011803 0.020806
v -0.007096 0.002910 0.009706
v -0.010658 -0.005520 -0.022923
v -0.021158 0.000123 -0.033440
v -0.004960 -0.001016 0.053564
v -0.004621 0.000802 0.053365
v -0.004170 0.011765 0.020795
v -0.025891 -0.005901 0.021855
v -0.007993 0.001152 0.006593
v -0.005115 0.008941 0.020466
v -0.005025 0.000806 0.052656
v -0.007658 0.001154 0.005706
v -0.003296 0.011061 0.030988
v -0.012923 -0.008619 -0.018697
v -0.025134 -0.011265 0.028204
v -0.008833 0.001683 0.010354
v -0.019118 -0.010391 0.007770
v -0.011563 -0.005226 -0.030896
v -0.010843 -0.004397 -0.025780
v -0.013071 -0.006493 -0.030776
v -0.019966 -0.010905 0.014603
v -0.006084 0.003458 0.009729
v -0.011824 -0.008450 -0.018303
v -0.012206 -0.008489 -0.018521
v -0.011779 -0.003863 -0.025655
v -0.026275 -0.006518 0.023895
v -0.005194 0.000209 0.053106
v -0.025686 -0.007172 0.014862
v -0.016651 0.002621 0.013186
v -0.005466 -0.001182 0.054278
v -0.021002 -0.011951 0.004433
v -0.004119 0.011395 0.020949
v -0.003560 0.010898 0.030702
v -0.002958 0.009865 0.034201
v -0.020205 0.000190 -0.022944
v -0.015714 0.008254 0.016680
v -0.014529 0.005913 0.031478
v -0.010394 -0.003492 -0.018172
v -0.015176 0.005032 0.026065
v -0.002633 0.007921 0.037665
v -0.021360 -0.006968 -0.010149
v -0.011059 0.004992 -0.047503
v -0.002910 0.010580 0.034062
v -0.016175 0.004107 0.017293
v -0.016858 0.006693 0.017081
v -0.007719 -0.002285 0.001901
v -0.010775 -0.005615 -0.031185
v -0.011524 0.004852 -0.047461
v -0.026428 -0.008637 0.016952
v -0.017430 0.004591 0.014350
v -0.015142 0.005782 0.030360
v -0.027019 -0.010541 0.021994
v -0.025964 -0.007770 0.014785
v -0.020170 -0.010942 0.011924
v -0.002793 0.009007 0.034589
v -0.005029 -0.001118 0.053645
v -0.004377 0.012054 0.020752
v -0.025707 -0.005519 0.018208
v -0.013229 -0.006475 -0.030778
v -0.002244 0.009591 0.039614
v -0.004941 -0.000988 0.053414
v -0.002411 0.010654 0.033777
v -0.011548 -0.005310 -0.030809
v -0.022466 -0.000103 -0.033153
v -0.005020 0.000728 0.053286
v -0.009325 -0.002156 0.004773
v -0.025484 -0.005829 0.014125
v -0.005741 0.009966 0.020258
v -0.004983 0.000783 0.053255
v -0.004946 -0.000329 0.051529
v -0.003607 0.010707 0.030411
v -0.018475 0.010928 -0.018476
v -0.004550 -0.001582 0.053474
v -0.008046 -0.002321 0.002578
v -0.005601 0.009763 0.020317
v -0.004176 0.012399 0.020700
v -0.010875 -0.005331 -0.030933
v -0.011581 -0.005580 -0.022999
v -0.011545 -0.005566 -0.022852
v -0.026721 -0.008433 0.028068
v -0.025402 -0.005646 0.013447
v -0.027227 -0.008768 0.017388
v -0.026305 -0.009212 0.028315
v -0.027183 -0.008686 0.017010
v -0.004142 0.011875 0.020760
v -0.027522 -0.008827 0.022140
v -0.026128 -0.006636 0.023252
v -0.002360 0.010338 0.034698
v -0.011841 0.005125 -0.047648
v -0.026782 -0.007291 0.026418
v -0.025737 -0.005580 0.018883
v -0.026861 -0.007924 0.027661
v -0.019469 -0.011261 0.007731
v -0.006375 0.015261 -0.017555
v -0.019916 -0.012124 0.001738
v -0.005598 0.003729 0.009587
v -0.004053 0.009497 0.020681
v -0.004166 0.011277 0.021008
v -0.002366 0.010394 0.034655
v -0.010555 -0.003668 -0.018281
v -0.025550 -0.005783 0.020116
v -0.009638 -0.002133 0.005130
v -0.025342 -0.005637 0.013339
v -0.014542 0.005792 0.031493
v -0.020193 -0.010896 0.011732
v -0.005056 0.000027 0.050771
v -0.025523 -0.005290 0.019539
v -0.022350 -0.000988 -0.029981
v -0.021312 0.001975 -0.023077
v -0.003629 0.010615 0.030282
v -0.006360 0.003302 0.009770
v -0.002697 0.010104 0.035196
v -0.025197 -0.005701 0.017641
v -0.008336 -0.002308 0.003166
v -0.010185 -0.004716 -0.026055
v -0.006911 0.003029 0.009723
v -0.005137 -0.000071 0.050479
v -0.007018 0.002994 0.009746
v -0.005040 -0.000049 0.050868
v -0.009269 -0.002163 0.004675
v -0.007375 0.000861 0.005727
v -0.008124 0.002164 0.010033
v -0.012340 -0.008513 -0.018553
v -0.025175 -0.006309 0.016446
v -0.025012 -0.011001 0.028318
v -0.008166 -0.002380 0.002873
v -0.003289 0.010940 0.030698
v -0.004279 0.012591 0.020761
v -0.026110 -0.006283 0.023093
v -0.013851 -0.007309 -0.030429
v -0.003677 0.010247 0.030055
v -0.025617 -0.005862 0.020665
v -0.003131 0.010557 0.030882
v -0.005351 0.012348 0.018468
v -0.006615 0.001590 0.004120
v -0.004991 0.000428 0.052623
v -0.015505 0.008358 0.016119
v -0.012617 -0.006869 -0.030455
v -0.019686 -0.011516 0.005633
v -0.007392 0.002737 0.009790
v -0.004004 0.010808 0.021843
v -0.010368 -0.004925 -0.027303
v -0.003381 0.010957 0.030942
v -0.022043 -0.000882 -0.030011
v -0.002803 0.010615 0.034605
v -0.007996 -0.000584 0.005750
v -0.025506 -0.005236 0.019416
v -0.026344 -0.007150 0.024492
v -0.005913 0.003538 0.009706
v -0.014667 0.006037 0.031317
v -0.006938 0.001373 0.004657
v -0.020357 -0.006152 -0.013943
v -0.021801 0.003192 -0.046602
v -0.010504 -0.004541 -0.025893
v -0.014697 0.005929 0.031280
v -0.007963 -0.000488 0.005772
v -0.026762 -0.008859 0.028077
v -0.025088 -0.006346 0.016344
v -0.004121 0.011655 0.020850
v -0.017400 0.004496 0.014198
v -0.026906 -0.007475 0.025893
v -0.021101 0.002049 -0.023038
v -0.002770 0.009705 0.034981
v -0.011278 -0.004176 -0.025678
v -0.019527 -0.008516 0.015339
v -0.002440 0.009892 0.034665
v -0.007861 -0.002311 0.002179
v -0.020297 0.000769 -0.023158
v -0.020995 0.001848 -0.023040
v -0.021244 -0.006549 -0.011140
v -0.026707 -0.008456 0.028104
v -0.008388 -0.002289 0.003266
v -0.019436 -0.010719 0.007267
v -0.007561 -0.002278 0.001445
v -0.011113 0.004952 -0.047500
v -0.026398 -0.009239 0.017192
v -0.005016 0.015130 -0.019596
v -0.015504 0.008342 0.016148
v -0.025166 -0.005674 0.017608
v -0.013150 0.004520 -0.047300
v -0.004678 0.015531 -0.019373
v -0.008631 0.005500 -0.047894
v -0.019615 -0.011069 0.005233
v -0.027082 -0.008797 0.017327
v -0.007596 -0.007166 -0.015233
v -0.008385 0.001957 0.010143
v -0.004515 0.015492 -0.019939
v -0.002893 0.004691 0.019395
v -0.026956 -0.010694 0.021967
v -0.008328 -0.005012 -0.026017
v -0.008635 -0.004972 -0.026149
v -0.026762 -0.007251 0.026323
v -0.026668 -0.008003 0.026604
v -0.026868 -0.010899 0.022031
v -0.000990 0.005423 0.044364
v -0.001419 0.011534 0.023706
v -0.000996 0.005378 0.044309
v -0.020309 0.000765 -0.023156
v -0.025614 -0.005850 0.020675
v -0.001004 0.005458 0.044181
v -0.009456 -0.002214 0.004846
v -0.025747 -0.005532 0.018476
v -0.009408 0.003604 -0.048045
v -0.026678 -0.008159 0.026966
v -0.010391 0.005196 -0.047591
v -0.003052 0.004943 0.019654
v -0.006157 -0.002362 -0.001780
v -0.026878 0.012461 -0.038126
v -0.019104 -0.005982 0.013530
v -0.025570 -0.005734 0.019229
v -0.025446 -0.005723 0.013758
v -0.025439 -0.005676 0.019979
v -0.021824 0.002792 -0.046406
v -0.008387 -0.004560 -0.022848
v -0.003174 0.005247 0.019960
v -0.004659 0.000623 0.052700
v -0.002768 0.004484 0.019160
v -0.025011 -0.006269 0.016450
v -0.001167 0.006387 0.041627
v -0.026997 0.012737 -0.038684
v -0.005131 0.015304 -0.019454
v -0.002972 0.004891 0.019663
v -0.001455 0.007293 0.032838
v -0.020740 -0.011895 0.004958
v -0.004617 0.015466 -0.017741
v -0.005057 -0.000165 0.050764
v -0.008471 -0.005165 -0.025901
v -0.020329 -0.006113 -0.013827
v -0.014896 0.004812 0.030533
v -0.006147 -0.002552 -0.002819
v -0.001598 0.014490 0.017708
v -0.006041 -0.002558 -0.003210
v -0.006199 -0.002494 -0.002552
v -0.016642 0.002420 0.013079
v -0.015069 0.004999 0.026591
v -0.002918 0.004660 0.019354
v -0.003751 0.004336 0.009067
v -0.014927 0.004833 0.030428
v -0.008544 0.005914 -0.048070
v -0.008618 -0.005212 -0.028260
v -0.025135 -0.005775 0.017346
v -0.020566 -0.011868 0.005601
v -0.022025 0.002786 -0.046305
v -0.004633 0.015186 -0.019760
v -0.014981 0.004880 0.030251
v -0.004879 0.001521 0.000891
v -0.004740 0.015142 -0.019680
v -0.008291 -0.005140 -0.025831
v -0.020499 -0.011475 0.005556
v 0.001562 0.011722 0.038588
v -0.025647 -0.005447 0.017354
v -0.020296 0.000762 -0.023160
v -0.026743 -0.007233 0.026196
v -0.021116 0.001563 -0.023042
v -0.020027 -0.010741 0.009651
v -0.027122 -0.009166 0.017492
v -0.005903 -0.002572 -0.003640
v -0.007724 -0.007193 -0.015388
v -0.019412 -0.011228 0.007799
v -0.007494 -0.007150 -0.015131
v -0.004679 0.015174 -0.019773
v -0.026277 -0.007100 0.024435
v -0.026187 -0.006408 0.023488
v -0.006927 -0.001828 -0.012579
v -0.000984 0.005421 0.044466
v -0.025614 -0.005851 0.020464
v -0.008831 -0.005165 -0.026069
v -0.001711 0.012988 0.023578
v -0.025265 -0.006240 0.016597
v -0.020543 -0.000406 -0.033363
v -0.026112 -0.006628 0.023156
v -0.006352 -0.002408 -0.001949
v -0.016060 0.004396 0.018133
v -0.001076 0.006373 0.041725
v -0.008573 -0.005176 -0.025996
v -0.004883 0.001454 0.000677
v -0.025441 -0.005722 0.019942
v -0.026315 -0.008690 0.017021
v -0.019612 -0.000331 -0.023001
v -0.022073 -0.004020 0.012336
v -0.021049 0.001432 -0.023043
v -0.027014 0.012545 -0.039206
v -0.022293 0.000123 -0.033224
v -0.024101 -0.012791 0.025431
v -0.023835 -0.005554 0.015361
v -0.026975 0.012762 -0.038492
v -0.026664 -0.007739 0.025968
v -0.026839 -0.007309 0.025330
v -0.026654 -0.007656 0.025792
v -0.021108 -0.003142 -0.033781
v -0.022284 -0.004017 0.011252
v -0.020060 -0.000226 -0.023013
v -0.003996 0.004305 0.009118
v -0.019910 -0.006466 -0.015259
v -0.008791 -0.004935 -0.026247
v -0.001399 0.014490 0.017726
v -0.000955 0.006140 0.042385
v -0.020618 -0.011390 0.005247
v -0.022981 -0.012715 0.018565
v -0.019561 0.000041 -0.023162
v -0.004876 0.015435 -0.017882
v -0.026821 -0.007213 0.024965
v -0.026675 0.012439 -0.038844
v -0.024510 -0.005399 0.016689
v -0.020706 -0.000207 -0.033265
v -0.001662 0.012900 0.022600
v -0.000789 0.004945 0.045443
v -0.020041 -0.010714 0.009809
v -0.026659 0.012498 -0.038640
v -0.008086 -0.007217 -0.015803
v -0.020795 -0.000113 -0.033323
v -0.003070 0.004843 0.019582
v -0.021223 -0.006431 -0.011625
v -0.004037 0.004233 0.009190
v -0.023930 -0.012846 0.024592
v -0.019246 -0.011716 0.004213
v -0.025027 -0.005914 0.013773
v -0.003884 0.004335 0.009098
v -0.025102 0.001627 -0.033490
v -0.003931 0.004316 0.009149
v -0.013899 0.003582 0.035722
v -0.001505 0.014562 0.019017
v -0.002034 0.007971 0.024038
v -0.019616 -0.000259 -0.023116
v -0.020050 -0.010791 0.009760
v -0.008155 -0.004553 -0.022817
v -0.000481 0.007886 0.033871
v -0.004616 0.001137 -0.000247
v -0.001173 0.010675 0.023530
v -0.019889 0.000305 -0.023189
v -0.007824 -0.007205 -0.015483
v -0.002940 0.004559 0.019249
v -0.026800 0.012439 -0.039039
v -0.001025 0.010199 0.023498
v -0.023732 -0.005436 0.015343
v -0.002622 0.003976 0.017740
v -0.015125 0.004307 0.019846
v -0.008124 0.006150 -0.048137
v -0.002648 0.004035 0.018094
v -0.021215 -0.006468 -0.011432
v -0.000641 0.007893 0.033870
v -0.023879 -0.012839 0.024476
v -0.003169 0.004373 0.009080
v -0.002583 0.003904 0.017360
v -0.025198 0.002127 -0.033478
v -0.020978 0.001757 -0.023067
v -0.019329 -0.011719 0.004149
v -0.001008 0.006150 0.042479
v -0.001278 0.007237 0.030446
v -0.020515 -0.011852 0.005639
v -0.000986 0.006238 0.042163
v -0.019568 -0.000038 -0.023044
v -0.002781 0.004310 0.018835
v -0.002562 0.003863 0.017075
v -0.004159 0.002830 0.001282
v -0.020528 -0.011410 0.005459
v -0.021194 0.002936 -0.046459
v -0.026661 0.012471 -0.038783
v -0.020688 -0.011844 0.004987
v -0.008091 -0.007217 -0.015755
v -0.022892 -0.011150 0.015453
v -0.013873 0.003777 0.035968
v -0.024923 -0.009721 0.010519
v -0.025435 -0.009716 0.012293
v -0.001138 0.011120 0.023867
v -0.004771 0.001176 0.000020
v -0.006091 -0.002360 -0.001951
v -0.016819 0.006949 0.016961
v -0.001191 0.010811 0.023493
v -0.008452 0.005496 -0.047955
v -0.004358 0.015551 -0.019939
v -0.020842 -0.000035 -0.033436
v -0.007867 -0.005005 -0.024049
v -0.021330 -0.006796 -0.010512
v -0.006182 -0.002575 -0.002733
v -0.004769 0.001347 0.000454
v -0.003016 0.004967 0.019701
v -0.001220 0.011232 0.023821
v -0.014692 0.004717 0.029295
v -0.000843 0.007960 0.033936
v -0.026862 0.012407 -0.039089
v -0.025052 -0.006047 0.014173
v -0.008175 -0.005197 -0.028347
v -0.004836 0.015552 -0.019319
v -0.024564 -0.010832 0.014580
v -0.022912 -0.012521 0.017764
v -0.024030 -0.012795 0.025232
v -0.015183 0.004264 0.023158
v -0.022229 -0.004099 0.011632
v -0.007758 -0.004550 -0.022677
v -0.004636 0.001164 -0.000133
v -0.007891 -0.004923 -0.023569
v -0.020675 -0.005932 -0.012573
v 0.000550 0.002649 0.054524
v -0.013911 0.003511 0.035677
v -0.022080 0.000263 -0.033235
v -0.019455 -0.012052 0.002139
v -0.018648 -0.010526 0.005675
v -0.024454 -0.010905 0.014601
v -0.007551 -0.004545 -0.022643
v -0.015011 0.005821 0.031353
v -0.002605 0.003866 0.017127
v -0.022961 -0.012578 0.018200
v -0.026670 0.012454 -0.038662
v -0.003378 0.004362 0.009053
v -0.015395 0.004356 0.019602
v -0.002751 0.004206 0.018633
v -0.014802 0.004747 0.027968
v -0.019380 -0.012023 0.002223
v -0.022018 -0.001414 -0.029708
v -0.002655 0.004018 0.017947
v -0.004396 0.015503 -0.019751
v -0.023840 -0.012870 0.024352
v -0.008508 -0.006654 -0.031651
v -0.006259 -0.006336 -0.014961
v -0.007380 -0.007088 -0.015090
v -0.020080 -0.010858 0.009934
v -0.022082 0.000258 -0.033230
v -0.004365 0.015533 -0.019696
v -0.022094 -0.004058 0.012114
v -0.005528 -0.002626 -0.004608
v -0.020508 -0.011424 0.007548
v -0.002660 0.003748 0.015415
v -0.020719 -0.011756 0.005000
v -0.014679 0.004707 0.028801
v -0.023876 -0.012905 0.024207
v -0.017668 -0.005220 0.008026
v -0.003105 0.003978 0.009925
v -0.002686 0.004027 0.018105
v -0.014802 0.006848 0.021993
v -0.016958 -0.000056 0.008875
v -0.021061 -0.011307 0.004082
v -0.002551 0.003781 0.016596
v -0.000917 0.010621 0.023734
v -0.000869 0.010521 0.023845
v -0.015103 0.004173 0.023193
v -0.007980 0.006153 -0.048150
v -0.021641 0.003045 -0.046561
v -0.019772 0.000297 -0.023196
v -0.002720 0.003693 0.014599
v -0.014883 0.004804 0.026044
v -0.014571 0.004634 0.030455
v -0.023899 -0.012970 0.024123
v -0.002542 0.003848 0.017228
v -0.006251 -0.001861 -0.011793
v -0.006750 -0.003539 -0.018633
v -0.023868 -0.012839 0.024474
v -0.019805 -0.011356 0.007003
v -0.020256 -0.006788 -0.014443
v -0.023982 -0.012783 0.025703
v -0.008435 -0.006559 -0.031657
v -0.018815 0.004231 -0.019498
v -0.002759 0.003627 0.014054
v -0.022017 -0.003319 0.007981
v -0.020619 -0.005890 -0.012710
v -0.004256 0.002547 0.001451
v -0.025303 -0.009258 0.011306
v -0.023782 -0.012907 0.024183
v -0.024942 -0.009628 0.010391
v -0.020970 -0.002625 -0.029533
v -0.024413 -0.012007 0.027679
v -0.019209 0.002264 -0.020260
v -0.020248 -0.010934 0.012004
v -0.019712 0.000142 -0.023163
v -0.020376 -0.010992 0.010974
v -0.020212 -0.011052 0.012592
v -0.019776 0.000276 -0.023206
v -0.014707 0.004734 0.029029
v -0.014795 0.004790 0.028071
v -0.003703 0.003503 0.004236
v -0.002573 0.003821 0.016704
v -0.019910 -0.006462 -0.015185
v -0.022600 0.002759 -0.046073
v -0.020621 -0.012160 0.001164
v -0.025117 0.002147 -0.033171
v -0.002545 0.003806 0.016845
v -0.021397 0.002906 -0.046408
v -0.022931 -0.012490 0.017894
v -0.025159 0.002154 -0.033281
v 0.005011 0.004283 0.047151
v -0.003111 0.004013 0.009821
v -0.021366 0.002257 -0.023035
v -0.000901 0.010310 0.023907
v -0.017734 0.001002 0.009038
v -0.019276 -0.011974 0.002345
v -0.025258 0.002055 -0.033658
v 0.004743 0.008605 0.036592
v -0.004489 0.000992 -0.000659
v -0.000960 0.010070 0.023487
v -0.020527 0.000645 -0.022934
v -0.002688 0.003704 0.014742
v -0.002539 -0.003678 -0.024609
v -0.020998 -0.011290 0.004371
v -0.023930 -0.011218 0.014688
v -0.014836 0.004767 0.027811
v -0.006756 -0.003576 -0.018655
v -0.018911 -0.010527 0.008002
v -0.014944 0.005710 0.031808
v -0.019214 0.002181 -0.020282
v -0.019848 -0.000375 -0.023041
v -0.017744 -0.005236 0.008214
v -0.023040 -0.011674 0.015104
v -0.019864 -0.011553 0.005382
v -0.026898 0.002544 -0.041961
v -0.022459 -0.000789 -0.029886
v -0.017693 0.000851 0.009048
v -0.024414 -0.012149 0.027561
v -0.025941 0.000790 -0.040600
v -0.019749 -0.011172 0.007036
v -0.014670 0.004567 0.029991
v -0.023599 -0.013084 0.022571
v -0.017111 0.003368 0.013946
v -0.025878 0.000944 -0.041293
v -0.020648 -0.000280 -0.033379
v -0.020927 -0.003054 -0.029442
v -0.020235 -0.006262 -0.014268
v -0.019836 -0.000566 -0.022839
v -0.015469 0.004361 0.019502
v -0.024098 -0.011142 0.014694
v -0.021777 0.000233 -0.033263
v -0.018454 0.002946 0.008948
v -0.015651 0.004918 0.024725
v -0.025849 0.000626 -0.040474
v -0.023785 -0.012992 0.023790
v -0.026720 0.002467 -0.040812
v -0.022590 -0.000009 -0.033122
v -0.017572 0.008400 0.010305
v -0.025344 -0.009327 0.011858
v -0.022536 0.002943 -0.046415
v -0.023308 -0.005260 0.016920
v -0.020456 -0.011050 0.011388
v -0.015309 0.005084 0.023105
v -0.020138 -0.008657 0.017326
v -0.020236 -0.006222 -0.014367
v -0.021315 -0.001133 -0.028742
v -0.018034 0.008041 0.010310
v -0.020907 -0.011490 0.013867
v -0.020201 -0.008767 0.015752
v -0.014948 0.005911 0.031350
v -0.019895 -0.011183 0.005154
v -0.021389 0.002198 -0.023041
v -0.026512 0.001600 -0.041788
v -0.022244 -0.000369 -0.028164
v -0.024344 -0.012285 0.027430
v -0.020664 -0.000344 -0.033298
v -0.022798 -0.011509 0.016178
v -0.019912 -0.011588 0.005359
v -0.017721 0.004653 0.014961
v -0.021604 -0.007525 -0.008269
v -0.019809 -0.010758 0.009118
v -0.020644 0.000831 -0.022978
v -0.022317 -0.000415 -0.028674
v -0.025932 0.000797 -0.041650
v -0.020312 -0.008793 0.016026
v -0.020331 -0.006246 -0.014132
v -0.020259 -0.008720 0.016181
v -0.023564 -0.013083 0.021921
v -0.024005 0.002946 -0.046112
v -0.022335 -0.000362 -0.028510
v -0.021330 -0.001195 -0.028658
v -0.020219 -0.008832 0.015686
v -0.019891 -0.011495 0.006969
v -0.021299 -0.001096 -0.028887
v -0.025356 -0.009850 0.012328
v -0.022717 -0.011708 0.016331
v -0.017224 0.003703 0.014122
v -0.020475 -0.010455 0.014603
v -0.021652 -0.007645 -0.007955
v -0.017091 0.003322 0.013923
v -0.018197 -0.008596 0.012334
v -0.020686 0.006241 -0.020988
v -0.026719 0.002444 -0.041104
v -0.022847 -0.011438 0.015268
v -0.020703 -0.000193 -0.033286
v -0.020316 -0.008207 0.015350
v -0.017147 0.003963 0.013853
v -0.026926 0.002643 -0.041724
v -0.025891 0.000704 -0.040625
v -0.015032 0.004967 0.026708
v -0.023206 -0.005247 0.016927
v -0.014869 0.004770 0.025783
v -0.021219 -0.011965 0.003920
v -0.019517 -0.012036 0.002127
v -0.016365 0.007513 0.016897
v -0.025884 0.000924 -0.041315
v -0.014868 0.006954 0.021978
v -0.020002 -0.006669 0.015462
v -0.020357 -0.012142 0.001405
v -0.025955 0.000647 -0.041954
v -0.025154 -0.009222 0.010904
v -0.019789 -0.011294 0.006405
v -0.018023 0.000663 0.009489
v -0.021449 0.002308 -0.023082
v -0.023528 -0.013053 0.021594
v -0.019726 -0.012135 0.001895
v -0.021457 -0.000813 -0.029988
v -0.017770 0.004632 0.014836
v -0.024849 0.001961 -0.032283
v -0.019866 -0.011485 0.007138
v -0.021970 -0.008813 -0.004767
v -0.015016 0.006417 0.031839
v -0.020206 -0.008768 0.015753
v -0.020327 -0.011046 0.012334
v -0.024289 -0.005601 0.016537
v -0.021290 -0.011969 0.003775
v -0.023703 -0.013004 0.023764
v -0.025167 -0.009183 0.010739
v -0.019166 0.005784 0.010014
v -0.020977 -0.000025 -0.033289
v -0.022850 -0.011403 0.014969
v -0.021465 0.002427 -0.023015
v -0.019175 0.005685 0.010093
v -0.020315 -0.006683 -0.014340
v -0.022616 0.002961 -0.046428
v -0.020877 -0.011268 0.014371
v -0.014901 0.004811 0.027773
v -0.020304 -0.011222 0.013144
v -0.018743 0.009527 -0.013867
v -0.020064 -0.009686 0.014737
v -0.020370 -0.011193 0.013253
v -0.020194 -0.008625 0.017178
v -0.021364 -0.010378 0.016745
v -0.025904 0.000888 -0.041480
v -0.026590 0.002498 -0.040074
v -0.021238 -0.011357 0.003752
v -0.022090 -0.011249 0.000689
v -0.019129 0.005957 0.010087
v -0.022898 0.002682 -0.026516
v -0.025110 -0.001020 -0.041809
v -0.021073 -0.006438 -0.011651
v -0.016521 0.002314 0.013082
v -0.019927 -0.006968 0.015421
v -0.019906 -0.009210 0.014907
v -0.018137 0.007968 0.010328
v -0.022655 -0.011266 0.000499
v -0.025114 -0.000847 -0.041623
v -0.020794 -0.011460 0.013503
v -0.022680 -0.011222 0.000397
v -0.020644 0.002418 0.006025
v -0.022068 -0.011626 0.010892
v -0.024063 0.002191 -0.032348
v -0.020962 -0.007992 0.016759
v -0.020731 0.000972 0.004985
v -0.020751 0.000828 0.004913
v -0.019800 -0.011314 0.006376
v -0.025341 -0.000475 -0.042236
v -0.020979 0.000847 0.005312
v -0.025158 -0.000507 -0.040644
v -0.017166 0.004037 0.013965
v -0.019689 -0.010984 0.007079
v -0.022722 -0.011921 0.016532
v -0.021034 0.000509 0.005237
v -0.020296 -0.008590 0.017223
v -0.024510 -0.012751 0.027125
v -0.018074 0.000761 0.009496
v -0.021268 -0.011334 0.003275
v -0.024188 0.002102 -0.029942
v -0.023749 -0.013002 0.023626
v -0.025570 0.000141 -0.042340
v -0.023716 0.002233 -0.028547
v -0.017253 0.000121 0.008865
v -0.020370 -0.008715 0.016200
v -0.021467 -0.011542 0.002864
v -0.022686 -0.011880 0.016521
v -0.015035 0.006022 0.031413
v -0.020002 -0.011562 0.006898
v -0.019951 -0.009363 0.014839
v -0.020374 -0.008810 0.016120
v -0.018873 0.003972 0.009287
v -0.020630 0.002646 0.005951
v -0.021708 0.002897 -0.046363
v -0.020574 -0.011296 0.012388
v -0.025800 0.002230 -0.035818
v -0.025147 -0.009394 0.011037
v -0.024508 0.001487 -0.032390
v -0.026907 0.002616 -0.040077
v -0.020469 -0.008456 0.017165
v -0.021612 -0.011685 0.002769
v -0.020612 -0.008559 0.017269
v -0.025208 -0.000440 -0.040533
v -0.020445 -0.008252 0.016859
v -0.017947 0.008100 0.013688
v -0.019739 -0.006214 0.015344
v -0.019016 0.004794 0.009716
v -0.020811 -0.011421 0.013674
v -0.021248 -0.011291 0.003470
v -0.025996 0.000237 -0.040945
v -0.025188 -0.009630 0.011233
v -0.020296 -0.008598 0.017289
v -0.025556 -0.000348 -0.040775
v -0.021897 -0.003871 0.012592
v -0.021010 -0.000159 -0.033223
v -0.025574 -0.000351 -0.040623
v -0.024919 0.001986 -0.032436
v -0.023660 -0.013062 0.023111
v -0.025839 0.000456 -0.040357
v -0.014712 0.004775 0.030159
v -0.020533 -0.011145 0.011745
v -0.020025 -0.011359 0.006299
v -0.020132 -0.011248 0.004698
v -0.024054 -0.012751 0.026078
v -0.016555 0.002349 0.013306
v -0.022474 0.002746 -0.046113
v -0.021760 0.003063 -0.046582
v -0.022136 -0.011546 0.001224
v -0.023247 -0.012977 0.019527
v -0.015019 0.004951 0.026449
v -0.020535 0.000953 -0.023083
v -0.015921 0.008367 0.016535
v -0.026900 0.002604 -0.039981
v -0.021999 -0.004736 0.015617
v -0.019857 -0.010743 0.009215
v -0.020698 -0.011463 0.013218
v -0.020523 -0.008788 0.016979
v -0.020546 -0.011162 0.012003
v -0.018812 0.007219 0.010249
v -0.025008 -0.010426 0.014475
v -0.020415 -0.008204 0.016749
v -0.020595 -0.011277 0.012632
v -0.019989 -0.008674 0.016681
v -0.022403 0.002756 -0.025302
v -0.018897 0.007013 0.010260
v -0.024072 0.002347 -0.030007
v -0.023424 -0.000322 -0.033152
v -0.025558 -0.000456 -0.040347
v -0.019892 -0.005942 0.015298
v -0.019805 -0.012140 0.001823
v -0.021371 -0.011986 0.003717
v -0.017675 0.008333 0.010321
v -0.022030 -0.008850 -0.004554
v -0.020641 -0.011329 0.013068
v -0.021304 -0.011318 0.003389
v -0.020582 -0.008659 0.017195
v -0.024043 0.002179 -0.029461
v -0.021401 -0.011849 0.003359
v -0.020578 -0.008954 0.017199
v -0.020300 -0.010236 0.017383
v -0.023168 -0.013014 0.018786
v -0.025412 0.002149 -0.034220
v -0.020815 0.006327 -0.021030
v -0.017242 0.003808 0.014166
v -0.019062 0.005090 0.009816
v -0.020063 -0.011394 0.005967
v -0.020027 -0.011358 0.006140
v -0.024297 -0.012508 0.027145
v -0.023407 0.002225 -0.027709
v -0.021655 -0.011701 0.002392
v -0.020350 -0.008691 0.017174
v -0.021364 -0.011455 0.003322
v -0.020415 -0.010295 0.014631
v -0.021386 -0.011968 0.003525
v -0.021571 -0.011971 0.003296
v -0.022258 -0.009989 -0.001172
v -0.019049 0.004898 0.009728
v -0.022332 -0.007104 -0.008789
v -0.020453 -0.008543 0.017230
v -0.020625 -0.008445 0.016990
v -0.023048 -0.003836 0.006411
v -0.019096 0.005429 0.009955
v -0.021259 -0.005844 0.017449
v -0.024066 -0.012753 0.025982
v -0.021706 -0.001823 0.004672
v -0.024074 0.002184 -0.032317
v -0.020615 -0.009162 0.017173
v -0.020150 -0.008736 0.017282
v -0.020805 -0.009549 0.017045
v -0.020522 -0.008723 0.017244
v -0.020547 -0.011401 0.014361
v -0.025804 0.002225 -0.035851
v -0.020548 -0.008619 0.017122
v -0.018843 0.009445 -0.013863
v -0.020119 -0.008687 0.017075
v -0.021642 -0.011801 0.002151
v -0.020581 -0.009054 0.017213
v -0.019888 -0.002870 0.007613
v -0.020337 -0.008721 0.017266
v -0.023642 -0.000497 -0.045285
v -0.020528 -0.008714 0.016644
v -0.022256 -0.005279 0.017115
v -0.019907 -0.008660 0.016559
v -0.020330 -0.010192 0.014654
v -0.025038 -0.009207 0.010596
v -0.023136 -0.012862 0.019423
v -0.021349 -0.010969 0.014639
v -0.020469 -0.008730 0.017097
v -0.024363 -0.004536 0.008333
v -0.025458 0.002173 -0.034378
v -0.025237 -0.001040 -0.040811
v -0.016911 0.009213 0.007045
v -0.022203 -0.010995 0.000535
v -0.023701 0.002896 -0.046214
v -0.025105 -0.010319 0.014461
v -0.020391 -0.008726 0.016623
v 0.003706 0.009785 0.024194
v -0.017228 0.004041 0.014124
v -0.020889 -0.009710 0.017004
v 0.003691 0.009815 0.024060
v -0.024917 -0.000727 -0.040929
v -0.026346 0.002477 -0.042094
v -0.016456 0.007415 0.016908
v -0.024084 -0.005700 0.015322
v -0.020341 -0.011746 0.005927
v -0.025818 0.002190 -0.035858
v -0.025729 0.002231 -0.035405
v -0.024216 -0.005786 0.015285
v -0.022244 -0.001836 -0.032857
v -0.025691 0.002172 -0.035382
v -0.023005 0.000529 -0.009351
v -0.023235 -0.004849 -0.009020
v -0.015315 0.007290 0.030363
v -0.026556 0.002490 -0.041679
v -0.024045 0.002329 -0.029890
v -0.024766 0.002201 -0.032433
v -0.021712 -0.000523 -0.028791
v -0.025169 -0.009596 0.011105
v -0.020379 -0.011778 0.006116
v -0.019794 -0.011112 0.011589
v 0.004891 0.008850 0.039247
v -0.019832 -0.010600 0.009306
v -0.023456 -0.013104 0.020013
v -0.021649 -0.001622 0.004600
v -0.023886 0.002212 -0.029035
v -0.024219 0.002153 -0.030015
v -0.023733 0.002389 -0.028929
v -0.025297 -0.000564 -0.042142
v -0.024912 -0.000741 -0.040863
v -0.026705 0.006143 -0.034120
v -0.024988 -0.000658 -0.040797
v -0.020753 -0.008341 0.016730
v -0.020807 0.000466 0.004865
v -0.021056 -0.006319 -0.011803
v -0.023392 0.002456 -0.027968
v -0.025865 -0.000018 -0.040700
v -0.023357 -0.011426 0.014761
v -0.023275 -0.012985 0.020479
v -0.021828 -0.011334 0.009150
v -0.018787 0.006126 0.013313
v -0.019981 -0.010759 0.009558
v -0.021776 -0.000462 -0.028628
v -0.025723 0.000023 -0.040278
v -0.022718 -0.012361 0.016270
v -0.024207 -0.012552 0.027023
v -0.021523 -0.005646 0.017380
v -0.025374 -0.000571 -0.040853
v -0.019925 -0.010646 0.009628
v -0.023405 0.002696 -0.045789
v -0.025818 0.000275 -0.041803
v -0.022734 -0.012507 0.016412
v -0.026605 0.002460 -0.041532
v -0.023450 -0.013038 0.021053
v 0.004889 0.008785 0.039020
v -0.002576 -0.003449 -0.024285
v -0.024570 0.002174 -0.032353
v -0.025800 0.000396 -0.041617
v -0.024084 -0.013103 0.024607
v -0.026469 0.002472 -0.041817
v -0.024541 0.002303 -0.031218
v -0.021092 -0.005975 0.017517
v -0.022372 -0.011058 0.015088
v -0.023109 -0.003908 0.006564
v -0.025521 -0.000338 -0.040483
v -0.025887 0.002157 -0.036054
v -0.022687 -0.005202 0.017020
v -0.024568 0.002230 -0.032318
v -0.020807 -0.007917 0.016069
v -0.020602 -0.006948 0.017465
v -0.024934 -0.000792 -0.041194
v -0.022796 -0.010933 -0.000130
v -0.022871 -0.009931 -0.002037
v -0.025479 -0.000643 -0.040408
v -0.025491 -0.000060 -0.042390
v -0.024415 0.002183 -0.030841
v -0.023366 -0.012972 0.020568
v -0.024219 0.002125 -0.029998
v -0.019741 -0.011098 0.011406
v -0.026547 0.002458 -0.039956
v -0.025444 -0.000366 -0.042244
v -0.024283 0.002141 -0.030213
v -0.025305 -0.000410 -0.040498
v -0.025342 -0.000853 -0.040396
v -0.023893 0.002180 -0.029039
v -0.024457 0.001338 -0.032463
v -0.025607 -0.000149 -0.040770
v -0.026072 0.002239 -0.036789
v -0.023235 0.002499 -0.027608
v -0.020846 -0.007959 0.016251
v -0.024912 -0.000771 -0.041059
v -0.020824 -0.007919 0.016140
v -0.020746 0.001944 0.005779
v 0.004995 0.008778 0.040319
v -0.023898 0.002105 -0.029141
v -0.018953 0.006841 0.010196
v -0.021396 -0.001109 0.004608
v -0.024322 0.001108 -0.032553
v -0.023648 0.002123 -0.028464
v -0.026124 0.002215 -0.036897
v -0.020716 0.001735 0.005407
v -0.021837 -0.011338 0.009324
v -0.025201 -0.001035 -0.040974
v -0.021343 -0.001008 0.004603
v -0.026080 0.002226 -0.036809
v -0.023967 0.002154 -0.032442
v -0.019061 0.006420 0.010149
v -0.021432 -0.010502 0.016711
v -0.021109 0.000193 0.005152
v -0.020718 -0.008462 0.017282
v -0.020681 -0.006694 0.017454
v -0.019584 0.006064 0.007718
v -0.019877 0.005370 0.007597
v -0.020728 -0.008501 0.017202
v -0.023198 0.002536 -0.027446
v -0.025189 -0.001110 -0.041097
v -0.023163 0.002502 -0.027323
v -0.023773 0.002411 -0.029070
v -0.023531 0.002390 -0.028381
v -0.022181 -0.011556 0.010798
v -0.022885 -0.009839 -0.002245
v -0.020732 0.001328 0.005124
v -0.019117 0.006246 0.010100
v -0.023481 0.002212 -0.027931
v -0.023231 0.002516 -0.027581
v -0.025176 -0.000804 -0.041852
v -0.023506 0.002430 -0.028330
v -0.022840 -0.010757 -0.000460
v -0.022912 0.002598 -0.026625
v -0.020858 0.000299 0.004787
v -0.023453 0.002477 -0.028113
v -0.023942 -0.009914 0.008281
v -0.025026 -0.000587 -0.040678
v 0.004054 0.009924 0.027281
v 0.004056 0.009881 0.027497
v 0.004908 0.008783 0.039152
v -0.002559 -0.003399 -0.024366
v -0.016826 -0.005938 0.007476
v -0.016997 -0.007060 0.006724
v -0.012145 0.001756 0.047142
v -0.012165 0.002779 0.044739
v -0.019034 -0.006931 -0.016737
v -0.017632 -0.010411 0.005061
v -0.014355 0.002820 0.020808
v -0.009369 0.001038 0.043359
v -0.012137 0.002699 0.044588
v -0.016320 0.012171 -0.017786
v -0.017554 -0.010352 0.005726
v -0.009738 0.001827 0.037795
v -0.018426 -0.000787 -0.020536
v -0.017355 -0.009309 0.005811
v -0.009155 0.007283 0.034799
v -0.017032 -0.006520 0.006633
v -0.016967 -0.007163 0.006689
v -0.012913 -0.001714 0.007827
v -0.010348 0.003802 0.027231
v -0.012172 0.001788 0.046968
v -0.012018 0.001633 0.047338
v -0.012344 0.001189 0.046331
v -0.008950 0.002348 0.045292
v -0.015894 0.018650 -0.028135
v -0.016941 -0.007017 0.006630
v -0.017388 -0.009429 0.005784
v -0.009995 0.003697 0.031095
v -0.012260 0.003048 0.044469
v -0.011758 0.001265 0.048300
v -0.009367 0.001022 0.043183
v -0.015837 -0.004274 -0.021118
v -0.016605 -0.006721 0.007498
v -0.018504 -0.000641 -0.020567
v -0.016903 -0.007968 0.006867
v -0.009252 0.000998 0.043759
v -0.012249 0.003102 0.044307
v -0.017027 -0.006792 0.006677
v -0.013312 0.003654 0.037168
v -0.008992 0.006963 0.035682
v -0.016592 -0.006988 0.007442
v -0.009016 0.002215 0.044563
v -0.015931 0.012646 -0.017914
v -0.008999 0.002181 0.045230
v -0.011910 0.001469 0.047941
v -0.008307 0.005192 0.045429
v -0.009627 0.001609 0.038563
v -0.009078 0.007015 0.035585
v -0.010181 0.003726 0.028633
v -0.016191 0.013016 -0.018062
v -0.009063 0.007096 0.034518
v -0.011770 0.000498 0.048316
v -0.009118 0.007188 0.034681
v -0.017572 -0.009581 0.005971
v -0.015850 0.001454 0.012692
v -0.009687 0.003045 0.035375
v -0.010245 0.003592 0.027117
v -0.013694 0.003911 0.020375
v -0.012775 0.004155 0.032778
v -0.019758 -0.004829 -0.032275
v -0.009094 0.006862 0.035673
v -0.010084 0.003663 0.029594
v -0.015829 0.001354 0.012540
v -0.010259 0.003596 0.026948
v -0.016321 0.012041 -0.017627
v -0.012225 0.002875 0.044415
v -0.009618 0.001562 0.038720
v -0.009671 0.003025 0.035568
v -0.009232 0.000265 0.045046
v -0.008825 0.002485 0.044854
v -0.017478 -0.011088 0.003470
v -0.008605 -0.001251 0.054163
v -0.018886 0.000449 -0.020414
v -0.011927 0.001773 0.046235
v -0.012347 0.001148 0.046309
v -0.020376 -0.003952 -0.030103
v -0.013769 0.011159 0.015117
v -0.014860 0.000973 0.011993
v -0.010093 0.003649 0.029374
v -0.015783 0.018688 -0.028131
v -0.010161 0.003701 0.028733
v -0.009563 0.004167 0.034710
v -0.020361 -0.001665 -0.033556
v -0.013075 0.006726 0.034029
v -0.010088 0.003563 0.028607
v -0.020368 -0.001583 -0.033645
v -0.017052 -0.008262 0.007219
v -0.010197 0.003586 0.027674
v -0.011842 0.007658 0.035888
v -0.015720 -0.000808 0.008496
v -0.019077 -0.002362 -0.033662
v -0.008555 0.001755 0.043396
v -0.017057 -0.006517 -0.032824
v -0.010202 0.003581 0.027550
v -0.008519 0.007184 0.041029
v -0.009680 0.003008 0.035017
v -0.011687 0.001118 0.048705
v -0.008992 0.008736 0.026211
v -0.017419 -0.010247 0.005151
v -0.015758 -0.000751 0.008605
v -0.016214 0.012973 -0.018041
v -0.010075 0.003555 0.028708
v -0.009994 0.003532 0.029837
v -0.016028 -0.008039 -0.018747
v -0.012409 0.009757 0.020960
v -0.008717 0.000892 0.043034
v -0.009342 0.001840 0.039752
v -0.009919 0.003535 0.031149
v -0.008990 0.007122 0.034953
v -0.008921 0.006857 0.035738
v -0.020350 -0.001831 -0.033630
v -0.009324 0.001787 0.039929
v -0.013084 0.006050 0.035668
v -0.020472 -0.003718 -0.029698
v -0.009058 0.001381 0.043312
v -0.008956 0.008942 0.026107
v -0.009034 0.007036 0.034676
v -0.009715 0.005907 0.022708
v -0.008951 0.002170 0.044463
v -0.013452 0.003736 0.036795
v -0.010251 0.003602 0.027246
v -0.010047 0.003547 0.029129
v -0.010123 0.003567 0.028262
v -0.020321 -0.003685 -0.030032
v -0.010060 0.003558 0.029020
v -0.019148 -0.002311 -0.033794
v -0.016647 -0.006614 0.007512
v -0.009078 0.001416 0.043152
v -0.020257 -0.003758 -0.029475
v -0.017340 -0.009304 0.005805
v -0.011948 0.001813 0.046519
v -0.020422 -0.003749 -0.029501
v -0.009740 0.005827 0.022783
v -0.020257 -0.003922 -0.029324
v -0.009352 0.002847 0.036613
v -0.013132 0.007833 0.033981
v -0.017106 -0.004014 0.006956
v -0.015338 -0.000920 0.008450
v -0.009649 0.005999 0.022502
v -0.008525 0.001585 0.043552
v -0.015145 -0.000984 0.008412
v -0.018948 -0.006953 -0.016802
v -0.008423 -0.001264 0.054261
v -0.011266 0.000691 0.049718
v -0.019617 -0.002248 -0.033687
v -0.010442 0.005078 0.020328
v -0.014681 0.004139 0.020150
v -0.014772 0.004197 0.020097
v -0.008764 0.004755 0.034666
v -0.009152 0.001149 0.042952
v -0.008577 0.008351 0.031210
v -0.010490 0.005032 0.020337
v -0.017717 -0.007675 0.008008
v -0.016477 -0.006659 -0.032390
v -0.011636 0.002288 0.045660
v -0.017100 -0.005588 0.006807
v -0.018592 -0.003897 -0.025129
v -0.008552 -0.001643 0.054269
v -0.019047 -0.002494 -0.033691
v -0.008431 0.006628 0.035775
v -0.008778 0.004677 0.034680
v -0.018916 -0.011873 0.002558
v -0.008911 0.002209 0.037927
v -0.009440 0.004690 0.032405
v -0.015974 0.012810 -0.018013
v -0.011095 0.003714 0.045895
v -0.008530 0.001364 0.043580
v -0.012425 0.004078 0.032729
v -0.017223 -0.007375 0.008875
v -0.011966 0.001705 0.046397
v -0.016632 -0.009364 0.005791
v -0.018358 -0.000914 -0.020540
v -0.009073 0.002149 0.039257
v -0.018840 0.000314 -0.020382
v -0.012162 -0.001844 0.007383
v -0.008863 0.001923 0.038725
v -0.009095 0.000922 0.042676
v -0.008676 -0.001403 0.046523
v -0.008844 0.001926 0.038640
v -0.011710 0.001041 0.043256
v -0.009613 0.006051 0.022751
v -0.009345 0.004245 0.034674
v -0.019596 -0.006629 -0.015842
v -0.020469 -0.001267 -0.033714
v -0.015550 0.013127 -0.017836
v -0.010509 0.005029 0.020347
v -0.008904 0.000833 0.044959
v -0.019201 -0.002282 -0.033723
v -0.016012 0.012527 -0.017948
v -0.008928 0.000721 0.045009
v -0.013732 0.003681 0.035577
v -0.013346 0.003683 0.037047
v -0.017730 -0.007798 0.007993
v -0.017283 -0.007810 0.008892
v -0.008455 0.001358 0.043725
v -0.017847 -0.009856 0.005722
v -0.008377 0.006789 0.035725
v -0.017391 -0.011032 0.003623
v -0.020498 -0.000969 -0.033322
v -0.011626 0.001500 0.043648
v -0.018748 -0.003736 -0.025045
v -0.008465 0.001550 0.043524
v -0.008832 0.008428 0.033357
v -0.009631 0.005998 0.022342
v -0.016091 -0.006177 0.006424
v -0.008602 0.004906 0.034720
v -0.019600 -0.006643 -0.015791
v -0.018141 -0.010844 0.004877
v -0.009048 0.007081 0.026846
v -0.012891 0.002829 0.039783
v -0.009983 0.005682 0.022779
v -0.008742 0.001275 0.044482
v -0.008444 0.001291 0.043868
v -0.012174 0.003938 0.032609
v -0.020500 -0.003702 -0.029928
v -0.018076 -0.010720 0.004925
v -0.011504 0.000929 0.049187
v -0.019250 -0.006798 -0.016338
v -0.008400 0.001214 0.044282
v -0.017198 -0.010895 0.003765
v -0.008431 0.001406 0.043733
v -0.009331 0.002815 0.036698
v -0.016989 -0.010770 0.003924
v -0.011960 0.000741 0.011087
v -0.008586 0.007366 0.035049
v -0.012052 -0.001890 0.007314
v -0.017991 -0.009450 0.007122
v -0.008425 0.001291 0.043863
v -0.019029 0.001301 -0.020253
v -0.008441 0.001323 0.043878
v -0.013186 0.006612 0.034027
v -0.020047 -0.003728 -0.030026
v -0.012689 0.007014 0.034003
v -0.018576 -0.004326 -0.025233
v -0.009036 0.001095 0.042938
v -0.009618 0.005950 0.022763
v -0.009006 0.002144 0.039322
v -0.017342 -0.007988 0.008770
v -0.009047 0.007053 0.026951
v -0.008456 0.001028 0.043031
v -0.020044 -0.004252 -0.029688
v -0.018679 -0.003778 -0.025101
v -0.009446 0.002855 0.035421
v -0.008489 0.001273 0.043359
v -0.018485 -0.010364 0.005721
v -0.009048 0.007078 0.026839
v -0.016029 -0.007013 0.005648
v -0.008609 0.002069 0.045220
v -0.008422 0.001323 0.043872
v -0.011349 0.000784 0.049408
v -0.007775 0.005577 0.042361
v -0.008795 0.001973 0.044297
v -0.008696 0.001507 0.044545
v -0.009926 0.005700 0.022809
v -0.018701 -0.000090 -0.020292
v -0.008989 0.006444 0.028536
v -0.015994 -0.006815 0.005704
v -0.015409 -0.008223 -0.018878
v -0.009189 0.007608 0.023224
v -0.008436 -0.001658 0.054324
v -0.019738 -0.002591 -0.025366
v -0.013907 0.004203 0.032904
v -0.008769 0.006221 0.031425
v -0.008971 0.006422 0.028749
v -0.019073 0.003277 -0.046685
v -0.009403 0.002806 0.035564
v -0.008435 0.001361 0.043717
v -0.008309 0.001643 0.043019
v -0.016488 -0.000399 0.008682
v -0.016311 0.003881 -0.046966
v -0.009102 0.004373 0.034651
v -0.020009 -0.004161 -0.029651
v -0.008742 0.006183 0.031664
v -0.012331 0.002765 0.046335
v -0.008930 0.007212 0.026425
v -0.016208 -0.005770 -0.032271
v -0.008837 0.000950 0.044946
v -0.008370 0.001354 0.044301
v -0.011550 0.000962 0.049039
v -0.018093 -0.010774 0.004902
v -0.018489 -0.007203 -0.017329
v -0.016067 -0.007225 0.005571
v -0.008089 0.001449 0.044920
v -0.020470 -0.000858 -0.033647
v -0.009275 0.002720 0.037197
v -0.015968 -0.006649 0.005746
v -0.008652 0.006105 0.032309
v -0.008601 0.005959 0.032601
v -0.009750 0.006435 0.019905
v -0.018530 -0.010404 0.005683
v -0.008916 0.001964 0.039969
v -0.015775 -0.005638 0.006153
v -0.016847 -0.006546 -0.032672
v -0.008932 0.007262 0.025982
v -0.016654 0.012407 -0.017825
v -0.008751 0.001711 0.039331
v -0.014681 0.000917 0.012294
v -0.017783 -0.009776 0.005779
v -0.018444 -0.004029 -0.025140
v -0.017063 -0.005868 0.006699
v -0.015001 -0.004677 0.006508
v -0.013606 0.006017 0.033849
v -0.008796 0.001217 0.042313
v -0.008620 0.001542 0.040004
v -0.016570 -0.010139 0.004750
v -0.013555 0.003779 0.036496
v -0.016017 -0.007274 0.006263
v -0.012942 0.002849 0.039679
v -0.008935 0.001575 0.041560
v -0.020459 -0.000687 -0.033440
v -0.016477 0.012048 -0.017315
v -0.008382 0.001137 0.044361
v -0.008922 0.007269 0.026094
v -0.007610 0.004953 0.044892
v -0.017386 -0.008008 0.008933
v -0.008900 0.006355 0.029626
v -0.016430 -0.005548 -0.032580
v -0.016583 -0.010331 0.004849
v -0.017995 -0.010630 0.004988
v -0.008954 0.006402 0.028964
v -0.011388 0.000790 0.011033
v -0.008462 -0.001229 0.054282
v -0.010930 0.003996 0.045866
v -0.020262 -0.004109 -0.029967
v -0.017031 -0.006256 0.006633
v -0.008145 -0.001125 0.054916
v -0.008708 0.001642 0.039658
v -0.013499 0.003863 0.020404
v -0.013833 0.003506 0.035601
v -0.008229 0.000580 0.044774
v -0.018085 -0.010701 0.004949
v -0.009854 0.005470 0.020294
v -0.016054 -0.005830 -0.032271
v -0.015883 -0.006205 0.005893
v -0.017708 -0.006873 0.008110
v -0.008295 0.001595 0.042912
v -0.008751 0.001881 0.044282
v -0.016265 -0.008798 0.005743
v -0.008588 0.001442 0.044422
v -0.015191 -0.008307 -0.018871
v -0.008898 0.006330 0.029537
v -0.016663 0.012241 -0.017648
v -0.009158 0.007541 0.023414
v -0.019974 -0.002091 -0.033690
v -0.008997 0.006651 0.027453
v -0.019225 -0.002344 -0.033665
v -0.017089 -0.005686 0.006781
v -0.012200 0.006601 0.040653
v -0.009016 0.006661 0.027557
v -0.014418 0.000901 0.011834
v -0.016573 -0.010063 0.004824
v -0.009364 0.004713 0.032311
v -0.016706 -0.000223 0.008777
v -0.008881 0.001919 0.040091
v -0.016289 -0.008877 0.005752
v -0.009141 -0.007654 -0.016753
v -0.010259 -0.007081 -0.030463
v -0.011161 0.000842 0.010995
v -0.017261 -0.007451 0.009039
v -0.008683 0.006093 0.031965
v -0.017652 -0.006712 0.008240
v -0.019580 -0.005877 -0.017283
v -0.008352 -0.001638 0.054392
v -0.007763 0.005383 0.042364
v -0.019097 -0.011920 0.002453
v -0.012021 -0.002341 0.007428
v -0.020529 -0.001087 -0.033761
v -0.002189 0.007687 0.037808
v -0.007812 0.005822 0.040407
v -0.013747 0.003728 0.035916
v -0.020430 0.003117 -0.046494
v -0.016122 -0.006761 -0.032187
v -0.013144 0.004368 0.035229
v -0.008897 0.001942 0.039844
v -0.019224 -0.007009 -0.016407
v -0.008988 0.007157 0.026586
v -0.015731 0.001332 0.012521
v -0.001835 0.008377 0.037199
v -0.008566 0.008445 0.032137
v -0.015104 0.019430 -0.029722
v -0.008266 -0.001097 0.054903
v -0.002016 0.013917 0.026396
v -0.008939 0.007289 0.025675
v -0.008854 0.006312 0.029968
v -0.008210 0.007178 0.032926
v -0.016881 -0.005783 0.007576
v -0.020525 -0.000559 -0.033376
v -0.016276 -0.000558 0.008592
v -0.010079 -0.006146 -0.030914
v -0.008659 0.006064 0.032169
v -0.008859 0.001460 0.043454
v -0.008883 0.006791 0.026392
v -0.018200 -0.007317 -0.017546
v -0.010084 -0.006454 -0.030866
v -0.007707 0.005654 0.041542
v -0.016556 -0.009306 0.005778
v -0.010721 0.004403 0.045808
v -0.008199 0.000620 0.044701
v -0.005552 0.002214 0.002547
v -0.010779 0.004278 0.045834
v -0.020451 -0.000750 -0.033587
v -0.010030 0.005587 0.022842
v -0.009002 0.007410 0.024633
v -0.010098 -0.006595 -0.030785
v -0.005270 0.003868 0.009484
v -0.008767 -0.000462 0.044887
v -0.017408 -0.008157 0.008889
v -0.019058 0.001404 -0.020305
v -0.020972 -0.003398 -0.033831
v -0.019057 0.003293 -0.046669
v -0.009063 0.007412 0.024078
v -0.016861 -0.010621 0.004074
v -0.018290 -0.010872 0.004849
v -0.011479 0.015835 -0.019181
v -0.012340 0.002648 0.046283
v -0.008916 0.006872 0.025815
v -0.008892 0.006827 0.025953
v -0.018219 -0.010847 0.005544
v -0.011006 0.003806 0.045848
v -0.018124 -0.007367 -0.017606
v -0.019989 -0.004049 -0.029804
v -0.011411 -0.000378 0.015268
v -0.002015 0.006811 0.041403
v -0.008238 0.005945 0.035007
v -0.012324 0.001143 0.046755
v -0.019988 -0.002116 -0.033621
v -0.009006 0.007377 0.024739
v -0.010086 -0.006002 -0.030896
v -0.001700 0.006932 0.040702
v -0.016603 -0.005389 -0.032747
v -0.009082 -0.007888 -0.016461
v -0.016431 -0.009077 0.004880
v -0.011926 -0.002371 0.007388
v -0.020051 -0.003753 -0.030044
v -0.020161 -0.003700 -0.029522
v -0.014394 0.004075 0.020235
v -0.008902 0.006822 0.026494
v -0.020704 -0.000811 -0.033335
v -0.001987 0.009318 0.037519
v -0.019048 -0.011890 0.002520
v -0.001873 0.014018 0.026194
v -0.001917 0.008798 0.036282
v -0.016500 -0.009255 0.004827
v -0.012322 0.003177 0.044224
v -0.016333 0.012043 -0.017170
v -0.009498 0.007620 0.022912
v -0.012598 0.007087 0.033991
v -0.011852 -0.001888 0.007181
v -0.008987 0.001602 0.041440
v -0.008246 0.000774 0.044771
v -0.013908 0.004378 0.032984
v -0.006756 0.001384 0.004875
v -0.015937 -0.005911 -0.032233
v -0.008614 0.008532 0.031237
v -0.007649 0.005708 0.041051
v -0.008301 0.001290 0.043025
v -0.018894 -0.002692 -0.033734
v -0.009298 0.004819 0.032312
v -0.002155 0.007675 0.037940
v -0.016083 -0.006608 0.006413
v -0.002278 0.007736 0.037749
v -0.011559 0.000776 0.011042
v -0.012986 0.004096 0.035165
v -0.010703 0.003648 0.029742
v -0.015017 -0.005085 -0.023362
v -0.020469 -0.000974 -0.033322
v -0.008565 -0.004516 -0.020882
v -0.008934 0.001155 0.042778
v -0.011100 0.004960 0.023049
v -0.013533 0.006197 0.033911
v -0.012944 0.000739 0.011431
v -0.007518 0.004885 0.044817
v -0.010453 0.000131 0.050540
v -0.009029 0.007374 0.024521
v -0.010489 -0.000234 0.051663
v -0.010095 -0.006267 -0.030867
v -0.001462 0.006706 0.041141
v -0.008288 0.006456 0.032746
v -0.007731 0.005975 0.040495
v -0.009381 -0.005294 -0.028158
v -0.012893 0.004230 0.021271
v -0.008856 0.001871 0.040272
v -0.008096 0.000599 0.044692
v -0.011219 0.000788 0.011036
v -0.006686 -0.002423 -0.001070
v -0.003434 0.005680 0.020268
v -0.002006 0.006790 0.041347
v -0.009298 0.004864 0.032338
v -0.018298 -0.004249 -0.025206
v -0.015945 -0.006764 0.005687
v -0.007463 0.004853 0.043780
v -0.008705 0.001110 0.043013
v -0.007833 0.005862 0.040474
v -0.010276 -0.005804 -0.030866
v -0.017625 -0.002296 -0.021236
v -0.008985 0.001583 0.041498
v -0.007805 0.006672 0.037378
v -0.011209 0.004227 0.023796
v -0.010658 0.004535 0.045818
v -0.011275 0.004495 0.023379
v -0.007804 0.006633 0.037442
v -0.010714 0.003667 0.029593
v -0.016003 -0.005889 -0.032107
v -0.002053 0.010010 0.035932
v -0.014705 -0.003137 -0.023715
v -0.011385 0.003669 0.033516
v -0.010057 -0.007141 -0.030370
v -0.008532 0.008349 0.032313
v -0.006628 -0.002997 -0.000905
v -0.009088 0.002213 0.039058
v -0.010830 -0.007794 -0.031199
v -0.009998 -0.007490 -0.031468
v -0.007804 0.006622 0.037416
v -0.010739 0.003589 0.029162
v -0.013786 0.000715 0.011960
v -0.010652 0.003652 0.030277
v -0.016175 -0.008332 0.005802
v -0.004867 0.004014 0.009359
v -0.010387 -0.005725 -0.030899
v -0.010639 -0.007757 -0.031490
v -0.008180 0.007046 0.032883
v -0.018683 0.003736 -0.047029
v -0.008901 0.004575 0.034581
v -0.004621 0.004136 0.009259
v -0.001653 0.006877 0.040813
v -0.008825 0.001776 0.040617
v -0.009144 0.002428 0.038284
v -0.009430 -0.007965 -0.016831
v -0.014666 -0.002856 -0.023802
v -0.019000 0.003301 -0.046681
v -0.007804 0.006649 0.037369
v -0.009039 0.007410 0.024302
v -0.007608 0.005745 0.041373
v -0.002411 0.007697 0.037428
v -0.004750 0.004082 0.009192
v -0.018556 0.003386 -0.046724
v -0.011169 0.003528 0.025471
v -0.010693 0.003657 0.029495
v -0.010047 -0.006742 -0.030785
v -0.009452 0.005358 -0.047751
v -0.007091 -0.002236 0.000100
v -0.011228 0.004844 0.021785
v -0.008762 0.001262 0.044620
v -0.012750 0.000735 0.011361
v -0.010708 0.003672 0.029614
v -0.008596 0.001101 0.044376
v -0.007826 0.005901 0.040502
v -0.005378 0.015423 -0.017573
v -0.018811 -0.002735 -0.033862
v -0.013575 -0.001517 0.008018
v -0.011482 0.001981 0.036335
v -0.012184 0.005012 0.023114
v -0.008433 0.005194 0.034784
v -0.001969 0.009298 0.036211
v -0.010039 -0.006782 -0.031185
v -0.009257 -0.007641 -0.016913
v -0.008129 0.001239 0.044845
v -0.001604 0.006827 0.040927
v -0.008671 0.001229 0.043190
v -0.008865 0.007281 0.022776
v -0.010364 -0.005792 -0.030830
v -0.009588 -0.007753 -0.017204
v -0.006640 -0.002392 -0.001209
v -0.017427 0.003649 -0.046829
v -0.010862 0.003794 0.027630
v -0.011154 0.003501 0.025628
v -0.011238 0.004865 0.021571
v -0.007615 0.005807 0.041167
v -0.015980 -0.007465 0.006157
v -0.007463 0.005289 0.043910
v -0.010047 -0.007143 -0.030526
v -0.010003 0.000161 0.045306
v -0.009348 0.006729 -0.048023
v -0.014807 -0.008467 -0.018890
v -0.006508 -0.002363 -0.001393
v -0.013474 0.019795 -0.030247
v -0.010644 0.003640 0.030434
v -0.007583 0.005762 0.039782
v -0.009643 0.007531 0.034768
v -0.010378 -0.000346 0.051842
v -0.010440 0.001729 0.047459
v -0.018813 -0.002896 -0.033840
v -0.003464 0.008622 0.024011
v -0.007452 -0.000259 0.044747
v -0.001901 0.009003 0.037473
v -0.011296 0.004638 0.023259
v -0.010875 -0.007929 -0.031624
v -0.001933 0.006661 0.041809
v -0.011205 0.004174 0.023942
v -0.016203 -0.008483 0.005746
v -0.007330 0.001927 0.042852
v -0.010969 -0.002553 0.006862
v -0.016584 -0.010448 0.004780
v -0.006429 0.004404 0.046492
v -0.014980 -0.006272 -0.031421
v -0.004599 0.004134 0.009179
v -0.006683 -0.003006 -0.000767
v -0.006393 -0.002318 -0.001156
v -0.015850 -0.005948 -0.032119
v -0.006656 0.005415 0.044082
v -0.010513 0.000024 0.050708
v -0.007234 0.005073 0.036606
v -0.011248 0.004010 0.024494
v -0.008384 0.006651 0.020026
v -0.001814 0.008525 0.035702
v -0.003458 0.005784 0.020324
v -0.011368 0.003622 0.033740
v -0.006514 0.003991 0.046433
v -0.011518 -0.001894 0.006977
v -0.007575 0.004961 0.034723
v -0.006461 -0.002363 -0.001538
v -0.007097 -0.002256 0.000074
v -0.010498 -0.000056 0.050913
v -0.015633 -0.006050 -0.031943
v -0.007209 0.004779 0.044553
v -0.007393 0.005442 0.043875
v -0.006491 0.005088 0.043844
v -0.008499 0.004001 0.034668
v -0.001213 0.005885 0.043175
v -0.014166 0.000825 0.012127
v -0.005154 0.003938 0.009434
v -0.001909 0.007550 0.033813
v -0.011056 -0.000131 0.045561
v -0.007270 0.005607 0.035247
v -0.010859 0.003788 0.027730
v -0.007682 0.006574 0.037406
v -0.007792 0.006001 0.035454
v -0.010584 0.003625 0.031063
v -0.009735 0.007091 0.035369
v -0.009175 -0.005301 -0.028211
v -0.018820 -0.002785 -0.033890
v -0.002341 0.010667 0.033859
v -0.007605 0.005661 0.041316
v -0.009298 -0.007912 -0.016716
v -0.001773 0.007485 0.033780
v -0.007421 0.005833 0.035051
v -0.010300 0.005185 -0.047606
v -0.003300 0.005481 0.020126
v -0.007590 0.005904 0.039403
v -0.005091 0.015424 -0.017653
v -0.006525 -0.002439 -0.001499
v -0.008517 0.005612 0.022847
v -0.009265 -0.004627 -0.023245
v -0.007329 0.006320 0.034786
v -0.001004 0.007453 0.026940
v -0.007352 -0.000195 0.044714
v -0.010538 -0.006004 -0.031215
v -0.013647 0.019815 -0.030136
v -0.011367 0.004505 0.023301
v -0.007426 -0.001132 0.054970
v -0.001915 0.007154 0.040086
v -0.017506 0.003638 -0.046828
v -0.007576 -0.007211 -0.004025
v -0.010784 0.003240 0.029505
v -0.008525 -0.007353 -0.016151
v -0.015612 -0.006088 -0.031789
v -0.006324 0.001704 0.003571
v -0.002842 0.003716 0.012497
v -0.009574 0.008729 0.033579
v -0.003065 0.004377 0.009078
v -0.007251 -0.002258 0.000528
v -0.011256 0.004283 0.023554
v -0.015791 -0.005993 -0.031944
v -0.010372 0.000203 0.050487
v -0.010865 -0.007934 -0.031498
v -0.001996 0.008928 0.037524
v -0.009077 -0.004899 -0.026300
v -0.014491 0.019599 -0.029860
v -0.011587 -0.002447 0.007239
v -0.010766 -0.007853 -0.031270
v -0.010477 0.004368 0.032414
v -0.001170 0.005765 0.043285
v -0.008213 0.006698 0.024417
v -0.002859 0.003825 0.011436
v -0.011382 0.004890 0.020318
v -0.003274 0.005323 0.020018
v -0.007965 0.001550 0.042831
v -0.018804 -0.003028 -0.033767
v -0.003044 0.003920 0.010272
v -0.011951 0.005235 0.023144
v -0.010586 0.003639 0.030961
v -0.001930 0.006742 0.041422
v -0.006432 -0.002316 -0.001031
v -0.007173 0.005795 0.035007
v -0.011992 0.005307 0.022406
v -0.003522 0.008700 0.024000
v -0.006802 0.005512 0.042433
v -0.011196 0.003488 0.025345
v -0.011503 -0.001982 0.006902
v -0.010979 0.001809 0.047171
v -0.007574 0.006054 0.039267
v -0.010233 -0.007157 -0.030340
v -0.010914 -0.007919 -0.031498
v -0.002194 0.007184 0.040526
v -0.007272 -0.001734 0.054604
v -0.007300 0.006464 0.034897
v -0.007779 -0.004725 -0.029745
v -0.010630 0.009145 0.021238
v -0.007164 -0.004504 -0.022609
v -0.015402 0.003966 -0.047102
v -0.005408 0.002347 0.002389
v -0.009243 -0.007980 -0.016612
v -0.007855 -0.004663 -0.030550
v -0.010555 -0.005605 -0.030875
v -0.009330 -0.007655 -0.017033
v -0.007531 0.004894 0.034658
v -0.011166 0.003871 0.025559
v -0.014752 -0.001086 0.008400
v -0.010156 0.001114 0.010589
v -0.018430 -0.003583 -0.033953
v -0.011259 0.004014 0.033278
v -0.002270 0.007351 0.040150
v -0.011398 0.004797 0.020345
v -0.009577 -0.007773 -0.017263
v -0.013000 0.014028 -0.012947
v -0.007775 -0.004688 -0.029891
v -0.015725 -0.006026 -0.032081
v -0.001209 0.007892 0.023928
v -0.011778 -0.001911 0.007091
v -0.010435 0.003639 0.033879
v -0.010412 0.003666 0.034133
v -0.020074 -0.005751 -0.039988
v -0.002295 0.007936 0.037437
v -0.008075 0.005860 0.032432
v -0.017470 -0.002494 -0.021366
v -0.018862 0.003713 -0.047007
v -0.007264 0.005321 0.042394
v -0.007816 -0.004653 -0.030299
v -0.009956 0.005141 0.045884
v -0.018823 0.003319 -0.046712
v -0.006786 0.005655 0.040369
v -0.008182 0.007121 0.028681
v -0.007208 0.004703 0.044516
v -0.010231 -0.005878 -0.030946
v -0.008396 -0.007315 -0.016029
v -0.011193 0.004061 0.024338
v -0.000840 0.010522 0.023750
v -0.006760 0.005434 0.042438
v -0.011284 0.004826 0.021456
v -0.001739 0.006026 0.039582
v -0.009242 0.005396 -0.047803
v -0.006738 0.005262 0.043578
v -0.001144 0.006094 0.042654
v -0.010822 0.003772 0.028087
v -0.012977 0.013632 -0.016660
v -0.009979 0.005009 0.045875
v -0.010368 0.005189 -0.047593
v -0.014798 -0.005056 -0.023452
v -0.010394 0.003822 0.034384
v -0.006654 0.003922 0.043946
v -0.008312 0.006854 0.022550
v -0.011975 0.005323 0.022648
v -0.009701 0.007040 0.035420
v -0.004522 0.004190 0.009209
v -0.002614 0.003760 0.015441
v -0.001907 0.009165 0.037482
v -0.004344 0.001036 -0.000396
v -0.007548 0.005958 0.039175
v -0.002296 0.010200 0.034671
v -0.011302 0.004867 0.021185
v -0.005209 0.015637 -0.019322
v -0.007728 0.001651 0.043048
v -0.003488 0.016078 -0.016987
v -0.007782 0.006107 0.035583
v -0.004475 0.000819 -0.001074
v -0.002365 0.007781 0.037560
v -0.007221 0.005947 0.041545
v -0.010620 -0.005854 -0.031249
v -0.007584 0.006088 0.039741
v -0.011348 0.004174 0.032543
v -0.015882 -0.006800 -0.031989
v -0.007149 0.006058 0.034797
v -0.007103 -0.002228 0.000348
v -0.005292 0.002421 0.002236
v -0.001549 0.007630 0.033900
v -0.004397 0.000828 -0.001196
v -0.003055 0.003940 0.010136
v -0.007575 0.005827 0.039578
v -0.005001 0.015504 -0.017613
v -0.002277 0.010723 0.034178
v -0.007847 -0.004622 -0.030688
v -0.007424 -0.001196 0.054479
v -0.002756 0.003604 0.013927
v -0.000970 0.004705 0.008340
v -0.002856 0.003803 0.011118
v -0.003027 0.003894 0.010545
v -0.011251 0.004815 0.022794
v -0.002246 0.010624 0.034382
v -0.010814 -0.007914 -0.031357
v -0.011237 0.004212 0.023718
v 0.000701 0.007616 0.035272
v -0.003119 0.003060 0.000938
v -0.000037 0.005133 0.008169
v 0.001648 0.005792 0.037427
v 0.001705 0.004450 0.041448
v -0.007828 -0.004692 -0.030158
v -0.000297 0.005078 0.008143
v -0.004679 -0.002852 -0.007574
v -0.017102 -0.002726 -0.021069
v -0.006556 -0.004402 -0.022588
v -0.011202 0.004110 0.024134
v 0.000859 0.003616 0.053573
v -0.010502 0.003653 0.033339
v -0.004644 -0.003252 -0.019094
v 0.001657 0.004492 0.041247
v 0.003511 0.010422 0.041444
v -0.010905 0.003355 0.028227
v 0.001596 0.006625 0.035855
v -0.007560 0.006028 0.039035
v -0.003302 0.002822 0.001417
v -0.000359 0.007959 0.023789
v -0.014955 0.019467 -0.029794
v -0.011686 0.001901 0.036532
v -0.003029 0.015478 -0.018070
v 0.001277 0.005882 0.038372
v -0.008202 0.007261 0.027943
v -0.008082 -0.006236 -0.040230
v -0.008204 0.006661 0.024533
v 0.001176 0.007280 0.028682
v -0.017354 -0.004160 -0.022115
v 0.002809 0.010982 0.040455
v -0.002613 0.016036 -0.017202
v -0.008184 0.007152 0.028539
v -0.014106 0.000755 0.012107
v 0.003613 0.010476 0.040058
v -0.011431 0.004884 0.020396
v -0.014344 0.013272 -0.014097
v 0.000655 0.007710 0.034890
v -0.006635 0.005257 0.043913
v -0.010675 0.003639 0.030163
v 0.001773 0.007154 0.036666
v -0.008517 0.007719 0.023843
v -0.008393 0.005906 0.022782
v 0.001869 0.007198 0.036630
v -0.005263 -0.001964 -0.012699
v -0.001259 0.010387 0.023983
v -0.005651 -0.002345 -0.015998
v -0.011257 -0.000000 0.045683
v -0.010475 0.003662 0.033144
v -0.007633 0.006525 0.037593
v -0.017411 -0.004070 -0.022090
v -0.014866 -0.006266 -0.031533
v -0.008048 0.006666 0.032668
v 0.003346 0.012055 0.034250
v -0.007474 0.005305 0.042432
v 0.001466 0.007381 0.033670
v -0.014968 -0.008452 -0.018874
v -0.010536 0.003875 0.032650
v 0.000740 0.007503 0.035653
v -0.008221 0.007300 0.027623
v 0.001599 0.001539 0.056687
v -0.007140 0.005947 0.034794
v 0.003142 0.011236 0.035900
v 0.001647 0.007206 0.033660
v 0.001457 0.007277 0.033635
v -0.009943 0.001187 0.010550
v 0.001651 0.007865 0.033803
v -0.005627 -0.002276 -0.015740
v -0.011256 0.003988 0.033384
v -0.008227 0.007326 0.027500
v -0.015753 -0.006824 -0.031927
v -0.009157 -0.005869 -0.043768
v -0.011202 0.003511 0.025177
v -0.003119 0.003051 0.000935
v -0.007151 0.005917 0.034815
v -0.003728 -0.002783 -0.018192
v -0.008248 0.007368 0.027153
v -0.011241 0.004216 0.032571
v -0.005786 -0.005524 -0.012433
v 0.001541 0.007934 0.033852
v -0.004696 -0.002898 -0.007699
v 0.001867 0.007207 0.036616
v -0.010711 0.003624 0.029876
v 0.000780 0.007649 0.026408
v 0.001247 0.006321 0.037287
v -0.008099 -0.006221 -0.040354
v -0.009590 0.008342 0.035377
v -0.008499 0.007686 0.023944
v -0.004826 -0.002812 -0.007091
v -0.006682 0.005138 0.043738
v -0.004757 -0.002839 -0.007385
v -0.000002 0.005182 0.008053
v -0.003741 -0.002839 -0.018343
v 0.001839 0.007299 0.035612
v -0.008339 0.006300 0.022655
v 0.003375 0.012119 0.033959
v 0.002046 0.002424 0.046867
v -0.009634 0.007304 0.034983
v -0.011143 0.005127 0.021636
v -0.009630 0.007358 0.034869
v 0.004105 0.009815 0.042348
v -0.010573 0.009014 0.021258
v -0.005409 -0.002270 -0.013704
v -0.007357 0.004466 0.034754
v 0.000720 0.007742 0.028905
v 0.000640 0.007702 0.034974
v -0.005688 -0.005406 -0.012303
v -0.010996 0.005128 0.022739
v 0.002619 0.007319 0.033524
v -0.010282 -0.000486 0.052283
v -0.005818 0.006323 -0.048311
v -0.013943 0.000704 0.012047
v 0.001711 0.004371 0.041632
v -0.006299 -0.005667 -0.032052
v -0.008364 0.007519 0.025694
v 0.000460 0.008141 0.025631
v -0.008380 0.006030 0.022717
v 0.001793 0.007394 0.035261
v -0.012011 0.005157 0.023152
v 0.003517 0.010951 0.040068
v 0.002710 0.004103 0.053495
v -0.005498 -0.004984 -0.011884
v -0.010622 0.003672 0.029311
v -0.006940 0.002287 0.042887
v -0.000445 0.015136 0.003581
v 0.002730 0.010625 0.041133
v -0.005380 -0.004598 -0.011711
v -0.004382 0.006507 -0.048253
v -0.008428 0.007528 0.024979
v -0.006462 -0.003179 -0.018030
v 0.000760 0.007699 0.029357
v -0.011447 -0.001914 0.006861
v -0.010268 0.005053 0.045864
v -0.006525 -0.006395 -0.013490
v 0.001887 0.005185 0.039442
v 0.002000 0.003340 0.044250
v -0.002917 -0.000969 -0.015005
v -0.003080 0.002826 0.000982
v -0.004410 0.000704 -0.001824
v -0.008186 0.006541 0.020145
v -0.005393 -0.004392 -0.011628
v -0.007237 0.004842 0.044620
v -0.000712 0.009728 0.023809
v -0.009698 0.007500 0.033306
v 0.001244 0.006347 0.037195
v -0.000365 0.004372 0.004583
v -0.003987 0.000058 -0.003822
v -0.005273 -0.002118 -0.012958
v -0.006592 0.003697 0.044836
v -0.008255 0.007393 0.027019
v 0.001823 0.007189 0.036570
v -0.018794 -0.003403 -0.033774
v 0.001874 0.007350 0.035496
v 0.000709 0.007748 0.028780
v 0.001693 0.003897 0.053618
v 0.003204 0.012203 0.034408
v -0.007579 0.005984 0.039199
v -0.010825 0.001795 0.047202
v -0.006741 -0.005814 -0.031938
v -0.018710 -0.003412 -0.034020
v -0.004833 -0.002826 -0.007248
v -0.014775 -0.006308 -0.031515
v -0.007621 0.005965 0.039668
v -0.008083 0.006774 0.032739
v -0.008955 0.007050 0.019817
v 0.002748 0.013472 0.026703
v -0.010150 0.003891 0.034099
v -0.006800 0.004104 0.044166
v -0.002189 0.015252 -0.021384
v -0.005202 -0.001866 -0.012426
v 0.003651 -0.001606 0.056659
v 0.001769 0.008513 0.021040
v 0.002008 0.003090 0.044757
v -0.013513 0.013707 -0.014207
v -0.001056 0.004653 0.008413
v -0.005685 0.006133 -0.048108
v -0.007165 0.006011 0.041908
v 0.001949 0.004842 0.040250
v 0.001202 0.012883 0.020593
v -0.016634 -0.003205 -0.020717
v -0.007287 0.006200 0.034760
v -0.010767 -0.002010 0.006275
v -0.006848 0.006044 -0.047959
v 0.003372 0.011743 0.034195
v -0.010757 0.003316 0.029302
v 0.001283 0.006140 0.037883
v -0.010562 0.003258 0.031077
v -0.010545 0.003622 0.031197
v -0.011138 0.005116 0.021493
v -0.000708 0.009625 0.023840
v 0.002012 0.001195 0.056453
v -0.010526 0.003269 0.031453
v -0.000619 0.015092 0.006152
v -0.002781 0.015454 -0.018118
v -0.013406 0.019843 -0.030134
v 0.001872 0.004108 0.042439
v -0.000774 0.015850 -0.017330
v 0.000746 0.007715 0.029218
v -0.008383 0.007566 0.025139
v 0.002054 0.002922 0.044965
v -0.010235 0.004470 0.032297
v 0.002091 0.001627 0.056756
v 0.004130 0.009707 0.042409
v 0.003373 0.012820 0.027893
v -0.007312 0.005049 0.036378
v -0.005462 -0.004290 -0.011423
v 0.002008 0.003009 0.044851
v -0.002868 -0.000949 -0.015130
v -0.005263 -0.005293 -0.032276
v -0.006744 0.006401 -0.048259
v -0.010407 0.003551 0.031907
v 0.001250 0.006183 0.037701
v -0.006497 0.004556 0.046454
v 0.001932 0.005139 0.039496
v -0.009824 -0.000871 0.053291
v -0.004678 -0.003336 -0.011239
v 0.001728 0.007477 0.034917
v -0.007254 0.005893 0.039343
v -0.013265 -0.001599 0.007940
v -0.013659 0.013615 -0.014228
v 0.000959 0.007363 0.027533
v 0.001215 0.012946 0.020620
v 0.002063 0.001396 0.056495
v -0.010884 0.004176 0.032460
v -0.007155 0.004599 0.043705
v 0.001802 0.003287 0.044267
v -0.000905 0.007540 0.026019
v -0.007810 -0.004650 -0.030945
v -0.008517 0.007129 0.022676
v 0.001196 0.006141 0.036885
v 0.003354 0.012774 0.028010
v -0.004671 -0.005104 -0.032409
v -0.006385 -0.006193 -0.013319
v 0.003197 -0.001402 0.056679
v -0.007068 0.006154 0.040733
v 0.001859 0.004233 0.042152
v -0.004824 -0.002024 -0.015681
v -0.014525 0.004234 -0.047192
v -0.008299 0.006726 0.022585
v 0.000351 0.008243 0.023697
v -0.007749 0.003456 0.037088
v -0.010001 0.000753 0.049192
v -0.007404 0.005788 0.039508
v 0.002163 0.002411 0.046727
v -0.006890 0.005728 0.040300
v 0.003760 0.010402 0.039935
v -0.000061 0.008545 0.023780
v -0.004351 0.000561 -0.002263
v 0.000437 0.008806 0.023649
v -0.006877 0.005786 0.040105
v -0.005643 0.006319 -0.048314
v -0.003009 0.002913 0.000949
v 0.002018 0.001174 0.056559
v -0.005366 0.006831 -0.048381
v -0.007400 0.006919 0.037338
v -0.011443 -0.001941 0.006833
v -0.003912 -0.000173 -0.004193
v -0.000194 0.004573 0.007885
v -0.006203 0.004161 0.046656
v -0.004452 -0.002038 -0.013003
v -0.017548 -0.006226 -0.032507
v 0.001672 0.001299 0.056855
v -0.011981 0.005312 0.022245
v -0.006943 -0.004471 -0.022597
v 0.003024 0.013544 0.026998
v -0.018079 -0.004055 -0.033819
v -0.006899 0.005468 0.043666
v -0.018337 0.003467 -0.046746
v -0.004567 -0.001847 -0.013117
v 0.002070 0.002713 0.045238
v -0.002948 0.003003 0.000921
v -0.004653 0.006545 -0.048354
v 0.000982 0.007334 0.027700
v -0.009765 -0.000892 0.053475
v 0.000001 0.004376 0.004512
v 0.001590 0.007206 0.033629
v -0.007320 0.004472 0.034809
v 0.001246 0.013013 0.020831
v 0.004100 0.010286 0.040392
v -0.004550 -0.001549 -0.012633
v -0.003812 -0.003912 -0.010126
v -0.006376 0.004138 0.045055
v 0.002911 0.010776 0.041008
v -0.004609 -0.001905 -0.015541
v -0.006752 0.005388 0.037162
v -0.003290 0.015955 -0.017661
v -0.010572 0.003258 0.030941
v -0.012858 0.014089 -0.014289
v -0.017950 -0.004542 -0.033678
v -0.000033 0.004634 0.007854
v -0.010023 0.004208 0.034941
v 0.001257 0.006254 0.037099
v -0.010544 0.003351 0.031244
v -0.006417 -0.003146 -0.017943
v -0.011184 0.005026 0.021023
v -0.010212 0.003829 0.034125
v 0.002084 0.002944 0.044971
v -0.008425 0.005776 0.022794
v -0.007318 0.006169 0.039580
v -0.008438 0.007642 0.024307
v 0.000623 0.007942 0.027002
v -0.006030 0.004068 0.043692
v -0.012590 0.000733 0.011334
v -0.006195 0.004156 0.046673
v -0.007435 0.006626 0.037044
v 0.002010 0.001128 0.056543
v 0.001180 0.007271 0.028972
v 0.000965 0.005137 0.038633
v 0.001203 0.006108 0.036964
v 0.002060 0.001859 0.056479
v -0.004655 -0.000957 -0.003417
v 0.003682 0.011663 0.033695
v -0.007376 0.006722 0.037470
v 0.003743 0.011551 0.034055
v -0.000837 0.004787 0.008296
v 0.002760 0.003411 0.044255
v -0.017984 -0.004206 -0.033833
v -0.003739 0.010077 -0.048271
v 0.003300 0.012183 0.034045
v 0.000981 0.005750 0.037453
v -0.007562 -0.005505 -0.031256
v -0.008801 0.006957 0.019853
v -0.001614 0.015358 -0.018365
v -0.014677 -0.006309 -0.031437
v -0.010849 0.005112 0.022995
v 0.001750 0.008435 0.020994
v 0.001175 0.007001 0.036446
v -0.018181 -0.005961 -0.032996
v -0.007109 0.006274 0.040127
v -0.005970 0.001176 0.048525
v -0.000735 0.009857 0.023825
v -0.000168 0.008303 0.023759
v -0.005998 -0.005565 -0.032107
v 0.001032 0.007396 0.034330
v 0.003231 0.008098 0.033762
v -0.018260 -0.005911 -0.033084
v 0.002961 0.007082 0.036415
v 0.000595 0.005432 0.007931
v -0.005803 0.006018 -0.048198
v 0.003434 0.011640 0.034079
v -0.004586 -0.000649 -0.003198
v -0.010593 0.000516 0.042634
v -0.006785 0.001400 0.044704
v -0.007078 -0.001159 0.054930
v 0.001247 0.013029 0.020813
v 0.001956 0.001211 0.056603
v -0.007320 0.006584 0.036951
v -0.006233 -0.006006 -0.013037
v -0.006339 0.003809 0.044906
v 0.001776 0.005461 0.038901
v -0.004430 -0.002090 -0.013149
v 0.000830 0.008134 0.034145
v 0.001165 0.007115 0.034404
v 0.002043 0.001243 0.056504
v 0.001297 0.005514 0.038998
v -0.005688 0.000987 0.052508
v -0.000079 0.008683 0.023671
v 0.003042 0.004215 0.053411
v -0.007643 -0.004727 -0.029470
v -0.007421 0.006465 0.037453
v -0.013823 -0.001358 0.008204
v 0.001804 0.008444 0.021041
v -0.002783 -0.000952 -0.015224
v 0.001289 0.006186 0.037783
v -0.009897 -0.000842 0.053179
v -0.007462 -0.004755 -0.029236
v -0.006133 0.003928 0.046715
v 0.002067 0.002818 0.045095
v 0.003733 0.011593 0.034146
v 0.003845 0.012000 0.033711
v -0.004609 -0.001907 -0.012386
v -0.018323 -0.003791 -0.034014
v -0.015565 -0.006904 -0.031830
v 0.002421 0.002562 0.046886
v -0.004171 0.006473 -0.048145
v -0.010895 0.004086 0.024256
v 0.003715 0.011710 0.033703
v -0.003855 -0.000184 -0.004327
v -0.001688 0.003305 0.000582
v 0.003459 0.011645 0.034171
v -0.010207 -0.000550 0.052380
v -0.005430 -0.003697 -0.019054
v -0.004305 0.000546 -0.002388
v -0.004961 -0.005203 -0.032327
v -0.000937 0.004364 0.004768
v -0.001152 0.015897 -0.017277
v 0.001836 0.011652 0.036010
v -0.007001 0.005457 0.042374
v 0.003492 0.012063 0.033757
v -0.016270 -0.004237 -0.022484
v 0.001033 0.007226 0.034385
v -0.006054 0.001271 0.048241
v -0.013373 0.019821 -0.030264
v 0.002261 0.002432 0.046864
v -0.006834 0.005537 0.043945
v -0.015981 -0.004045 -0.021037
v -0.006933 0.005713 0.042320
v -0.016716 -0.003072 -0.020683
v 0.004287 0.009778 0.042132
v -0.017944 0.003520 -0.046773
v 0.004256 0.009433 0.042259
v -0.015392 -0.006945 -0.031742
v -0.016469 -0.003377 -0.020802
v 0.001897 0.007851 0.033853
v -0.004539 -0.001613 -0.012489
v -0.016042 -0.003906 -0.021005
v 0.000711 0.007760 0.034585
v 0.001333 0.006190 0.037723
v -0.006377 0.002944 0.045315
v -0.011530 -0.000961 0.009043
v -0.009931 0.004213 0.034914
v -0.012540 0.000732 0.011271
v -0.006469 0.003319 0.044845
v 0.002140 0.003442 0.044127
v -0.005631 0.001132 0.052383
v 0.001067 0.008054 0.034140
v -0.005200 -0.003661 -0.019112
v -0.003818 0.002527 0.001214
v 0.000607 0.007978 0.026845
v 0.002242 0.003480 0.044926
v -0.004943 -0.001940 -0.014125
v -0.004430 -0.001598 -0.013695
v 0.002759 0.007354 0.033504
v -0.004394 0.000619 -0.002027
v -0.000920 0.004392 0.004780
v -0.016540 -0.003277 -0.020773
v 0.003874 0.010561 0.040315
v -0.007453 0.001450 0.042491
v -0.007573 -0.005031 -0.028410
v 0.000426 0.008173 0.025528
v 0.003364 0.008191 0.033754
v -0.014610 -0.006282 -0.031325
v -0.017854 0.003501 -0.046788
v -0.000867 0.007914 0.023844
v 0.001821 0.008444 0.021041
v -0.004073 -0.003378 -0.031134
v -0.007181 0.004710 0.043551
v -0.002561 0.002946 0.000787
v -0.007967 0.005785 0.032372
v -0.006231 -0.003394 -0.017863
v 0.003967 0.009748 0.042775
v 0.003179 0.010549 0.041405
v -0.009886 0.002825 0.036065
v -0.004186 0.000388 -0.002852
v 0.001824 0.001570 0.056632
v 0.000950 0.007283 0.034421
v -0.007473 0.001855 0.042871
v -0.007272 -0.004823 -0.028973
v -0.005941 -0.005674 -0.012600
v 0.002270 0.003474 0.044923
v -0.004552 -0.002901 -0.007878
v -0.018052 -0.004140 -0.033895
v 0.002022 0.001465 0.056595
v -0.012709 0.000313 0.011514
v -0.015228 0.004066 -0.047123
v -0.005712 -0.005450 -0.032174
v 0.001506 0.009313 0.023595
v 0.002016 0.001295 0.056599
v 0.000574 0.004779 0.007628
v 0.003932 0.011919 0.034239
v -0.000788 0.003290 0.000340
v 0.001995 0.001128 0.056549
v -0.006959 0.004895 0.043561
v -0.006816 0.005628 0.043951
v -0.004414 -0.003209 -0.019153
v -0.006761 0.002610 0.042887
v 0.004341 0.009419 0.042156
v -0.009689 -0.000907 0.053626
v 0.002083 0.001389 0.056524
v -0.017370 -0.011917 -0.006975
v -0.009787 0.001228 0.010568
v -0.004924 -0.001930 -0.013993
v -0.005649 0.000541 0.053143
v 0.003205 0.010235 0.041153
v -0.018293 -0.003669 -0.033967
v -0.010586 0.020918 -0.037222
v 0.004259 0.010337 0.040154
v 0.003452 0.008267 0.033789
v 0.002257 0.003558 0.044770
v 0.001688 0.003320 0.045328
v 0.003088 0.003180 0.044047
v -0.011891 0.005235 0.023137
v 0.001531 0.009449 0.023612
v -0.014414 0.004170 -0.047238
v -0.004275 -0.003863 -0.010251
v -0.006365 -0.004218 -0.031375
v -0.004479 -0.003284 -0.019152
v -0.002203 0.002937 0.000749
v -0.004612 0.006254 -0.048188
v 0.003493 0.011835 0.033716
v 0.003492 0.003292 0.044110
v -0.000433 0.004997 0.008176
v -0.006070 0.001299 0.048151
v 0.002124 0.003943 0.042975
v -0.004377 -0.002123 -0.013252
v -0.010700 0.004190 0.032416
v -0.010010 0.007066 0.034288
v 0.002438 0.003408 0.044358
v 0.001410 0.007952 0.033787
v -0.013143 0.014014 -0.013524
v -0.006317 0.004014 0.043985
v 0.003549 0.012618 0.027331
v 0.004351 0.009343 0.042561
v 0.003970 0.009851 0.042460
v -0.017791 0.003507 -0.046803
v -0.005624 -0.002880 -0.011725
v -0.005619 -0.001666 -0.013827
v -0.005597 -0.001669 -0.013707
v -0.000630 0.009356 0.023811
v -0.000191 0.014968 -0.018921
v -0.006007 -0.005769 -0.012774
v -0.004070 -0.003305 -0.031301
v -0.004188 0.000358 -0.002975
v -0.004367 -0.002069 -0.013218
v -0.009747 0.004146 0.034722
v -0.005650 -0.002230 -0.015280
v -0.006491 0.001847 0.044759
v 0.001241 0.007816 0.033530
v -0.001493 0.004434 0.008565
v -0.005235 -0.004937 -0.009892
v 0.001327 0.006249 0.037538
v 0.000071 0.008640 0.023812
v 0.000920 0.007345 0.036195
v 0.000961 0.007245 0.036362
v -0.013985 0.004313 -0.047232
v -0.003711 -0.003833 -0.009889
v 0.001581 0.004727 0.040671
v -0.010068 0.003788 0.031961
v 0.001424 0.005978 0.036954
v 0.002274 0.013778 0.027114
v -0.000841 0.004413 0.004752
v 0.000051 0.004264 0.018930
v 0.001754 0.003529 0.044609
v -0.004546 0.006588 -0.048384
v -0.009240 0.001469 0.010458
v -0.011940 0.005183 0.021576
v 0.001538 0.007074 0.036745
v 0.001427 0.007069 0.036761
v 0.001632 0.009975 0.023812
v -0.006192 0.002300 0.046569
v -0.006453 0.004982 0.039765
v 0.002019 0.004906 0.039945
v 0.003681 0.013044 0.028053
v -0.012667 0.014107 -0.015066
v -0.006018 0.001273 0.048340
v 0.001439 0.006786 0.036186
v -0.007591 0.006676 0.034888
v -0.007218 0.006153 0.040418
v -0.004162 0.006387 -0.048140
v -0.008601 0.005489 0.022839
v -0.009564 0.000669 0.043193
v -0.004466 -0.002242 -0.014235
v -0.006427 0.002042 0.044752
v -0.011987 0.005014 0.021316
v 0.004204 0.009764 0.039622
v -0.005644 0.000977 0.052339
v 0.000758 0.004662 0.009833
v -0.011956 0.005203 0.021686
v -0.010021 0.007158 0.033932
v -0.007034 -0.001225 0.054547
v -0.009396 0.007198 0.034962
v -0.007090 0.006128 0.039461
v -0.009435 0.007054 0.034739
v 0.002353 0.003894 0.041725
v -0.007952 0.004794 0.032112
v 0.002809 0.012663 0.023656
v -0.004436 -0.003991 -0.010687
v 0.001694 0.003580 0.044845
v 0.003245 0.010695 0.040817
v 0.003139 0.004220 0.053393
v -0.014172 0.004281 -0.047213
v -0.011189 0.004204 0.032524
v -0.014374 0.019637 -0.029946
v -0.009395 0.007202 0.034787
v -0.005653 0.000461 0.053101
v -0.002204 0.003319 0.000737
v 0.002289 0.003346 0.045137
v 0.002204 0.003568 0.044395
v -0.013183 0.019686 -0.029821
v 0.002580 0.010852 0.041275
v 0.003060 0.010318 0.041083
v 0.001740 0.003554 0.044553
v -0.004202 -0.003833 -0.010150
v -0.005725 0.000707 0.052910
v 0.001414 0.006680 0.035927
v -0.004906 -0.001929 -0.013872
v -0.010683 0.004103 0.032582
v 0.003689 0.012964 0.027931
v 0.003558 0.012612 0.027325
v 0.000905 0.005527 0.007757
v -0.005891 0.003156 0.045001
v 0.003638 0.012370 0.027340
v -0.010127 0.001492 0.047885
v 0.002150 0.007154 0.036513
v 0.002566 0.003057 0.044780
v -0.005631 -0.002240 -0.015138
v -0.005538 -0.003331 -0.011570
v 0.003789 0.012792 0.028886
v -0.006596 -0.005770 -0.031966
v -0.008114 -0.006468 -0.031695
v -0.002389 0.002933 0.000755
v 0.000375 0.007967 0.023611
v -0.000733 0.007904 0.023823
v 0.000545 0.008864 0.023628
v -0.013737 -0.001382 0.008192
v -0.005963 -0.004299 -0.022581
v -0.015417 -0.006213 -0.031911
v -0.010103 0.000569 0.049602
v 0.001173 0.000603 0.056968
v 0.000478 0.009581 0.021495
v -0.000846 0.009260 0.021145
v 0.001723 -0.000053 0.057285
v -0.005747 0.000581 0.049529
v -0.007058 0.006023 0.041738
v -0.015245 -0.006148 -0.031705
v -0.003363 0.015509 -0.017969
v 0.001306 0.008897 0.021008
v -0.005573 0.000436 0.053174
v -0.010019 -0.000688 0.052549
v -0.007316 0.001208 0.044731
v -0.002707 -0.000960 -0.015349
v 0.001366 0.008006 0.033830
v 0.002577 0.003185 0.044568
v -0.006245 0.002194 0.046488
v 0.000820 0.005519 0.007815
v -0.005843 0.000847 0.049175
v 0.003699 0.012359 0.027457
v -0.003626 0.002612 0.001142
v 0.003644 0.012359 0.027355
v -0.008626 0.006854 0.019910
v -0.009988 0.014370 -0.016832
v -0.005494 0.000954 0.052306
v 0.001410 0.006747 0.036062
v 0.004481 0.009898 0.041147
v 0.002993 0.007964 0.033728
v 0.004347 0.010506 0.039712
v -0.010161 0.001543 0.047796
v -0.008575 0.007201 0.022746
v -0.005729 0.001923 0.045831
v -0.002200 0.003321 0.000731
v -0.011384 -0.002496 0.007125
v -0.005559 -0.005400 -0.032194
v 0.003747 0.012884 0.028641
v 0.000090 0.008458 0.024204
v -0.009761 0.002063 0.037320
v -0.007894 0.005225 0.032218
v -0.005853 0.000912 0.049085
v -0.000823 0.004366 0.004734
v -0.007279 0.005960 0.039170
v -0.010161 0.001569 0.047871
v 0.003579 0.012268 0.027741
v 0.002274 0.003612 0.043721
v 0.001739 0.003406 0.045226
v -0.000713 0.004882 0.008253
v -0.018387 -0.005854 -0.033158
v -0.009843 0.004212 0.034855
v -0.006877 0.005828 0.042403
v 0.003495 0.011624 0.033846
v 0.002274 0.003491 0.044074
v -0.004854 -0.003269 -0.019025
v 0.002174 0.004421 0.041302
v 0.001593 0.007120 0.036694
v 0.001346 0.005476 0.039082
v 0.003785 0.012910 0.027413
v -0.004164 -0.003713 -0.009906
v -0.008166 0.004457 0.032071
v -0.011208 -0.002512 0.007020
v 0.003647 0.012370 0.027332
v 0.003490 0.011557 0.033985
v 0.001357 0.008772 0.021060
v 0.000989 0.007526 0.030663
v -0.009077 0.001542 0.010440
v 0.003705 0.012873 0.027498
v -0.005553 -0.003017 -0.011626
v -0.007138 0.006341 0.037618
v -0.010936 0.003635 0.034886
v -0.013806 0.004324 -0.047272
v 0.001124 0.007468 0.031950
v -0.013063 0.000681 0.011537
v -0.007107 0.004639 0.043798
v 0.004242 0.009668 0.039567
v -0.004869 -0.002683 -0.006110
v -0.004381 -0.001665 -0.014402
v -0.009708 0.002343 0.037715
v 0.001954 0.001727 0.056592
v 0.003804 0.012803 0.028922
v -0.009990 0.007060 0.034190
v -0.013925 0.014809 -0.018709
v -0.013160 0.019671 -0.029733
v 0.004582 0.009665 0.042028
v -0.005162 0.006456 -0.048331
v -0.004460 -0.002224 -0.014335
v -0.013449 -0.003205 -0.025614
v -0.004395 -0.003988 -0.010517
v 0.000257 0.007858 0.033751
v -0.010443 0.000271 0.045438
v 0.000998 0.007495 0.030825
v -0.011102 0.004202 0.032512
v -0.007634 0.004664 0.020757
v 0.002600 0.002899 0.045161
v -0.000919 0.000638 -0.004149
v -0.003381 0.002786 0.001438
v -0.015905 -0.004115 -0.021084
v -0.013084 -0.001655 0.007883
v 0.001453 0.004927 0.040136
v -0.008965 0.001640 0.010421
v -0.010083 0.001533 0.047912
v -0.006062 -0.003177 -0.017453
v -0.006821 0.005165 0.043922
v 0.003736 0.011552 0.029172
v -0.008393 0.007049 0.022642
v -0.009810 0.004228 0.034816
v -0.009746 0.002471 0.037348
v -0.013411 0.000654 0.011795
v -0.008146 0.004548 0.032098
v -0.007657 0.005657 0.035204
v -0.010317 0.001080 0.010654
v 0.001916 0.001304 0.056943
v -0.000774 0.009065 0.021169
v 0.003340 0.010662 0.040782
v -0.005826 0.000775 0.049203
v -0.000545 0.009066 0.023822
v -0.007078 0.005984 0.041448
v -0.010126 -0.002062 0.005660
v -0.005782 0.000641 0.052955
v 0.001352 0.009086 0.023592
v -0.006695 0.004268 0.046181
v -0.004350 -0.005028 -0.032494
v -0.006294 0.002477 0.044976
v 0.001707 0.003569 0.044564
v 0.001947 0.001498 0.056557
v 0.003635 0.012359 0.027360
v 0.003582 0.008385 0.033802
v 0.003144 0.011354 0.022774
v -0.005109 0.006308 -0.048214
v 0.002783 0.012662 0.023653
v 0.002614 0.010756 0.041516
v -0.009834 0.004093 0.034836
v 0.003678 0.012423 0.027323
v 0.003941 0.010212 0.039850
v 0.001353 0.007788 0.034328
v -0.004249 -0.003862 -0.010253
v -0.000572 0.009197 0.023819
v -0.011441 0.010216 0.018065
v 0.002512 0.004105 0.053508
v 0.002794 0.012579 0.023661
v 0.002517 0.003340 0.044244
v -0.001332 0.003299 0.000469
v 0.001752 0.003449 0.045148
v -0.006150 0.001522 0.047636
v 0.001471 0.006904 0.035091
v -0.005662 0.000442 0.049792
v -0.013994 -0.006414 -0.031010
v 0.003508 0.011715 0.033693
v 0.003599 0.011597 0.034154
v 0.000891 0.007462 0.034411
v -0.005137 0.006118 -0.048218
v 0.002122 0.004581 0.040820
v 0.001149 0.009316 0.021004
v -0.000058 0.014923 -0.018968
v -0.011955 0.004962 0.021177
v 0.002607 0.003370 0.044281
v -0.006260 -0.004121 -0.031386
v 0.002351 0.002493 0.046885
v -0.006044 0.004079 0.043866
v -0.011358 0.010249 0.018165
v -0.007192 -0.004820 -0.028840
v 0.001817 0.012669 0.019204
v -0.003147 0.015973 -0.017666
v 0.004524 0.009861 0.040956
v -0.004399 -0.002205 -0.013665
v 0.003602 0.012478 0.027356
v -0.001271 0.004529 0.008511
v 0.003777 0.008597 0.033819
v -0.009357 0.007338 0.034763
v -0.012412 0.000721 0.011297
v -0.004023 -0.004308 -0.032109
v -0.005773 0.000538 0.053078
v 0.002795 0.011386 0.035952
v -0.003370 0.009935 -0.048270
v 0.002223 0.011563 0.035990
v -0.013650 -0.001453 0.008107
v -0.010389 0.003825 0.027028
v 0.001004 0.006908 0.036771
v 0.000511 0.009572 0.021263
v -0.009957 0.006979 0.034587
v -0.009886 0.002752 0.036366
v -0.009534 -0.000983 0.053237
v 0.001614 0.003912 0.042000
v -0.005345 0.001125 0.052357
v -0.015154 -0.006187 -0.031684
v -0.006673 0.004728 0.046158
v -0.002090 0.015399 -0.018261
v -0.009861 0.003015 0.035017
v 0.003156 0.011237 0.022915
v 0.020038 0.003890 0.001151
v -0.013349 -0.003142 -0.025690
v 0.003523 -0.001584 0.056664
v -0.007882 0.005100 0.032173
v -0.010037 0.001329 0.048165
v -0.009861 0.014416 -0.016824
v 0.003682 0.008485 0.033806
v -0.010527 0.009947 0.028764
v -0.007033 0.006050 0.041617
v -0.002303 0.002934 0.000768
v -0.007079 0.004842 0.043549
v 0.003571 0.011522 0.033997
v 0.003067 0.011080 0.040215
v 0.022043 0.006066 0.020655
v -0.008851 0.006976 0.019829
v -0.010126 -0.002066 0.005654
v 0.002496 0.001027 0.057240
v 0.004436 0.009829 0.040875
v 0.004113 0.004215 0.044737
v 0.001944 0.008304 0.020985
v 0.022240 0.007522 0.016555
v 0.014909 0.004039 -0.014924
v 0.003312 0.010188 0.041178
v -0.009496 0.000821 0.042775
v -0.009403 0.000978 0.043222
v 0.002194 0.004371 0.041430
v -0.004114 -0.003474 -0.009458
v -0.005329 0.001039 0.052307
v 0.004012 0.010322 0.040424
v 0.015883 0.003589 -0.011177
v -0.014252 -0.006369 -0.031204
v 0.000292 0.015563 -0.017814
v 0.022364 0.006666 0.019196
v 0.012426 0.008810 0.027154
v 0.022439 0.005684 0.021421
v 0.004144 0.008970 0.036738
v 0.002834 0.005218 -0.035206
v 0.012662 0.008377 0.031383
v 0.001877 0.004997 -0.045886
v 0.002523 0.005820 -0.039993
v 0.003860 0.012707 0.029101
v 0.001446 0.000792 -0.036498
v 0.018462 0.005539 0.015202
v 0.002470 0.004769 -0.033777
v 0.001901 -0.002329 -0.034558
v 0.008162 0.000097 -0.003740
v 0.013668 0.003171 -0.016102
v 0.006646 0.004276 0.009482
v 0.013548 0.002926 -0.016372
v 0.001173 0.003546 -0.046331
v 0.014739 0.003345 -0.014009
v 0.001804 0.006334 -0.044420
v 0.008017 0.006670 0.018785
v 0.012504 0.008892 0.027432
v 0.013498 0.002934 -0.016881
v 0.021852 0.007833 0.014854
v 0.015774 0.001708 0.003107
v 0.022398 0.006679 0.019215
v 0.007859 0.009200 0.020947
v 0.009833 0.002882 0.011256
v 0.012430 0.008163 0.031608
v 0.001345 -0.001194 -0.035016
v 0.002808 0.003481 -0.034709
v 0.002495 0.005835 -0.040125
v 0.020245 0.005481 0.001106
v 0.020604 0.005052 0.002397
v 0.012214 0.008263 0.025734
v 0.001696 0.002165 -0.036732
v 0.026087 -0.002736 0.025880
v 0.026697 0.004173 0.019948
v 0.027415 0.000402 0.020770
v 0.027697 -0.001184 0.026583
v 0.004333 0.008523 0.036801
v 0.004144 0.003550 0.044231
v 0.007793 0.009300 0.020930
v 0.027170 -0.002766 0.025609
v 0.002612 0.003313 -0.034632
v 0.027632 -0.005247 0.033881
v 0.004760 0.009306 0.040464
v 0.002500 0.004711 -0.033592
v 0.026758 0.003340 0.021162
v 0.026740 0.003420 0.021251
v 0.013689 0.003194 0.039612
v -0.000502 0.011109 -0.022077
v 0.012640 0.006346 0.032660
v 0.013834 0.003469 0.040442
v 0.014741 0.003509 -0.014631
v 0.003751 0.010776 -0.034483
v 0.022475 0.006068 0.020499
v 0.013829 0.004308 0.038108
v 0.026074 -0.002960 0.026147
v 0.001951 -0.002282 -0.034632
v 0.009484 0.003507 0.005616
v 0.013923 0.004222 0.038297
v 0.013863 0.009448 0.028523
v 0.001881 0.002521 -0.036818
v 0.014164 0.014184 0.024115
v 0.014076 0.013695 0.024179
v 0.012420 0.008346 0.026724
v 0.003898 0.010857 -0.034739
v 0.004439 0.008780 0.039999
v 0.005082 0.001659 -0.003534
v 0.012296 0.008283 0.026160
v 0.004137 0.008791 0.036814
v 0.001001 0.003749 -0.046477
v 0.012375 0.008802 0.027014
v 0.021875 0.007360 0.016514
v 0.001548 0.000024 -0.035996
v 0.020220 0.005522 0.000982
v 0.012143 0.008251 0.025401
v -0.004013 -0.004614 -0.032382
v 0.020326 0.005562 0.001236
v 0.018708 0.010236 0.003665
v 0.016555 0.003900 -0.009205
v 0.012400 0.009328 0.029239
v 0.012144 0.014079 0.029390
v 0.003959 0.007948 0.036482
v 0.004819 0.009477 0.040577
v 0.017192 0.000977 0.002467
v 0.012446 0.006592 0.032079
v 0.021447 0.003426 0.014337
v 0.017080 0.001018 0.002433
v 0.002829 0.007084 -0.032378
v 0.020199 0.005748 -0.000078
v 0.020744 0.006860 0.004638
v 0.002580 0.004554 -0.036761
v 0.018436 0.005455 0.015249
v 0.002556 0.006959 -0.043630
v 0.004527 0.010617 0.038718
v 0.008818 0.002362 -0.000218
v 0.012122 0.008347 0.027857
v 0.003786 0.010994 -0.034592
v 0.002453 -0.001389 -0.029158
v 0.018491 0.009224 0.009727
v 0.003731 0.010586 -0.034247
v 0.018469 0.009233 0.009731
v 0.002499 0.004687 -0.033340
v 0.012255 0.009067 0.028155
v 0.014517 0.003251 -0.014548
v 0.020944 0.007430 0.005207
v 0.001533 0.006365 -0.044883
v 0.004037 0.010888 -0.033107
v 0.021449 0.003395 0.014360
v 0.021991 0.006582 0.019359
v 0.001536 0.006370 -0.044866
v 0.008903 0.014257 0.024175
v 0.027696 -0.001211 0.026563
v 0.021374 0.003246 0.014344
v 0.003969 0.011047 0.028049
v 0.002723 0.003201 -0.034590
v 0.014420 0.003185 -0.014755
v 0.021382 0.003343 0.014253
v 0.001751 0.006423 -0.044647
v 0.020587 0.005134 0.002194
v 0.001436 0.000956 -0.036542
v 0.002841 0.005294 -0.035101
v 0.021322 0.002192 0.014757
v 0.001597 0.002079 -0.036715
v 0.022400 0.006016 0.021266
v 0.001796 0.006317 -0.044449
v 0.015688 0.001752 0.003136
v 0.027347 0.001243 0.020143
v 0.026037 -0.002511 0.025519
v 0.013506 0.003014 -0.016445
v 0.026653 0.003753 0.021463
v 0.018516 0.000026 0.046985
v 0.027850 0.003285 0.022180
v 0.026725 0.003653 0.021306
v 0.012519 0.007159 0.031901
v 0.026771 0.004182 0.020128
v 0.020946 0.007354 0.005873
v 0.027689 0.003145 0.022219
v 0.026831 0.004345 0.019820
v 0.008733 0.010274 0.020666
v 0.002695 0.005774 -0.039824
v 0.021933 0.007292 0.017604
v -0.003483 0.006572 -0.048037
v 0.004045 0.012099 0.028184
v 0.014566 0.001696 0.050141
v 0.010405 0.001956 0.000293
v 0.021991 0.007255 0.017565
v -0.000471 0.011272 -0.022825
v 0.012379 0.008189 0.031207
v 0.005862 0.004008 0.006121
v 0.013936 0.003928 0.039368
v 0.012661 0.007190 0.032110
v 0.013593 0.005266 0.034945
v 0.022081 0.007185 0.017396
v 0.007420 -0.003179 -0.021431
v 0.001063 0.003759 -0.046383
v 0.013855 0.004433 0.039284
v 0.012611 0.007168 0.031949
v 0.014435 0.013304 0.029614
v 0.022152 0.006175 0.020529
v 0.004532 0.010597 0.038627
v 0.011329 0.007620 0.016692
v 0.020939 0.007439 0.005397
v 0.001866 0.002416 -0.036851
v 0.002982 0.005386 -0.035396
v 0.002934 0.005386 -0.036492
v 0.012575 0.009091 0.030003
v 0.001987 0.005590 -0.045583
v 0.020718 0.006927 0.004468
v 0.002561 0.004460 -0.036793
v 0.012424 0.008235 0.030920
v 0.003773 0.010941 -0.034530
v 0.001527 0.000158 -0.036270
v 0.001214 -0.001645 -0.034408
v 0.012417 0.008207 0.031066
v 0.004509 0.009116 0.039932
v 0.027696 0.003133 0.022238
v 0.018591 0.010609 0.003596
v 0.003461 0.010432 0.023202
v 0.018625 0.010443 0.003925
v 0.004409 0.008868 0.040083
v 0.020895 0.002832 0.011532
v 0.016408 0.003799 -0.009418
v 0.026684 0.004432 0.020551
v 0.012391 0.001180 0.043394
v 0.015723 0.003607 -0.011591
v 0.020240 0.005820 -0.000531
v 0.020490 0.005929 0.000015
v 0.001167 0.003651 -0.046273
v 0.000916 0.004867 0.007569
v 0.001445 -0.000751 -0.035266
v 0.001589 0.000397 -0.036269
v 0.016041 -0.000563 0.000184
v 0.006308 0.000584 -0.024442
v 0.022235 0.001389 0.024715
v 0.001493 -0.000203 -0.035994
v 0.015275 0.003492 -0.012792
v 0.014479 0.003383 -0.014804
v 0.001676 0.006356 -0.044777
v 0.002913 0.005367 -0.035253
v 0.012445 0.007293 0.031792
v 0.003701 0.010570 -0.033967
v 0.019843 0.003184 0.001191
v 0.022198 0.007110 0.017275
v 0.026828 0.004454 0.020558
v 0.003927 0.005813 -0.023118
v 0.027676 -0.005014 0.033773
v 0.027355 0.001848 0.019721
v 0.027084 -0.001979 0.024509
v 0.001561 0.001983 -0.036748
v 0.020698 0.007779 0.004061
v 0.016565 0.003304 0.013936
v 0.027917 0.003140 0.021956
v 0.004668 0.010142 0.039370
v 0.026642 0.004174 0.020231
v 0.020583 0.002979 0.011780
v 0.001467 0.001381 -0.036574
v 0.026650 0.004597 0.020749
v 0.004313 0.003627 0.044253
v 0.001728 -0.005451 -0.022077
v 0.018532 -0.000077 0.047145
v -0.000537 0.011170 -0.022452
v 0.007712 0.014972 0.009981
v 0.018580 0.000412 0.047485
v 0.018712 0.000895 0.048147
v 0.022155 0.006236 0.020502
v 0.002622 0.005797 -0.039941
v 0.009737 0.013950 0.026872
v -0.000524 0.011161 -0.022230
v 0.001778 -0.005386 -0.022192
v 0.003868 0.012686 0.027337
v 0.004226 0.009112 0.036304
v 0.019795 0.003091 0.001160
v 0.013892 0.005087 0.036632
v 0.001844 0.004079 -0.045149
v 0.019549 0.002471 0.001142
v 0.013859 0.005181 0.036460
v 0.001836 0.005033 -0.045992
v 0.002549 0.003441 -0.034622
v 0.009477 0.003534 0.005664
v 0.027590 0.002615 0.021881
v 0.002687 0.003327 -0.034659
v 0.020921 0.006748 0.005024
v 0.013952 0.003665 0.040397
v 0.001411 0.005301 -0.046454
v 0.004729 0.009477 0.042070
v 0.021835 0.007527 0.016704
v 0.012438 0.006641 0.031997
v 0.006570 0.004255 0.009059
v 0.026649 0.004134 0.021468
v 0.011234 0.007614 0.016746
v 0.007816 0.014960 0.009976
v 0.003480 0.010320 0.023232
v 0.001097 -0.001850 -0.034263
v 0.014376 0.013441 0.029816
v 0.013233 0.011805 0.032278
v 0.004571 0.010334 0.039550
v 0.014010 0.013701 0.024169
v 0.002348 0.003483 -0.036907
v 0.020649 0.007879 0.003868
v 0.027425 0.002986 0.022264
v 0.014053 0.013844 0.025328
v 0.012577 0.008125 0.031719
v 0.012183 0.008398 0.028074
v 0.018699 0.001037 0.048031
v 0.011919 0.008588 0.024983
v 0.020118 0.005565 0.000510
v 0.020099 0.005584 0.000326
v 0.001488 -0.000313 -0.035708
v 0.007375 -0.003266 -0.021302
v 0.015311 0.003650 -0.013141
v 0.009007 0.014227 0.024339
v 0.020013 0.005603 -0.000307
v 0.012136 0.008951 0.027789
v 0.016438 0.001380 0.002803
v 0.016286 0.001455 0.002940
v 0.001164 -0.001775 -0.034241
v 0.020290 0.005167 0.001239
v 0.012179 0.008652 0.029252
v 0.004720 0.009561 0.039946
v 0.015536 0.003487 -0.012135
v 0.021131 0.002797 0.014341
v 0.015143 0.003432 -0.013069
v 0.020656 0.002933 0.011691
v 0.018046 0.005311 0.013493
v 0.019496 0.002390 0.001140
v 0.020575 0.008015 0.003559
v 0.014797 0.003538 -0.014273
v 0.021300 0.003294 0.014260
v 0.004017 0.007996 0.036530
v 0.026709 0.004205 0.019880
v 0.026823 0.004474 0.020786
v 0.027321 0.002964 0.022226
v 0.014217 0.003305 -0.015134
v 0.026434 0.004336 0.020466
v 0.027312 0.002799 0.022092
v 0.026359 0.004410 0.019493
v 0.003346 0.007111 -0.031812
v 0.002980 0.007113 -0.031460
v 0.014477 0.013194 0.029472
v 0.000116 0.003401 0.000177
v 0.013267 0.002825 -0.016886
v 0.009415 0.003591 0.005689
v 0.027543 0.003128 0.022247
v 0.027586 0.002960 0.022284
v 0.013791 0.003176 -0.015721
v 0.022215 0.007318 0.017504
v 0.001418 -0.001170 -0.034848
v 0.004443 0.008419 0.036813
v 0.008537 0.010807 0.028231
v 0.002757 0.004922 -0.033248
v 0.004051 0.003501 0.044208
v 0.001832 -0.006280 -0.018228
v 0.018417 -0.000550 0.047982
v 0.004755 0.009321 0.038938
v 0.002625 0.007283 -0.032672
v 0.019801 0.005411 -0.000852
v 0.003954 0.010949 0.028931
v 0.001512 0.001900 -0.036674
v 0.018676 0.001148 0.047896
v 0.001497 0.006415 -0.044915
v 0.007930 0.011250 0.020553
v 0.003763 0.010603 -0.033687
v 0.021199 0.002944 0.014331
v 0.002670 0.004750 -0.036767
v 0.008120 0.011044 0.020600
v 0.000958 0.003852 -0.046446
v 0.001583 0.003288 -0.046701
v 0.004000 0.012390 0.027700
v 0.018530 0.000625 0.047047
v 0.011823 0.008622 0.024397
v 0.007740 0.006596 0.018923
v 0.026852 -0.002001 0.024510
v 0.002723 0.005005 -0.036754
v 0.018533 0.000909 0.046821
v 0.011891 0.014499 0.012453
v 0.012384 0.014504 0.018635
v 0.001106 0.003638 -0.046464
v 0.002778 0.005223 -0.036683
v 0.012241 0.008722 0.026472
v 0.005223 -0.005098 -0.021474
v 0.003927 0.012401 0.027745
v -0.001770 -0.003537 -0.012352
v 0.026533 0.004561 0.020511
v 0.013932 0.003589 0.040452
v 0.004017 0.009035 0.033861
v 0.001486 0.001772 -0.036714
v 0.010034 0.002131 0.000203
v 0.012139 0.008710 0.026043
v 0.014519 0.001819 0.049773
v 0.006222 0.000334 -0.024399
v 0.003086 0.005159 -0.032971
v -0.003354 0.006586 -0.047962
v 0.027047 0.001398 0.019808
v 0.017693 0.005195 0.013295
v 0.005808 -0.004429 -0.021155
v 0.013679 0.003194 0.039613
v 0.016083 0.001559 0.003011
v 0.012413 0.008126 0.031759
v 0.009326 0.003610 0.005711
v 0.017853 0.005098 0.013287
v 0.013732 0.003322 0.039245
v 0.001551 0.000570 -0.036377
v 0.014913 0.003553 -0.013630
v 0.017867 0.001063 0.002118
v 0.003930 0.012507 0.027523
v 0.018113 0.001143 0.001973
v 0.001452 -0.000618 -0.035412
v 0.015507 0.003517 -0.012195
v 0.014137 0.003238 -0.015165
v 0.002953 0.007151 -0.031346
v 0.012668 0.013635 0.009527
v 0.022324 0.005933 0.021546
v 0.016452 0.001352 0.002879
v 0.009838 0.013654 0.029358
v 0.014234 0.013905 0.025631
v 0.021515 0.007864 0.014990
v 0.014050 0.003298 -0.015760
v 0.018296 0.004719 -0.003646
v 0.001586 0.003346 -0.046622
v 0.001476 0.001670 -0.036634
v 0.020261 0.007182 0.014170
v 0.013741 0.003223 -0.015911
v 0.011329 0.007929 0.017309
v 0.018338 0.001264 0.001890
v 0.026388 0.004872 0.019486
v 0.015220 0.001984 0.003332
v 0.026585 0.004019 0.021633
v 0.003224 0.005591 -0.032108
v 0.018533 0.000757 0.046921
v 0.026434 0.004174 0.021587
v 0.026543 0.004191 0.020365
v 0.020093 0.008614 0.001957
v 0.026962 0.001894 0.020359
v 0.027397 0.002755 0.021985
v 0.004678 0.008877 0.039066
v 0.018421 -0.000591 0.048194
v 0.027060 0.001362 0.019725
v 0.004904 0.009198 0.040508
v 0.020415 0.002795 0.014603
v -0.000396 0.011226 -0.023005
v 0.020070 0.007431 -0.000583
v 0.013076 0.002628 -0.017956
v 0.019431 0.003819 0.014912
v 0.004608 -0.001585 0.056455
v 0.021084 0.002075 0.021864
v 0.014390 0.013594 0.029982
v 0.002392 0.003799 -0.036835
v 0.003957 0.008950 0.033862
v 0.003645 0.006930 -0.028375
v 0.001776 0.004511 -0.045004
v 0.002480 0.004167 -0.036793
v 0.004126 0.012130 0.029461
v 0.001405 0.001793 -0.036661
v 0.009691 0.014536 0.025465
v 0.001059 -0.001829 -0.034188
v 0.001406 0.001796 -0.036658
v 0.025873 -0.002196 0.025043
v 0.002921 -0.003129 -0.009266
v 0.001273 0.005502 -0.045574
v 0.001405 0.001791 -0.036659
v 0.001815 -0.006289 -0.018143
v 0.015039 0.003374 -0.013355
v 0.002048 -0.006265 -0.018470
v 0.007113 0.005503 -0.025124
v 0.009905 0.002831 0.011113
v 0.027476 0.002882 0.022312
v 0.001829 0.004162 -0.045027
v 0.017796 0.001025 0.002165
v 0.013650 0.005739 0.035454
v 0.008124 0.010725 0.025513
v 0.014880 0.002093 0.003507
v 0.008586 0.010373 0.020678
v 0.007318 0.005550 -0.023679
v 0.004209 0.009162 0.036451
v 0.021599 0.007511 0.016815
v 0.012223 0.008691 0.026352
v 0.012214 0.008902 0.028557
v 0.001743 0.005001 -0.046165
v 0.012559 0.010653 0.016221
v 0.003702 0.010698 -0.034244
v 0.007301 -0.003231 -0.021395
v 0.013657 0.003384 0.039179
v 0.012160 0.008564 0.029337
v 0.012257 0.008420 0.029778
v 0.006132 0.000163 -0.024404
v 0.025912 -0.002353 0.025232
v 0.011933 0.008332 0.027344
v 0.013559 0.004690 0.037368
v 0.003295 0.012365 -0.029008
v 0.018370 0.004861 -0.003633
v 0.009893 0.002404 0.000208
v 0.018127 0.000712 0.045738
v 0.018312 0.000956 0.047782
v 0.002119 0.004983 -0.033928
v -0.002728 -0.003484 -0.024407
v 0.017786 0.004281 0.040983
v 0.002019 0.005021 -0.033809
v 0.013606 0.003800 0.039213
v 0.001803 0.004759 -0.045076
v 0.018394 0.000293 0.046540
v 0.017652 -0.000974 0.048765
v 0.018542 0.001070 0.046858
v 0.017738 0.004113 0.041226
v 0.011818 0.001614 -0.019349
v 0.011742 0.001322 -0.019672
v 0.011645 0.001022 -0.020116
v 0.001013 -0.001959 -0.034099
v 0.020043 0.007138 0.014180
v 0.020518 0.008158 0.003358
v 0.001921 0.005691 -0.045707
v 0.017639 0.006366 -0.007114
v 0.020373 0.003558 0.014728
v 0.026449 0.004402 0.020511
v 0.011668 0.001114 -0.019964
v 0.026960 0.002232 0.020570
v 0.025737 -0.002054 0.024523
v 0.016427 0.012303 0.005196
v 0.027397 0.002732 0.022087
v 0.026910 0.002716 0.020850
v 0.004701 0.008233 0.039666
v 0.027410 0.002833 0.022237
v 0.011716 0.008681 0.024127
v 0.004043 0.011179 0.027728
v 0.004250 0.011649 0.029369
v 0.017548 0.000997 0.002241
v 0.025763 -0.001942 0.024643
v 0.013687 0.003762 0.039218
v 0.018245 0.004719 -0.003728
v 0.004306 0.009068 0.036579
v 0.000961 -0.002081 -0.033922
v 0.019908 0.008669 0.013196
v 0.013481 0.006198 0.034347
v 0.021077 0.002046 0.021842
v 0.021342 0.007421 0.016707
v 0.013543 0.006015 0.034915
v 0.018292 0.000350 0.046459
v 0.002076 0.006342 -0.043051
v 0.018273 0.004782 -0.003763
v 0.012564 0.010769 0.016180
v 0.008022 0.000171 -0.003815
v 0.017747 0.004038 0.041336
v 0.013570 0.005039 0.036811
v 0.025670 -0.003991 0.025529
v 0.002179 0.006172 -0.041570
v 0.001149 0.005597 0.007765
v 0.004874 0.001733 -0.003449
v 0.002159 0.006098 -0.041455
v 0.012686 0.010152 0.017481
v 0.020338 0.003032 0.014699
v 0.008099 0.010728 0.025302
v 0.007281 0.005386 -0.023758
v 0.004569 0.009167 0.036431
v 0.000788 0.007211 -0.047055
v 0.002353 0.003596 -0.036874
v 0.011161 0.009168 0.020103
v 0.002002 0.003312 -0.026475
v 0.007664 0.010822 0.024677
v 0.012120 0.008994 0.028773
v 0.007809 0.010792 0.025262
v 0.002194 0.007986 -0.033282
v 0.000935 0.006457 -0.045243
v 0.002160 0.006277 -0.042178
v 0.001352 -0.006255 -0.017614
v 0.005686 -0.004510 -0.021094
v 0.007092 0.007053 -0.024901
v 0.000078 0.000282 -0.047393
v 0.002067 0.004692 -0.032404
v 0.011931 0.002193 -0.018729
v 0.001408 0.003641 -0.047002
v 0.025754 -0.001969 0.024604
v 0.017484 0.004475 0.040376
v 0.004682 0.009675 0.039998
v 0.020008 0.008802 0.001612
v 0.026888 0.002836 0.020917
v 0.001694 0.005018 -0.045196
v 0.011091 0.008161 0.021588
v 0.018194 0.004741 -0.004153
v 0.004570 0.009254 0.036410
v 0.018023 0.000168 0.046687
v 0.017731 0.003978 0.041364
v 0.009352 0.014212 0.024831
v 0.018063 0.000213 0.046631
v 0.018034 -0.000044 0.047139
v 0.013486 0.006013 0.034976
v 0.011066 0.008134 0.021464
v 0.012017 0.001787 -0.019091
v 0.025879 -0.002687 0.025398
v 0.026295 0.004898 0.020045
v 0.001046 -0.002001 -0.033968
v 0.017176 -0.001786 0.047546
v 0.018585 0.001892 0.047379
v 0.020374 0.003454 0.014710
v 0.028442 -0.000927 0.026072
v 0.011661 0.008741 0.026568
v 0.014250 0.001638 0.002498
v 0.013559 0.005339 0.034792
v 0.012494 0.010272 0.016424
v 0.013635 0.003220 0.039524
v 0.014821 0.002126 0.003586
v 0.012130 0.002832 -0.020247
v 0.007926 0.000216 -0.003866
v 0.002002 0.005017 -0.034210
v 0.003143 0.006049 -0.032001
v 0.014192 0.013767 0.028904
v 0.025589 -0.002896 0.026434
v 0.018599 0.001467 0.047249
v 0.011671 0.008714 0.023938
v 0.013712 0.004249 0.039174
v 0.024951 -0.003796 0.025827
v 0.014317 0.002009 0.049941
v 0.011624 0.008342 0.026834
v 0.012175 0.008346 0.030576
v 0.017569 0.006301 -0.007394
v 0.011865 0.008322 0.027212
v 0.011873 0.002286 -0.018651
v 0.025563 0.005384 0.017474
v 0.028127 -0.001566 0.025290
v 0.018147 0.004824 -0.005795
v 0.020047 0.008531 0.002080
v 0.024817 -0.002802 0.025923
v 0.018870 0.009969 0.003549
v 0.021483 0.007189 0.017804
v 0.004126 0.011448 0.027302
v 0.025702 -0.002341 0.024812
v 0.002117 0.008084 -0.033353
v 0.025498 -0.003951 0.025597
v 0.028362 -0.002047 0.026549
v 0.030086 -0.007887 0.031963
v 0.002086 0.006248 -0.042745
v 0.001686 -0.006285 -0.018068
v 0.018892 0.009996 0.004100
v 0.018771 0.005011 -0.002405
v 0.025640 -0.002902 0.026390
v 0.020472 0.003190 0.012886
v -0.000338 0.011209 -0.023116
v 0.028309 -0.000903 0.026106
v 0.019016 0.009688 0.004217
v 0.018764 0.004944 -0.002516
v 0.002193 0.006022 -0.041123
v 0.013662 0.003311 0.039990
v 0.002176 0.006217 -0.041776
v 0.002117 0.006315 -0.042617
v 0.024851 -0.002900 0.026144
v 0.012076 0.002753 -0.020329
v 0.007755 0.010803 0.025073
v 0.007973 0.010657 0.024252
v 0.007434 0.011502 0.020418
v 0.000921 0.006602 -0.045682
v 0.008497 0.014340 0.023858
v 0.018006 -0.000074 0.047138
v 0.007241 0.010304 0.020923
v 0.000418 -0.003323 -0.032830
v 0.007251 0.010419 0.020928
v 0.009478 0.014509 0.025061
v 0.002994 0.006041 -0.031917
v 0.001381 0.004020 -0.047016
v 0.026258 0.004950 0.019648
v 0.018812 0.010067 0.003588
v 0.014263 0.013742 0.028793
v 0.028432 -0.000889 0.025942
v 0.001936 0.003213 -0.026593
v 0.001930 0.006279 -0.045357
v 0.025045 -0.001897 0.024355
v 0.001624 0.004765 -0.046386
v 0.019052 0.004093 0.014990
v 0.011104 0.008135 0.021328
v 0.018005 -0.000564 0.048090
v 0.011593 0.008729 0.026367
v 0.020250 0.003604 0.014400
v 0.028195 -0.002152 0.025378
v 0.013104 0.006578 0.044746
v 0.025659 -0.002210 0.024443
v 0.004913 0.009077 0.040383
v 0.017679 0.004177 0.041043
v 0.011030 0.008166 0.021326
v 0.013831 0.013640 0.024313
v 0.017242 -0.001743 0.047446
v 0.011662 0.001247 -0.019801
v 0.014186 0.001524 0.004235
v 0.012077 0.008843 0.028965
v 0.011329 0.014165 0.014843
v 0.017961 0.004095 0.041304
v 0.012166 0.009082 0.028932
v 0.017994 0.002968 0.042818
v 0.030036 -0.007900 0.032202
v 0.010567 0.003252 0.005184
v 0.001312 -0.006342 -0.017120
v 0.001002 -0.002049 -0.034074
v 0.009455 0.014571 0.025025
v 0.012106 0.014651 0.018604
v 0.020319 0.003577 0.014776
v 0.003775 0.010313 0.025090
v 0.025742 -0.001979 0.024723
v 0.017453 0.006637 0.037076
v 0.003810 0.005796 -0.023090
v 0.025117 -0.001951 0.024492
v 0.018190 0.000961 0.047710
v 0.013504 0.006141 0.034544
v 0.009228 0.014175 0.024738
v 0.024852 -0.002907 0.026451
v 0.017965 0.002501 0.043252
v 0.019221 0.006273 0.014809
v 0.025314 -0.003908 0.025670
v 0.003749 0.010360 0.024833
v 0.024672 -0.003731 0.025983
v 0.008076 0.005712 -0.023478
v 0.005497 0.004425 0.006528
v 0.025521 -0.002203 0.024484
v 0.017429 0.000995 0.002309
v 0.025677 -0.002203 0.024728
v 0.028158 -0.001524 0.024090
v 0.011848 0.001467 -0.019524
v 0.013323 0.006172 0.032850
v 0.012728 0.010370 0.017408
v 0.020001 0.008888 0.001729
v 0.017888 0.004429 0.040833
v 0.027970 -0.001987 0.024227
v 0.017355 0.000971 0.002373
v 0.001409 0.003835 -0.047009
v 0.028015 -0.001766 0.024510
v 0.019513 0.003815 0.018036
v 0.013861 0.014283 0.024508
v 0.001867 0.005714 -0.045812
v 0.018845 0.005006 -0.002330
v 0.018676 0.004989 -0.002701
v 0.024775 -0.003759 0.025918
v 0.003362 0.012240 -0.029176
v 0.019006 0.004209 0.014989
v 0.000826 0.005496 -0.045709
v 0.007740 0.010787 0.024967
v 0.000650 0.005159 -0.047649
v 0.000469 0.004987 -0.046272
v 0.029995 -0.006502 0.030212
v 0.018585 0.004895 -0.002855
v 0.013582 0.005966 0.035015
v 0.012650 0.002559 -0.017825
v 0.002309 0.003521 -0.036783
v 0.007162 0.010849 0.019574
v 0.012211 0.001767 -0.019340
v 0.026306 0.004997 0.019510
v 0.003763 0.007092 -0.026650
v 0.001730 0.004925 -0.045125
v 0.006205 0.004262 0.007985
v 0.009119 0.014256 0.024429
v 0.030031 -0.006506 0.030261
v 0.001828 0.006368 -0.044399
v 0.009269 0.014561 0.024730
v 0.028725 -0.004404 0.031865
v 0.001343 0.003549 -0.046061
v 0.000715 0.007201 -0.047123
v 0.006091 0.004802 0.006751
v 0.004727 0.008211 0.039662
v 0.002406 0.009857 -0.032079
v 0.003090 0.006687 -0.031866
v 0.001988 0.008068 -0.033258
v 0.000534 0.005380 -0.045757
v 0.007270 0.011114 0.020787
v 0.018932 0.005094 -0.002185
v 0.012568 0.011424 0.015887
v 0.028097 -0.001548 0.026634
v 0.026177 0.005098 0.019886
v 0.009586 0.013523 0.029293
v 0.020186 0.003592 0.014282
v 0.011783 0.007961 0.016482
v 0.018968 0.005289 0.014944
v 0.017541 0.005854 0.038922
v 0.017487 0.006432 0.037566
v 0.011897 0.001916 -0.019017
v 0.012154 0.001815 -0.019112
v 0.017670 0.004391 0.040716
v 0.017680 0.004287 0.040886
v 0.028225 -0.000934 0.026003
v 0.012154 0.001803 -0.019148
v 0.011761 0.001887 -0.018996
v 0.019385 0.006628 0.014765
v 0.005610 -0.001236 -0.024321
v 0.012769 0.007574 0.042191
v 0.011390 0.000688 -0.020429
v 0.005273 -0.004747 -0.020966
v 0.012035 0.009330 0.017043
v 0.012475 0.002500 -0.018076
v 0.009047 0.003774 0.005918
v 0.003715 0.007246 -0.026588
v 0.024872 -0.002933 0.026366
v 0.024736 -0.001280 0.023302
v 0.026225 0.004336 0.021642
v 0.028134 -0.001636 0.025227
v 0.013891 0.008001 0.042208
v 0.001685 0.004723 -0.045138
v 0.012217 0.008631 0.030998
v 0.014377 0.001436 0.004130
v 0.007927 0.010609 0.023986
v 0.017970 -0.000494 0.047856
v 0.006002 -0.000298 -0.024335
v 0.012501 0.010403 0.016405
v 0.011585 0.007826 0.016550
v 0.019740 0.003345 0.013457
v 0.012120 0.008820 0.029009
v 0.017998 0.002180 0.043678
v 0.002251 0.005952 -0.040684
v 0.027835 -0.002450 0.025380
v 0.012409 0.002508 -0.018072
v 0.025616 -0.002188 0.024604
v 0.024737 -0.002760 0.025835
v 0.018304 0.000198 -0.000268
v 0.001899 0.002445 -0.036694
v 0.025582 0.005590 0.017682
v 0.019002 0.005404 0.014891
v 0.026232 0.005045 0.019760
v 0.001372 0.003746 -0.046894
v 0.011634 0.008714 0.023707
v 0.028290 -0.002119 0.026512
v 0.002433 0.009941 -0.031955
v 0.028256 -0.001979 0.026589
v 0.001621 -0.006298 -0.018031
v 0.019990 0.003488 0.013897
v 0.018875 0.009806 0.003816
v 0.029607 -0.008207 0.032914
v 0.002013 0.006325 -0.043343
v 0.012275 0.009407 0.019701
v 0.014375 0.008086 0.042132
v 0.007293 0.010974 0.020817
v 0.013414 0.006294 0.033978
v 0.003764 0.001815 -0.003200
v 0.018526 0.004931 -0.003072
v 0.001473 -0.006294 -0.017811
v 0.017472 0.006440 0.037482
v 0.018886 0.009734 0.003946
v 0.002987 0.006830 -0.031963
v 0.013190 0.013959 0.018648
v 0.001892 0.006319 -0.044349
v 0.007968 0.010836 0.025914
v 0.017597 0.004328 0.040481
v 0.006061 0.004305 0.007250
v 0.001285 0.003526 -0.046133
v 0.001681 0.004791 -0.045257
v 0.028350 0.000003 0.026724
v 0.025881 -0.002521 0.032188
v 0.002668 0.010373 -0.031256
v 0.000361 0.006995 -0.047018
v 0.001218 0.003500 -0.046227
v 0.025034 0.005746 0.017811
v 0.018718 0.010175 0.003658
v 0.008885 0.014886 0.018897
v 0.012891 0.007008 0.032601
v 0.003626 0.001851 -0.003150
v 0.001405 0.003467 -0.045950
v 0.025354 -0.001925 0.024682
v 0.004894 0.004510 0.006612
v 0.028020 -0.000093 0.022099
v 0.024712 -0.002701 0.025742
v 0.004109 0.011279 0.027528
v 0.001804 0.003124 -0.026762
v 0.013297 0.006320 0.032564
v 0.000378 0.005032 -0.046202
v 0.015472 0.010477 0.028862
v 0.011981 0.014257 0.009875
v 0.003737 0.010454 0.024514
v 0.009128 -0.000808 -0.021122
v 0.008793 0.014794 0.018911
v 0.013537 0.011687 0.032140
v 0.009109 -0.001881 -0.021518
v 0.011314 0.009151 0.020072
v 0.011545 0.008753 0.023397
v 0.026005 0.004497 0.019657
v 0.018520 0.004919 -0.002963
v 0.008484 0.001069 -0.024492
v 0.028130 -0.001716 0.024274
v 0.012016 0.009060 0.028896
v 0.024653 -0.002563 0.025522
v 0.015132 0.013194 0.029271
v 0.013519 0.003947 0.039262
v 0.012664 0.006367 0.041411
v 0.015432 0.011291 0.029731
v 0.011980 0.004687 0.038874
v 0.012640 0.011996 0.032492
v 0.007596 0.003654 0.007621
v 0.013646 0.009570 0.019145
v 0.010416 0.007137 0.017190
v 0.015228 0.010432 0.028868
v 0.028777 -0.001900 0.026115
v 0.007746 0.012986 0.021461
v 0.017139 0.006469 0.037139
v 0.015204 0.003251 0.040096
v 0.013674 0.013572 0.024543
v 0.006086 0.004323 0.007562
v 0.026008 0.004484 0.019679
v 0.002079 0.006368 -0.043262
v 0.017335 0.005905 0.038679
v 0.001137 -0.006228 -0.017354
v 0.024500 0.004393 0.012335
v 0.028690 -0.002696 0.026493
v 0.005261 0.004447 0.006545
v 0.027986 -0.001485 0.026647
v 0.015598 0.011021 0.029477
v 0.015645 0.010860 0.031410
v 0.001898 0.004893 -0.033470
v 0.025134 -0.003846 0.025744
v 0.017397 0.005185 0.040064
v 0.013369 0.012351 0.010645
v 0.025274 -0.001916 0.024625
v 0.010287 0.005295 -0.022340
v 0.028009 0.002460 0.021774
v 0.013750 -0.000104 0.049831
v 0.025130 0.005679 0.017724
v 0.001887 0.006385 -0.044264
v 0.028846 -0.002991 0.026557
v 0.002527 0.004675 -0.033453
v 0.001519 -0.006327 -0.017926
v 0.005935 -0.000387 -0.024326
v 0.015434 0.011159 0.029671
v 0.024150 0.003340 0.012209
v 0.027951 0.002642 0.021608
v 0.029306 -0.004247 0.027353
v 0.013458 0.005855 0.035286
v 0.024716 -0.001916 0.024685
v 0.015779 0.010225 0.031265
v 0.009943 0.002578 0.001393
v 0.012059 0.009240 0.029144
v 0.017237 0.005405 0.040047
v 0.028070 -0.000750 0.026258
v 0.012088 0.008795 0.030684
v 0.001701 0.004821 -0.045119
v 0.017269 0.006308 0.037729
v 0.005288 -0.002256 -0.023921
v 0.010899 0.014397 0.009835
v 0.011129 0.000410 -0.020588
v 0.011926 0.004740 0.038957
v 0.011695 0.001925 -0.019091
v 0.012644 0.007528 0.042086
v 0.012050 0.008659 0.029218
v 0.000558 0.005459 -0.045711
v 0.012797 0.005648 0.034024
v 0.013344 0.012734 0.000936
v 0.015449 0.010997 0.029573
v 0.002006 0.004677 -0.032394
v 0.025461 -0.001952 0.024703
v 0.007925 0.010834 0.025748
v 0.001471 -0.006250 -0.017675
v 0.028514 -0.002584 0.025433
v 0.001521 0.005410 -0.046534
v 0.014361 0.009275 0.028419
v 0.012941 0.009287 0.029313
v 0.024639 -0.001963 0.024609
v 0.009470 0.002455 0.000035
v 0.000345 -0.003398 -0.032780
v 0.006924 -0.003559 -0.021379
v 0.002161 0.006125 -0.041943
v 0.014532 0.009712 0.028503
v 0.027807 -0.000749 0.026443
v 0.011266 0.001180 -0.019923
v 0.028999 -0.003159 0.026736
v 0.013634 0.013601 0.024621
v 0.011981 0.003192 0.004760
v 0.013293 0.001187 0.001313
v 0.024632 -0.002453 0.025376
v 0.001251 0.012314 -0.026722
v 0.006283 0.004269 0.008062
v 0.027886 -0.000894 0.026595
v 0.002221 0.014380 -0.019548
v 0.004996 0.002011 0.047868
v 0.000450 -0.005715 -0.015903
v 0.005718 0.000859 0.056519
v 0.005722 0.000958 0.056420
v 0.029321 -0.004303 0.027443
v 0.000247 -0.000613 -0.027310
v 0.025168 -0.002763 0.026262
v 0.027893 -0.001336 0.026661
v 0.011421 0.000830 -0.020213
v 0.001258 0.012285 -0.026491
v 0.015748 0.010365 0.031241
v 0.013298 0.006571 0.033339
v 0.017097 0.006613 0.036789
v 0.000234 -0.005493 -0.015344
v -0.000366 0.006946 -0.047412
v 0.025925 0.001006 0.028290
v 0.010892 0.002166 0.000440
v 0.027546 -0.002101 0.024209
v 0.011404 0.000739 -0.020347
v 0.011628 0.002006 0.000732
v 0.005169 0.007174 0.038978
v 0.010388 0.003265 0.005234
v 0.013711 0.010165 0.019093
v 0.014010 0.008571 0.025762
v 0.001198 0.003069 -0.000126
v 0.015283 0.010552 0.028965
v 0.013690 0.009668 0.019167
v 0.015296 0.010555 0.028966
v 0.013934 0.010448 0.014918
v 0.005177 0.007123 0.039079
v 0.001617 0.012216 -0.030004
v 0.015598 0.010958 0.031428
v 0.005456 0.003340 0.047839
v -0.000426 0.007245 -0.048001
v 0.001609 0.012208 -0.030240
v 0.027724 -0.000910 0.026171
v 0.005473 0.006191 0.041556
v 0.024119 0.003037 0.012435
v 0.017253 0.005418 0.040040
v 0.012891 0.014203 0.018555
v 0.028509 -0.001512 0.024597
v 0.025457 -0.001969 0.024829
v 0.024616 -0.000994 0.022830
v 0.027698 -0.001894 0.024448
v 0.025219 0.005930 0.017969
v 0.025195 -0.003883 0.025716
v 0.005182 -0.004808 -0.020719
v 0.012132 0.003156 0.004731
v 0.010780 0.009074 0.020227
v 0.014920 0.010615 0.021777
v 0.017364 0.006520 0.040034
v 0.015676 0.010680 0.031307
v 0.005243 -0.002417 -0.023876
v 0.028927 -0.003239 0.026135
v 0.013046 0.009310 0.028800
v 0.024558 -0.000871 0.022673
v 0.011313 0.008704 0.024728
v 0.017402 0.005268 0.040050
v 0.027447 0.000306 0.020849
v 0.014515 0.003235 0.040297
v 0.005280 0.006818 0.039891
v 0.011180 0.009182 0.020071
v 0.017241 0.005929 0.038387
v 0.011319 0.001766 0.000644
v 0.025157 -0.002207 0.025261
v 0.011956 0.008662 0.029274
v 0.009682 0.002442 0.000109
v 0.011506 0.001860 -0.019352
v 0.013008 0.006902 0.032811
v 0.001901 0.014025 -0.040459
v 0.028159 0.000275 0.026983
v 0.013027 0.014113 0.018590
v -0.001554 -0.002524 -0.032876
v 0.005910 -0.000548 -0.024315
v 0.001582 0.012146 -0.029842
v 0.013108 0.006792 0.032983
v 0.012248 0.003149 0.004678
v 0.025150 -0.002113 0.023889
v 0.013461 0.011710 0.032166
v 0.027647 -0.002555 0.025411
v -0.002773 -0.004870 -0.032642
v 0.024482 -0.002699 0.026828
v 0.013580 0.013662 0.024678
v 0.017423 0.006680 0.040712
v 0.005594 0.005386 0.044216
v 0.005483 0.006481 0.045178
v 0.025330 -0.002258 0.024290
v 0.015659 0.010769 0.031359
v 0.013901 0.010332 0.014990
v 0.004607 0.009847 0.029500
v 0.005746 0.004505 0.048688
v 0.016021 0.007803 0.041751
v 0.028370 -0.002366 0.025411
v 0.002289 0.005604 0.007356
v 0.024925 0.006168 0.016393
v -0.000277 -0.004979 -0.014069
v 0.026007 -0.002527 0.032190
v 0.012607 0.008403 0.027418
v 0.013263 0.012499 0.010482
v -0.002963 -0.004048 -0.011345
v 0.029286 -0.004158 0.027168
v 0.005732 0.004735 0.048748
v 0.000561 -0.000580 -0.021684
v -0.001665 -0.003100 -0.032774
v 0.028727 -0.002186 0.026274
v -0.001595 -0.002676 -0.032826
v 0.005308 0.003451 0.047543
v 0.025335 0.004621 0.022273
v 0.011294 0.001329 -0.019795
v 0.013098 0.014080 0.018646
v 0.015391 0.003264 0.040069
v 0.028019 0.000445 0.027166
v 0.012841 0.006776 0.031867
v 0.008566 0.001356 -0.024494
v 0.010797 0.002224 0.000435
v 0.005360 -0.001624 0.056224
v 0.029021 -0.003394 0.026771
v 0.014895 0.011853 0.030336
v 0.025209 0.005625 0.014892
v 0.017224 0.005817 0.038537
v 0.002340 0.005582 0.007273
v 0.027721 -0.000940 0.026153
v 0.014867 0.010624 0.021497
v 0.013458 0.009482 0.015531
v 0.013624 -0.000052 0.049791
v 0.029078 -0.003477 0.026878
v 0.001655 0.012260 -0.030322
v 0.014140 0.010480 0.014863
v 0.010595 0.001929 0.000385
v 0.024594 -0.002001 0.024566
v 0.028399 -0.002238 0.026544
v 0.023422 0.006872 0.016713
v 0.017268 0.006356 0.039903
v 0.009274 0.004444 -0.023710
v 0.012832 0.006811 0.031794
v 0.017506 0.001164 0.049653
v 0.013753 0.010267 0.019062
v 0.014993 0.013443 0.028739
v 0.009534 0.002219 0.000049
v 0.000197 -0.005435 -0.015102
v 0.001615 0.012133 -0.029573
v 0.024597 0.006366 0.018440
v 0.005039 0.007783 0.037761
v -0.000444 0.006901 -0.047465
v 0.022858 0.007203 0.015916
v 0.012846 0.007042 0.032403
v 0.022388 0.003417 0.010394
v 0.008925 -0.001029 -0.021178
v 0.005237 0.006951 0.039557
v 0.013528 0.009675 0.015434
v 0.022254 0.003184 0.010541
v 0.023046 0.004278 0.023203
v 0.012005 0.009345 0.019809
v 0.024539 -0.002646 0.030994
v 0.017399 0.001289 0.049654
v 0.005748 0.004404 0.048883
v 0.012650 0.006255 0.032792
v 0.000641 0.014804 -0.025713
v 0.011633 0.001857 -0.019234
v 0.015240 0.013281 0.029435
v 0.022874 0.000547 0.020805
v 0.013266 0.006497 0.033627
v 0.015509 0.004761 0.046848
v 0.011321 0.001532 -0.019582
v 0.005550 -0.004594 -0.021072
v 0.014749 0.011922 0.030405
v 0.000617 -0.000523 -0.021699
v 0.024219 -0.000547 0.021493
v 0.005106 0.007429 0.038429
v 0.001581 0.012251 -0.030173
v 0.012048 0.009043 0.029876
v 0.012843 0.014270 0.018610
v 0.023071 0.004005 0.008075
v 0.023206 0.004335 0.023171
v 0.005596 0.005369 0.044318
v 0.005213 -0.001632 0.056283
v 0.012028 0.008988 0.030183
v 0.024083 0.003205 0.012257
v 0.005244 0.003584 0.047408
v 0.011176 0.000995 -0.019994
v 0.013224 0.012544 0.010362
v 0.013381 0.003510 0.040509
v 0.024321 0.006189 0.018089
v -0.001006 -0.004204 -0.012544
v 0.017067 -0.001238 0.049032
v 0.001560 0.012083 -0.029376
v 0.023172 0.006955 0.018073
v 0.011743 0.009098 0.028925
v 0.005151 -0.004809 -0.020946
v 0.024025 -0.002427 0.027311
v -0.000467 -0.002157 -0.024798
v 0.015314 0.011480 0.029917
v 0.012417 0.012043 0.032556
v 0.023243 0.006716 0.018923
v 0.011928 0.014280 0.009895
v 0.014587 0.004106 0.038365
v 0.023928 0.005119 0.012892
v 0.008809 0.002341 -0.024349
v 0.005385 0.006477 0.040793
v 0.017159 -0.001237 0.048996
v 0.015273 0.013273 0.029214
v 0.003609 0.005109 0.006862
v 0.012352 0.009488 0.019586
v 0.022748 0.000590 0.020844
v 0.012122 0.009384 0.019741
v 0.005691 0.004641 0.049042
v 0.012943 0.006975 0.032697
v 0.017367 0.007060 0.039857
v 0.006454 0.000737 0.052392
v 0.022598 0.001256 0.017434
v 0.011309 0.008670 0.024835
v 0.005417 0.006418 0.040967
v -0.001791 -0.004168 -0.032627
v 0.000421 -0.000761 -0.021626
v 0.011651 0.001893 -0.019090
v 0.024011 0.004547 0.012705
v 0.005157 0.005364 0.043509
v -0.001872 -0.004337 -0.032706
v 0.001241 0.012066 -0.025598
v 0.014262 0.009596 0.028507
v 0.022366 0.003417 0.010259
v 0.012751 0.007118 0.032238
v 0.021430 0.003919 0.005680
v 0.015028 0.010183 0.028626
v -0.001010 -0.002561 -0.033045
v 0.017144 0.006877 0.041063
v 0.022390 0.004063 0.009295
v 0.014710 0.013619 0.026587
v 0.024222 -0.002491 0.027090
v 0.012153 0.008712 0.030833
v 0.023129 0.004047 0.008232
v 0.005308 0.006725 0.040118
v 0.005334 0.006684 0.040273
v 0.013437 0.003646 0.040179
v 0.024147 0.006603 0.016206
v 0.021540 0.003918 0.005891
v 0.013069 0.012818 0.010131
v 0.008286 0.000527 -0.024544
v 0.006232 0.013817 0.017327
v 0.010907 0.001872 0.000490
v 0.024980 0.005845 0.017905
v 0.013875 0.010166 0.019151
v 0.012950 0.006936 0.032770
v 0.005848 -0.000701 -0.024313
v 0.008778 -0.001172 -0.021239
v 0.013109 0.012768 0.010255
v 0.013226 0.006628 0.033298
v 0.022257 0.003557 0.013827
v 0.021995 0.003782 0.006886
v 0.012835 0.001341 0.001186
v 0.014592 0.013866 0.024589
v 0.004693 0.009745 0.030937
v 0.011193 0.009185 0.020038
v 0.011646 0.007890 0.016537
v -0.001676 -0.002810 -0.032856
v 0.006826 -0.003616 -0.021396
v 0.011093 0.000799 -0.019990
v 0.013759 0.010092 0.015193
v 0.016734 0.005565 0.040322
v 0.000116 -0.001112 -0.021517
v 0.016486 0.005011 0.038788
v 0.012920 0.008586 0.028175
v 0.022397 0.002624 0.013402
v 0.010977 0.009285 0.020010
v 0.005127 0.005524 0.043177
v 0.024666 0.004700 0.022552
v 0.022204 0.001468 0.016617
v 0.012557 0.008367 0.027209
v 0.023604 0.002169 0.012788
v 0.008172 0.002709 -0.000408
v 0.005082 0.005591 0.042722
v 0.008665 0.001618 -0.024460
v 0.016713 -0.001065 0.049252
v 0.022119 0.003839 0.007003
v 0.014671 0.009801 0.028491
v 0.021714 0.002809 0.011039
v 0.012737 0.004987 0.015679
v 0.005050 0.005804 0.041943
v 0.000271 -0.005568 -0.015468
v 0.004583 0.009842 0.029385
v 0.006574 -0.003834 -0.021355
v 0.013583 0.013655 0.024729
v 0.024660 0.006359 0.017330
v 0.022147 0.003809 0.007206
v 0.011218 0.014250 0.014844
v 0.008630 0.004624 0.015464
v 0.024394 -0.001782 0.024825
v 0.001021 0.003453 -0.000019
v 0.014160 0.009541 0.028494
v 0.022097 0.003418 0.013739
v 0.010759 0.007230 0.037273
v -0.000853 -0.002258 -0.024674
v 0.024242 0.006266 0.018104
v 0.003481 0.002726 -0.036497
v 0.008660 -0.002209 -0.021575
v 0.004121 0.010423 -0.034383
v 0.023494 0.005738 0.009593
v 0.017154 0.007074 0.041164
v 0.023081 0.004289 0.023082
v 0.023698 0.005703 0.010018
v -0.001090 -0.002555 -0.033105
v 0.004730 0.009698 0.031620
v 0.014591 0.013906 0.024381
v 0.022197 0.001509 0.016721
v 0.015681 0.004809 0.046825
v 0.008807 0.002156 -0.024378
v 0.013811 0.010264 0.019070
v 0.015075 0.008024 0.042041
v 0.005066 0.006065 0.041416
v 0.023474 0.004439 0.009618
v 0.004621 0.005794 -0.031904
v 0.023176 0.006930 0.018046
v 0.016827 0.005213 0.040199
v -0.001076 -0.002448 -0.024487
v 0.023445 0.006925 0.018001
v 0.004681 0.009775 0.030503
v 0.010015 0.010777 0.030186
v 0.024642 0.006028 0.017961
v 0.003299 0.002326 -0.037278
v 0.014882 0.012299 0.008000
v 0.016824 0.004840 0.038538
v 0.003050 0.001923 -0.033394
v 0.023347 0.006899 0.016784
v 0.001257 0.012071 -0.025631
v -0.000271 -0.004961 -0.013973
v 0.008712 0.008551 0.020844
v -0.000344 -0.004953 -0.013938
v 0.004710 0.009736 0.031178
v 0.001536 0.012104 -0.028634
v 0.023999 -0.000147 0.020825
v 0.006892 0.003869 0.007061
v 0.003028 0.002559 -0.034404
v 0.022366 0.002563 0.013456
v 0.014147 0.010883 0.018874
v 0.025123 0.004678 0.022364
v 0.009868 0.008809 0.033841
v 0.013654 0.009830 0.015323
v 0.011037 0.000688 -0.020056
v 0.014451 0.013846 0.024957
v 0.003890 0.005076 -0.036144
v 0.003982 -0.005544 -0.020069
v 0.015440 0.004843 0.046876
v 0.022338 0.003280 0.010402
v 0.005086 0.005805 0.042235
v -0.000584 0.007183 -0.048048
v 0.001566 0.012217 -0.028129
v 0.006688 0.002968 -0.000588
v 0.016610 0.005190 0.038922
v 0.023918 0.006691 0.013574
v 0.006109 0.013721 0.017386
v 0.021857 0.006836 0.006640
v 0.010997 0.006815 0.038378
v 0.014343 0.003297 0.040335
v 0.010685 0.002255 0.000423
v 0.010893 0.006378 0.039883
v 0.024424 0.006144 0.018050
v 0.007992 -0.000063 -0.024575
v 0.024385 0.006259 0.017317
v 0.004692 0.009763 0.030737
v 0.006096 0.001154 -0.003755
v 0.021831 0.001317 0.015285
v -0.000398 -0.004831 -0.013677
v -0.003198 -0.005075 -0.032690
v 0.002972 0.005740 -0.039313
v 0.010562 0.015061 0.018809
v 0.010789 0.007209 0.037413
v 0.008576 0.004475 0.015167
v 0.005133 0.005449 0.043349
v 0.022026 0.003333 0.013677
v 0.010714 0.006768 0.039171
v 0.016814 0.005455 0.040270
v -0.001753 -0.005221 -0.033323
v 0.022057 0.001143 0.015869
v 0.014891 0.012161 0.008356
v 0.010762 0.007242 0.037293
v 0.004762 0.009668 0.032054
v 0.010286 0.011911 0.031321
v 0.021756 0.003910 0.006372
v 0.001203 0.011950 -0.024884
v 0.006765 0.003919 0.007099
v 0.009038 0.006688 0.018244
v 0.008881 0.005472 0.016511
v 0.023990 0.004679 0.012749
v 0.016695 0.005322 0.039178
v 0.024823 0.006190 0.017263
v 0.024665 0.006342 0.018243
v 0.023090 0.007108 0.015749
v 0.003912 0.004867 -0.035519
v 0.004521 0.009979 0.028412
v 0.006289 -0.001386 0.055518
v 0.013420 0.011429 0.018903
v -0.001929 -0.004605 -0.032531
v 0.021525 0.001497 0.011322
v 0.001244 0.012017 -0.025020
v 0.003079 0.002908 -0.034677
v 0.003897 0.005162 -0.037264
v 0.004715 0.009714 0.031376
v 0.016861 0.007172 0.035124
v -0.001702 -0.003783 -0.032620
v 0.013418 0.012128 0.018703
v 0.004783 0.009623 0.032389
v 0.022525 0.003314 0.013927
v 0.008710 0.004882 0.015838
v 0.010694 0.000245 -0.001661
v 0.003454 0.002603 -0.036491
v 0.008666 0.001759 -0.024432
v 0.023512 0.000489 0.020118
v -0.000766 -0.002177 -0.024745
v 0.015161 0.013350 0.028942
v 0.008325 -0.004610 -0.016765
v 0.017360 0.007145 0.039708
v 0.003333 0.002431 -0.037251
v 0.024372 0.006547 0.017886
v 0.000059 -0.001388 -0.021382
v -0.001697 -0.005465 -0.033601
v 0.002930 0.006527 -0.042400
v 0.004606 0.006889 -0.031854
v 0.023402 0.004423 0.009954
v 0.013978 0.004399 0.037810
v 0.021772 0.001380 0.015167
v 0.023790 -0.001915 0.024788
v 0.000601 0.013666 -0.022365
v 0.002005 0.003475 -0.000165
v 0.014897 0.010035 0.028551
v 0.024238 0.006289 0.013224
v 0.014678 0.001828 0.049798
v 0.013879 0.010602 0.019182
v 0.016616 0.005201 0.039011
v 0.021353 0.003889 0.005518
v 0.013633 0.012162 0.011484
v 0.006181 0.001842 0.050475
v 0.024804 0.006250 0.018234
v 0.004977 0.006732 0.039755
v 0.005377 0.004532 0.048730
v 0.021587 0.003936 0.005968
v 0.004608 0.005359 -0.031954
v 0.024872 0.006207 0.018172
v 0.002992 0.002403 -0.034268
v 0.014003 0.003896 0.039468
v 0.023054 0.007009 0.016924
v 0.025103 0.000911 0.028181
v 0.023251 0.006892 0.018295
v 0.004294 0.006972 -0.034828
v 0.016788 0.005408 0.040212
v 0.010367 0.015077 0.018865
v 0.007202 0.004399 0.011291
v 0.013893 0.004645 0.036335
v 0.022198 0.001050 0.016236
v 0.016341 0.004399 0.038333
v 0.008480 0.004266 0.014612
v 0.022481 0.001318 0.017213
v -0.001981 -0.004501 -0.032839
v 0.016700 0.004691 0.038482
v 0.013364 0.010902 0.019047
v 0.004614 0.006993 -0.024369
v 0.023194 0.004766 0.009797
v 0.001218 0.012015 -0.025437
v 0.009952 0.011128 0.030591
v -0.000023 -0.005283 -0.014780
v 0.015151 0.011643 0.030183
v 0.011114 0.001812 0.000567
v 0.005385 0.004564 0.048752
v -0.001298 -0.003996 -0.012308
v 0.023497 0.000519 0.019993
v 0.002952 0.006496 -0.042316
v 0.006717 -0.000971 0.055329
v 0.023540 0.005800 0.009597
v 0.009586 0.009842 0.020452
v 0.023520 0.002083 0.012860
v 0.003269 0.005508 -0.035600
v 0.016556 0.005097 0.038825
v 0.017215 0.006646 0.040781
v 0.011020 0.006762 0.038717
v 0.023447 0.004719 0.009976
v 0.004397 0.010117 0.027323
v -0.000259 -0.004979 -0.014081
v 0.006019 0.001515 0.049776
v 0.010847 0.006491 0.039685
v 0.010823 0.000011 -0.020903
v -0.001315 -0.003954 -0.012259
v -0.001748 -0.003934 -0.032634
v 0.014507 0.013125 0.029385
v 0.024166 -0.000451 0.021336
v 0.005782 0.012529 -0.020092
v 0.024639 0.006418 0.017358
v 0.021251 0.004021 0.005165
v 0.024010 0.004129 0.012588
v 0.009533 0.009889 0.020563
v 0.021282 0.003956 0.005309
v -0.001677 -0.005518 -0.033846
v 0.003857 0.003353 -0.033571
v 0.022023 0.006638 0.006238
v 0.015219 0.011307 0.012487
v 0.006022 0.001475 0.049854
v 0.015763 0.004239 0.038336
v 0.004617 0.005908 -0.031877
v 0.023254 0.004344 0.023100
v 0.005115 0.005307 0.044254
v 0.010662 0.006863 0.038982
v 0.007939 -0.000195 -0.024570
v 0.014759 0.009869 0.028505
v 0.009575 0.015016 0.019123
v 0.022162 0.001080 0.016060
v 0.005469 0.007212 0.045124
v 0.014621 0.001813 0.049706
v -0.001671 -0.005358 -0.033425
v 0.021788 0.004538 0.004282
v 0.003894 0.005034 -0.036028
v -0.002093 -0.004566 -0.032684
v 0.007415 0.004367 0.011958
v 0.016860 0.004955 0.040223
v 0.024372 0.004915 0.022978
v 0.013400 0.011293 0.018909
v 0.002970 0.005747 -0.039342
v 0.024153 0.006358 0.017393
v 0.010764 0.009167 0.032280
v 0.004941 0.006563 0.040108
v 0.014035 0.003699 0.040276
v 0.010119 0.007773 0.036839
v 0.024264 0.006601 0.017927
v 0.003355 0.002294 -0.036514
v 0.015377 0.011221 0.012397
v 0.015758 0.008403 0.030839
v 0.023486 0.005446 0.009370
v 0.000304 -0.003944 -0.010809
v 0.004115 0.010485 -0.034521
v 0.004593 0.005291 -0.031994
v 0.006305 0.001056 0.051799
v 0.023938 -0.001939 0.024758
v 0.014657 0.001733 0.050020
v 0.016965 0.005132 0.040233
v 0.004623 0.006200 -0.031883
v -0.001731 -0.005524 -0.034282
v 0.023682 0.003149 0.012543
v 0.004989 0.004159 0.044419
v 0.014111 0.003517 0.040412
v 0.015883 0.010893 0.029341
v 0.004139 0.010391 -0.033819
v 0.005471 0.000522 0.056698
v 0.011616 0.003228 0.004853
v 0.024050 -0.000246 0.020994
v 0.003149 0.003699 -0.034360
v 0.022906 0.006300 0.020565
v 0.025047 0.004681 0.022435
v 0.006719 -0.000361 0.054077
v -0.000335 -0.004889 -0.013835
v 0.022841 0.006941 0.018370
v 0.003408 0.004808 -0.032409
v 0.014861 0.011347 0.014003
v 0.022925 0.007382 0.015537
v -0.001740 -0.005591 -0.033984
v 0.022001 0.001169 0.015778
v 0.010823 0.011533 0.032603
v 0.022273 0.001461 0.016847
v -0.001670 -0.003388 -0.032713
v 0.023258 0.006710 0.018914
v 0.012662 0.008592 0.016090
v -0.001729 -0.005541 -0.033816
v 0.023880 0.003549 0.012512
v 0.023279 0.006828 0.017930
v 0.009877 -0.000276 -0.020819
v 0.024670 0.006332 0.018247
v 0.024206 0.000162 0.021036
v 0.016474 0.004493 0.038392
v 0.005621 0.002212 0.049778
v 0.008638 0.004751 0.015728
v 0.024545 0.004666 0.022646
v 0.003868 0.003345 -0.033948
v 0.009991 0.008006 0.036272
v 0.014111 0.004429 0.039052
v 0.022806 0.003935 0.007214
v 0.023511 0.005615 0.009447
v 0.013577 0.012196 0.011162
v 0.014425 0.013829 0.025116
v 0.024188 0.006803 0.016767
v 0.003275 0.003597 -0.034921
v 0.023352 0.000358 0.019024
v 0.016644 0.004644 0.038455
v 0.014050 0.004483 0.039204
v -0.001693 -0.003668 -0.032666
v 0.016667 0.008455 0.040283
v 0.005486 0.000799 0.056407
v 0.010727 0.000600 -0.021698
v 0.003894 0.004444 -0.035318
v 0.015659 0.003357 0.040020
v 0.022171 0.003475 0.013758
v 0.003210 0.003562 -0.034278
v 0.016815 0.007328 0.034780
v 0.008924 0.010081 0.020692
v 0.005655 0.001929 0.049469
v 0.004626 0.006011 -0.031900
v 0.021369 0.006970 0.005070
v 0.005381 0.004518 0.048759
v 0.021566 0.002780 0.011122
v 0.004943 0.006474 0.040282
v 0.016393 0.006131 0.040505
v 0.014832 0.013587 0.030032
v 0.023257 0.005426 0.009841
v 0.006570 0.000293 0.053067
v 0.004991 0.006319 0.040653
v 0.022117 0.001551 0.016328
v 0.022357 0.001414 0.016901
v 0.023050 0.007132 0.015820
v 0.010792 0.006636 0.039365
v -0.002378 -0.004695 -0.032740
v 0.003153 0.003662 -0.034268
v 0.022425 0.002921 0.013715
v 0.014605 0.001695 0.049933
v 0.010021 0.011515 0.030947
v -0.001764 -0.005588 -0.034042
v 0.023137 0.004317 0.010960
v -0.000102 -0.005278 -0.014650
v 0.023793 0.006522 0.017537
v 0.014961 0.004762 0.046984
v -0.001516 -0.002481 -0.032981
v -0.001930 -0.005228 -0.033520
v 0.001083 0.011920 -0.022997
v 0.004520 0.007411 -0.024234
v 0.023050 0.005189 0.008532
v 0.023576 0.007031 0.013861
v 0.008516 0.004410 0.015131
v 0.010526 0.008140 0.022361
v 0.006456 -0.000557 0.054026
v 0.023026 0.000862 0.018375
v 0.023282 0.000388 0.018931
v 0.023293 0.000625 0.019282
v -0.001610 -0.005235 -0.033252
v 0.009533 0.009884 0.020573
v 0.005388 0.004548 0.048782
v 0.005488 0.006117 0.041741
v 0.023062 0.005171 0.008310
v 0.003052 0.003353 -0.034559
v 0.010571 0.007429 0.036961
v 0.023403 0.000483 0.020352
v 0.008589 0.004592 0.015372
v 0.004848 0.009499 0.033983
v 0.016777 0.006642 0.040923
v 0.011095 0.011827 0.032652
v 0.003363 0.004897 -0.032583
v 0.014034 0.003636 0.040131
v 0.010243 0.007546 0.037363
v 0.016463 0.008580 0.039807
v 0.005652 0.002227 0.049799
v 0.016386 0.008976 0.031157
v -0.001844 -0.004915 -0.033144
v 0.024139 0.006561 0.018513
v 0.012789 0.008718 0.016001
v 0.010352 -0.000522 -0.021044
v 0.005479 0.006928 0.044649
v 0.003889 0.004327 -0.035237
v 0.011224 0.011908 0.032654
v 0.011109 0.008774 0.023956
v 0.009086 0.009997 0.020686
v 0.020861 0.004304 0.003948
v 0.005902 0.003250 0.047979
v 0.004120 0.010541 -0.033470
v 0.004756 -0.005041 -0.020542
v 0.015510 0.010475 0.026019
v -0.001966 -0.005515 -0.034327
v 0.014176 0.003392 0.040385
v 0.000095 -0.001260 -0.021403
v 0.011605 0.009188 0.028959
v 0.021494 0.002033 0.014987
v 0.023073 0.004202 0.010834
v 0.023322 0.000589 0.019920
v 0.022637 0.005385 0.022044
v 0.015977 0.008695 0.031432
v 0.003755 0.003293 -0.034862
v 0.002994 0.005515 -0.036783
v 0.006536 0.000451 0.052816
v 0.013433 0.011982 0.018762
v 0.021547 0.001605 0.014383
v 0.001001 0.011772 -0.022620
v 0.004865 0.009409 0.033847
v 0.008511 0.004418 0.015005
v 0.016021 0.011500 0.029830
v 0.006760 -0.000877 0.055106
v 0.022708 0.007069 0.017061
v 0.023107 0.004260 0.010897
v 0.014143 0.004350 0.038914
v 0.011589 0.005284 0.039545
v 0.003107 0.005528 -0.035414
v 0.003238 0.005701 -0.038032
v 0.023952 0.006464 0.017470
v -0.000616 -0.004568 -0.013071
v 0.007817 -0.002649 -0.021447
v -0.000066 -0.005208 -0.014543
v 0.008943 0.006691 0.018296
v 0.021391 0.002756 0.011228
v 0.016234 0.008425 0.031854
v 0.022961 0.005299 0.007972
v 0.021186 0.004063 0.004975
v 0.023873 0.006814 0.017725
v 0.022750 0.005447 0.007916
v 0.024019 0.004884 0.023073
v 0.013943 0.005023 0.036679
v 0.016333 0.008456 0.032145
v 0.014308 0.014118 0.023885
v 0.005031 -0.002678 -0.023877
v 0.010863 0.007133 0.037554
v 0.005590 0.005421 0.044034
v 0.014680 0.010534 0.014615
v 0.014854 0.012246 0.008088
v 0.011639 0.005211 0.039497
v 0.004588 0.007120 -0.031816
v 0.024200 0.004894 0.023009
v 0.011583 0.005455 0.039671
v 0.006468 -0.000775 0.054423
v 0.023313 0.000623 0.019813
v 0.014795 0.013548 0.029937
v 0.023263 0.000630 0.019727
v 0.000963 0.003467 0.000040
v 0.016375 0.008778 0.031335
v 0.005003 -0.004929 -0.020613
v 0.015407 0.010468 0.025189
v 0.004126 0.010504 -0.033562
v 0.022654 0.006130 0.021020
v 0.000017 -0.005394 -0.014934
v 0.008345 0.004325 0.014317
v 0.022685 0.005807 0.021969
v 0.010206 0.007599 0.037183
v 0.010435 0.009926 0.020090
v 0.003426 0.005183 0.006934
v 0.015904 0.008809 0.031358
v 0.005226 0.007499 0.040029
v 0.021580 0.002981 0.014281
v 0.003156 0.005736 -0.038938
v -0.001830 -0.001622 -0.014499
v 0.021549 0.006911 0.005317
v 0.005721 0.001731 0.050608
v 0.023654 0.006782 0.015391
v 0.023236 0.005263 0.011497
v 0.023226 0.000706 0.018965
v 0.022614 0.003915 0.006821
v 0.010818 0.006563 0.039519
v 0.005001 0.006232 0.040820
v 0.016245 0.008671 0.031560
v 0.021580 0.006932 0.005524
v 0.004992 -0.002800 -0.023858
v 0.003215 0.003328 -0.034548
v 0.014352 0.012145 0.008191
v 0.008415 0.004052 0.006154
v 0.009707 0.008930 0.033348
v 0.004791 0.009623 0.032503
v -0.000682 -0.004623 -0.013165
v 0.022881 0.000619 0.017890
v 0.007132 0.000591 -0.004079
v 0.005300 -0.000195 -0.025760
v 0.023047 0.000524 0.018308
v 0.001640 0.015148 -0.018197
v 0.004084 0.010726 -0.033229
v 0.001034 0.011844 -0.022791
v 0.024010 0.006636 0.018625
v 0.010536 0.008942 0.021290
v 0.002114 0.002136 -0.002627
v 0.003231 0.005687 -0.038100
v 0.016369 0.008281 0.032470
v 0.022908 0.005215 0.008254
v 0.003865 0.003363 -0.033710
v 0.006834 0.000723 -0.004047
v 0.022734 0.005386 0.008023
v 0.022913 0.005314 0.008400
v 0.015585 0.004160 0.038307
v 0.010424 0.009935 0.019627
v 0.000304 -0.000513 -0.027239
v 0.007750 0.002797 -0.000546
v 0.014842 0.012189 0.008191
v 0.022355 0.003989 0.006100
v 0.022798 0.004120 0.023190
v 0.013935 0.004554 0.036502
v 0.022860 0.000626 0.017785
v 0.022541 0.007560 0.014636
v 0.008399 0.004274 0.014608
v 0.004838 0.009488 0.033335
v 0.007454 0.004376 0.012108
v -0.000692 -0.003999 -0.032488
v 0.021312 0.007149 0.004529
v 0.022871 0.005552 0.007815
v 0.011725 0.012042 0.032620
v 0.024088 0.004820 0.022967
v 0.005611 0.002246 0.048896
v 0.023133 0.000750 0.018918
v 0.021677 0.002820 0.013886
v 0.022560 0.003955 0.006547
v 0.010273 0.009118 0.018584
v 0.021337 0.006549 0.005778
v 0.010451 0.009962 0.019899
v 0.022561 0.006692 0.019111
v 0.010459 0.002288 0.000338
v 0.003852 0.004230 -0.035183
v 0.021523 0.001644 0.014265
v 0.000585 -0.005824 -0.016192
v 0.010197 0.009468 0.018894
v 0.023638 0.006977 0.013805
v 0.008604 0.003942 0.006140
v 0.011367 0.005862 0.039858
v 0.022462 0.003857 0.008316
v 0.010003 0.009120 0.018662
v 0.022319 0.004022 0.005953
v 0.003805 0.003294 -0.034570
v 0.010304 0.007042 0.017260
v 0.022583 0.003889 0.007362
v 0.011829 0.012061 0.032628
v 0.009814 0.008837 0.033642
v 0.011136 0.008868 0.032144
v 0.010330 0.009121 0.020426
v 0.010213 0.009808 0.020259
v 0.023569 -0.001026 0.028453
v 0.010233 0.007547 0.037294
v 0.022493 0.004023 0.006357
v 0.022447 0.003893 0.008048
v 0.010087 0.009164 0.019351
v 0.003861 0.003366 -0.034052
v -0.001509 -0.002736 -0.024217
v 0.023452 -0.001477 0.028666
v 0.010037 0.009153 0.019220
v 0.000530 -0.005793 -0.016163
v -0.001546 -0.002778 -0.024151
v 0.000058 -0.005326 -0.014839
v 0.016623 0.008456 0.040215
v 0.005943 0.013357 -0.017804
v 0.004862 0.009403 0.033748
v 0.023466 -0.001362 0.028595
v 0.022388 0.003862 0.007648
v 0.008121 0.004175 0.006320
v 0.011109 0.008814 0.023836
v 0.000531 -0.005779 -0.016113
v 0.009249 0.006477 0.018066
v 0.004749 0.009667 0.031930
v 0.010569 0.013774 0.030651
v 0.000567 -0.005866 -0.016278
v 0.022865 0.000961 0.018113
v 0.021693 0.001856 0.015261
v 0.003829 0.003921 -0.035092
v 0.010519 0.014460 0.009858
v 0.014118 0.003998 0.039135
v 0.022699 0.004057 0.023157
v 0.007886 0.004276 0.006390
v 0.022727 0.000740 0.017426
v 0.015448 0.010488 0.025482
v 0.007826 -0.002456 -0.021405
v 0.023554 0.006847 0.015466
v 0.010046 0.009762 0.020319
v 0.023884 0.006332 0.018370
v 0.009960 0.009176 0.018838
v 0.000437 -0.000300 -0.027173
v 0.010276 -0.000139 -0.020777
v 0.004105 0.010633 -0.033348
v 0.001613 0.014141 -0.019780
v -0.000030 -0.005253 -0.014699
v 0.003193 0.005716 -0.038747
v -0.000609 -0.003941 -0.032512
v 0.003752 0.003465 -0.035042
v 0.002556 0.014785 -0.018483
v 0.009856 0.013952 0.026745
v -0.000638 -0.004648 -0.013249
v 0.022469 0.003946 0.008576
v 0.002225 0.006689 -0.023825
v 0.016927 0.007385 0.041411
v 0.009710 -0.000405 -0.020891
v 0.003795 0.003320 -0.034674
v 0.021666 0.001890 0.015171
v -0.000246 0.006917 -0.047328
v 0.004016 -0.005494 -0.020334
v 0.009087 0.005995 0.017061
v 0.003294 0.005624 -0.040366
v 0.022301 0.003780 0.007576
v 0.003267 0.005689 -0.037749
v 0.015393 0.010473 0.025064
v 0.011707 0.004992 0.039288
v 0.005843 0.001410 0.051238
v 0.014781 0.002121 0.049890
v 0.016261 0.004329 0.038310
v 0.005836 0.012384 -0.020199
v 0.004407 -0.005270 -0.020336
v 0.006399 0.000743 -0.004087
v 0.021332 0.006574 0.005777
v 0.001452 0.002978 -0.027372
v 0.000360 -0.000471 -0.027249
v 0.022465 0.003963 0.008450
v -0.000697 -0.004510 -0.013014
v 0.022796 0.001081 0.017724
v 0.002262 0.011484 -0.030764
v 0.016048 0.003583 0.040016
v 0.005735 0.001620 0.050739
v -0.001430 -0.004167 -0.042476
v 0.010876 0.009086 0.032229
v 0.021369 0.006743 0.005683
v 0.021588 0.006973 0.005791
v 0.001561 0.014170 -0.019783
v 0.010697 0.007241 0.037176
v 0.001391 0.002848 -0.027394
v 0.015459 0.010479 0.025592
v 0.015791 0.009983 0.031185
v 0.023661 0.006377 0.018398
v 0.021658 0.002883 0.013786
v 0.007193 0.000495 -0.004060
v 0.012366 0.001687 0.001015
v 0.022782 0.006224 0.020694
v 0.022381 0.003863 0.007757
v 0.009220 0.006612 0.018105
v -0.000758 -0.004429 -0.012881
v 0.022473 0.003834 0.023186
v 0.023586 0.007149 0.016921
v 0.010089 0.009276 0.018723
v 0.003701 0.003359 -0.031856
v 0.010369 0.007914 0.035904
v 0.010758 0.014047 0.029596
v 0.010156 -0.000606 -0.020977
v 0.010132 0.010150 0.029598
v 0.022466 0.004058 0.008868
v -0.000347 -0.003811 -0.032558
v 0.011299 0.003047 0.042887
v 0.022207 0.003724 0.007323
v 0.000975 0.011722 -0.022502
v 0.016409 -0.001036 0.049308
v 0.015515 0.010471 0.026145
v 0.022596 0.005958 0.021211
v -0.000573 -0.004620 -0.013167
v 0.005847 0.003601 0.047486
v 0.021563 0.001958 0.015118
v 0.010425 0.007213 0.038096
v 0.021314 0.001963 0.013777
v 0.010273 0.013629 0.030593
v 0.010635 0.008125 0.022842
v 0.007812 0.004346 0.013215
v 0.004328 0.004747 0.006681
v 0.021322 0.006551 0.005760
v 0.001619 0.001624 -0.023010
v 0.021040 0.004257 0.004421
v 0.009103 0.009634 0.028363
v 0.022713 0.001143 0.017696
v 0.008236 0.004120 0.006281
v 0.007103 0.004417 0.011112
v 0.020688 0.004963 0.001303
v 0.021776 0.003408 0.014320
v 0.005990 0.003167 0.048231
v 0.003691 0.003418 -0.031624
v 0.000245 0.005419 -0.045613
v 0.011215 0.008827 0.032121
v 0.005794 0.001282 0.051261
v 0.008868 0.008511 0.020831
v 0.003148 0.005541 -0.035503
v 0.022671 0.005895 0.021113
v 0.010149 0.010256 0.029708
v 0.003519 0.005552 -0.036165
v 0.010074 0.009158 0.018652
v 0.006620 0.000682 -0.004101
v 0.022509 0.007297 0.016169
v 0.022676 0.005905 0.021120
v 0.000250 0.005438 -0.045625
v 0.022723 0.005993 0.021041
v -0.000015 -0.003610 -0.032659
v 0.016018 0.004375 0.038342
v 0.020824 0.004428 0.003859
v 0.020924 0.004364 0.004037
v 0.002295 0.011379 -0.030817
v 0.007115 0.011829 0.020751
v 0.010299 0.008032 0.035444
v 0.022727 0.005593 0.022404
v -0.000781 -0.005726 -0.014192
v 0.010458 0.012108 0.031405
v 0.022658 0.006709 0.019072
v 0.010168 0.008291 0.034948
v 0.015562 0.003277 0.040045
v 0.003283 0.005641 -0.037476
v 0.015626 0.010533 0.028946
v 0.001819 0.003492 -0.000106
v 0.001614 0.003058 -0.000209
v 0.000393 0.006852 -0.046645
v 0.014829 0.010570 0.014505
v 0.020974 0.004304 0.004222
v 0.022639 0.005865 0.020956
v 0.022402 0.007526 0.016507
v 0.003360 0.003402 -0.034147
v 0.010771 0.015014 0.018736
v 0.010079 0.009697 0.020396
v 0.003284 0.003293 -0.034412
v 0.003288 0.003216 -0.034192
v 0.016146 0.004255 0.038257
v 0.003218 0.005491 -0.035602
v 0.003062 0.003673 -0.034251
v 0.001702 0.001843 -0.023094
v 0.002641 0.011622 -0.028809
v 0.021209 0.002725 0.011343
v -0.001370 -0.004130 -0.042608
v 0.022642 0.005388 0.022052
v 0.002014 0.015023 -0.018273
v 0.009975 0.014421 0.026355
v 0.010577 0.013929 0.029584
v 0.002052 0.015019 -0.018268
v 0.002207 0.004981 -0.045170
v 0.022628 0.006099 0.020519
v 0.001159 -0.000232 -0.024836
v 0.010327 0.008018 0.035599
v 0.014378 0.009310 0.015348
v 0.003517 0.005419 -0.035827
v 0.015512 0.004139 0.038284
v 0.006074 0.001805 0.050397
v 0.004210 -0.005401 -0.020206
v 0.004114 -0.005427 -0.020399
v -0.000247 0.006866 -0.047408
v 0.003276 0.003541 -0.034856
v 0.009829 0.008868 0.033704
v -0.001157 -0.002517 -0.024401
v 0.009123 0.006116 0.017148
v 0.003381 0.003356 -0.000392
v 0.010148 0.008347 0.034771
v 0.021290 0.006638 0.005631
v 0.007107 0.011738 0.020728
v 0.015908 0.008318 0.030892
v 0.004675 0.004572 0.006649
v -0.000214 -0.003708 -0.032611
v 0.015767 0.009546 0.031134
v 0.010024 0.014511 0.026159
v -0.000526 -0.004713 -0.013411
v 0.016171 0.003717 0.040015
v 0.000069 0.006855 -0.046953
v 0.014863 0.011272 0.014102
v 0.021382 0.007034 0.004902
v 0.009134 0.006126 0.017239
v 0.014447 0.011028 0.014128
v 0.001364 -0.001368 -0.020444
v 0.010198 -0.000442 -0.020911
v 0.000652 -0.001572 -0.025232
v 0.021295 0.006793 0.005283
v 0.021277 0.006694 0.005448
v 0.003202 0.002045 -0.037191
v 0.009117 0.006114 0.017146
v 0.000248 0.005428 -0.045606
v 0.010066 -0.000120 -0.020733
v 0.010567 0.013984 0.029548
v 0.016726 0.007436 0.041485
v 0.021203 0.002752 0.011376
v 0.020779 0.004602 0.003441
v 0.005725 0.001422 -0.003650
v 0.022298 0.007315 0.016244
v 0.014548 0.011985 0.008348
v 0.008016 0.004331 0.013607
v 0.022224 0.007778 0.014646
v 0.002094 0.006961 -0.023859
v 0.003214 0.002140 -0.037163
v 0.000714 -0.001487 -0.025274
v 0.014511 0.011467 0.013555
v 0.006012 0.001229 -0.003724
v 0.010552 0.007473 0.036851
v 0.020652 0.005022 0.001322
v 0.021287 0.002138 0.013780
v 0.010529 0.007494 0.036696
v 0.002086 0.008857 -0.032369
v 0.010587 0.006976 0.038635
v 0.010748 0.011418 0.032604
v 0.003091 0.001609 -0.037198
v 0.010625 0.006916 0.038817
v 0.010091 0.010507 0.029928
v 0.010472 0.007678 0.036359
v 0.022499 0.005817 0.021172
v 0.016734 0.008366 0.040373
v 0.010262 0.008110 0.035301
v 0.003049 0.001454 -0.037146
v 0.003264 0.005677 -0.040475
v 0.010794 0.014017 0.029753
v 0.016446 0.006106 0.040430
v 0.015925 0.004120 0.038166
v 0.007034 0.003720 0.006017
v 0.001825 0.008493 -0.033625
v 0.010497 0.007092 0.038396
v 0.010902 0.011142 0.036700
v 0.003554 0.003406 -0.033880
v -0.001434 -0.004168 -0.042476
v 0.000096 0.006855 -0.046850
v 0.010750 0.013805 0.030581
v 0.000347 0.005435 -0.045612
v 0.007707 0.004341 0.012884
v 0.003510 0.005284 -0.036456
v 0.003414 0.003309 -0.033951
v 0.010570 0.012402 0.031331
v 0.007197 0.011557 0.020609
v 0.002458 0.010980 -0.031026
v 0.000247 0.005429 -0.045632
v 0.007139 0.011691 0.020679
v 0.007738 0.004344 0.012992
v 0.009249 0.009941 0.020655
v 0.001718 0.003078 -0.026882
v 0.003514 0.005462 -0.036107
v 0.010124 0.010366 0.029819
v 0.002015 0.009168 -0.033261
v 0.001892 0.008789 -0.033734
v 0.003216 0.006356 -0.041087
v 0.000433 0.006788 -0.046544
v 0.000195 -0.003466 -0.032740
v 0.000340 0.005413 -0.045627
v 0.003253 0.006298 -0.040898
v 0.001926 0.008926 -0.033625
v 0.001921 0.008231 -0.033388
v 0.010324 0.007405 0.037693
v 0.000371 0.005392 -0.045752
v 0.010600 0.013376 0.030467
v 0.009839 0.015049 0.019007
v 0.002108 0.009399 -0.032862
v 0.007642 0.011112 0.024461
v 0.002069 0.009294 -0.033045
v 0.004422 0.010561 0.028740
v 0.005375 0.000860 0.056415
v 0.004656 0.008948 0.036527
v -0.002936 -0.003816 -0.027394
v -0.002600 -0.003455 -0.024275
v 0.003704 0.009722 0.024421
v 0.004027 0.010725 0.023962
v 0.005023 0.008225 0.039750
v 0.005229 0.006728 0.044750
v -0.002552 -0.003799 -0.025158
v 0.004989 0.005217 0.044636
v 0.005193 0.007082 0.044694
v -0.002496 -0.003345 -0.024519
v 0.004702 0.009833 0.034453
v -0.002531 -0.003738 -0.024893
v 0.004060 0.009981 0.027018
v 0.005353 0.001018 0.056310
v 0.004645 0.007962 0.037099
v -0.002512 0.006916 -0.048142
v -0.002550 -0.003782 -0.025018
v 0.004640 0.008024 0.036673
v 0.004675 0.003825 0.044312
v 0.005165 0.006887 0.044572
v 0.004669 0.007189 0.038454
v 0.001077 0.015364 -0.017966
v 0.005034 0.005136 0.044562
v 0.004828 0.004015 0.044386
v 0.004437 0.010720 0.028139
v -0.002576 -0.003552 -0.025645
v -0.002726 -0.003922 -0.026663
v 0.004747 0.009772 0.034350
v -0.002522 -0.003707 -0.024727
v 0.004710 0.006863 0.038938
v 0.004987 0.008441 0.039026
v 0.004853 0.008280 0.036755
v 0.005390 0.007221 0.044901
v 0.004841 0.008337 0.036684
v 0.004831 0.009565 0.034089
v 0.005436 0.000738 0.056407
v 0.004505 0.010496 0.028739
v 0.005164 0.006847 0.044613
v -0.002541 -0.003454 -0.024928
v -0.003438 -0.005004 -0.032514
v -0.002528 -0.003725 -0.024761
v -0.002769 -0.003793 -0.027281
v -0.002350 -0.003177 -0.023676
v 0.004750 0.008649 0.036568
v -0.002553 -0.003503 -0.025361
v 0.004684 0.006930 0.038792
v 0.000846 0.003405 0.000001
v 0.004834 0.008339 0.036679
v 0.005065 0.003852 0.047111
vt 0.107894 0.970177 0.000000
vt 0.109024 0.973610 0.000000
vt 0.107379 0.970033 0.000000
vt 0.130258 0.961885 0.000000
vt 0.130022 0.970392 0.000000
vt 0.164049 0.659708 0.000000
vt 0.164432 0.645313 0.000000
vt 0.167650 0.683798 0.000000
vt 0.279196 0.188182 0.000000
vt 0.275564 0.174895 0.000000
vt 0.279652 0.188407 0.000000
vt 0.256174 0.196163 0.000000
vt 0.193803 0.692402 0.000000
vt 0.130984 0.969452 0.000000
vt 0.148399 0.970324 0.000000
vt 0.676064 0.960623 0.000000
vt 0.690881 0.953795 0.000000
vt 0.691222 0.952838 0.000000
vt 0.154184 0.979602 0.000000
vt 0.134583 0.113600 0.000000
vt 0.119530 0.073825 0.000000
vt 0.153693 0.089360 0.000000
vt 0.207471 0.697088 0.000000
vt 0.224499 0.677932 0.000000
vt 0.147991 0.969586 0.000000
vt 0.685860 0.940142 0.000000
vt 0.686488 0.939688 0.000000
vt 0.681552 0.942102 0.000000
vt 0.675318 0.945639 0.000000
vt 0.688346 0.936654 0.000000
vt 0.667164 0.938622 0.000000
vt 0.677914 0.947937 0.000000
vt 0.677884 0.950243 0.000000
vt 0.690539 0.935376 0.000000
vt 0.676795 0.957143 0.000000
vt 0.675014 0.947445 0.000000
vt 0.673021 0.953532 0.000000
vt 0.676522 0.957001 0.000000
vt 0.675523 0.960620 0.000000
vt 0.672902 0.954847 0.000000
vt 0.668625 0.951790 0.000000
vt 0.669370 0.948087 0.000000
vt 0.117965 0.074916 0.000000
vt 0.116951 0.072547 0.000000
vt 0.119486 0.074225 0.000000
vt 0.108720 0.119594 0.000000
vt 0.114434 0.074190 0.000000
vt 0.114358 0.075059 0.000000
vt 0.114038 0.075902 0.000000
vt 0.674109 0.919937 0.000000
vt 0.674218 0.918326 0.000000
vt 0.659944 0.939124 0.000000
vt 0.665792 0.943017 0.000000
vt 0.666320 0.938771 0.000000
vt 0.665479 0.944099 0.000000
vt 0.662117 0.942632 0.000000
vt 0.665300 0.939211 0.000000
vt 0.121071 0.091980 0.000000
vt 0.120081 0.079314 0.000000
vt 0.118470 0.075373 0.000000
vt 0.113164 0.076249 0.000000
vt 0.109820 0.076016 0.000000
vt 0.120969 0.097887 0.000000
vt 0.121303 0.094656 0.000000
vt 0.107369 0.077199 0.000000
vt 0.123277 0.107038 0.000000
vt 0.122398 0.107445 0.000000
vt 0.123799 0.108801 0.000000
vt 0.123198 0.107298 0.000000
vt 0.125176 0.111551 0.000000
vt 0.137599 0.112626 0.000000
vt 0.124301 0.110712 0.000000
vt 0.123928 0.109687 0.000000
vt 0.125355 0.112672 0.000000
vt 0.123354 0.107962 0.000000
vt 0.123252 0.110124 0.000000
vt 0.123442 0.109322 0.000000
vt 0.133631 0.113963 0.000000
vt 0.124627 0.116657 0.000000
vt 0.125694 0.116611 0.000000
vt 0.123407 0.114671 0.000000
vt 0.124643 0.117438 0.000000
vt 0.102684 0.120106 0.000000
vt 0.128519 0.122161 0.000000
vt 0.136852 0.122789 0.000000
vt 0.135315 0.123188 0.000000
vt 0.130268 0.122436 0.000000
vt 0.129641 0.122560 0.000000
vt 0.128866 0.122467 0.000000
vt 0.127361 0.121984 0.000000
vt 0.132038 0.124666 0.000000
vt 0.133238 0.124457 0.000000
vt 0.134671 0.124287 0.000000
vt 0.134116 0.124390 0.000000
vt 0.129616 0.146586 0.000000
vt 0.135395 0.124252 0.000000
vt 0.131643 0.124706 0.000000
vt 0.130621 0.124842 0.000000
vt 0.125827 0.127541 0.000000
vt 0.123144 0.114751 0.000000
vt 0.123107 0.115583 0.000000
vt 0.123483 0.117711 0.000000
vt 0.122994 0.115503 0.000000
vt 0.123869 0.117924 0.000000
vt 0.122984 0.118040 0.000000
vt 0.120376 0.118976 0.000000
vt 0.119656 0.123129 0.000000
vt 0.124986 0.127125 0.000000
vt 0.116292 0.125833 0.000000
vt 0.123737 0.126395 0.000000
vt 0.124846 0.133820 0.000000
vt 0.116276 0.126662 0.000000
vt 0.126974 0.135679 0.000000
vt 0.125880 0.132616 0.000000
vt 0.125775 0.128581 0.000000
vt 0.125024 0.134220 0.000000
vt 0.125284 0.136553 0.000000
vt 0.127334 0.137650 0.000000
vt 0.115819 0.118714 0.000000
vt 0.118351 0.123338 0.000000
vt 0.115009 0.120443 0.000000
vt 0.120049 0.118728 0.000000
vt 0.114775 0.121323 0.000000
vt 0.113255 0.119173 0.000000
vt 0.111700 0.119454 0.000000
vt 0.105979 0.130880 0.000000
vt 0.105382 0.128478 0.000000
vt 0.105960 0.127218 0.000000
vt 0.710603 0.919360 0.000000
vt 0.709432 0.919805 0.000000
vt 0.747224 0.952650 0.000000
vt 0.697567 0.905885 0.000000
vt 0.695789 0.902989 0.000000
vt 0.696673 0.905251 0.000000
vt 0.696637 0.903896 0.000000
vt 0.697263 0.904533 0.000000
vt 0.697238 0.903547 0.000000
vt 0.698205 0.903471 0.000000
vt 0.700343 0.903761 0.000000
vt 0.211988 0.010649 0.000000
vt 0.305894 0.006705 0.000000
vt 0.310455 0.020152 0.000000
vt 0.276169 0.028618 0.000000
vt 0.271983 0.026631 0.000000
vt 0.275071 0.029038 0.000000
vt 0.276903 0.029873 0.000000
vt 0.250139 0.046318 0.000000
vt 0.082401 0.107798 0.000000
vt 0.218217 0.025206 0.000000
vt 0.136979 0.112962 0.000000
vt 0.138520 0.112496 0.000000
vt 0.139544 0.112264 0.000000
vt 0.143403 0.111072 0.000000
vt 0.144481 0.110973 0.000000
vt 0.146373 0.117871 0.000000
vt 0.146205 0.110996 0.000000
vt 0.145547 0.110855 0.000000
vt 0.147163 0.110843 0.000000
vt 0.147281 0.111162 0.000000
vt 0.146914 0.111777 0.000000
vt 0.146848 0.112448 0.000000
vt 0.150479 0.110249 0.000000
vt 0.147707 0.110387 0.000000
vt 0.149568 0.112317 0.000000
vt 0.151506 0.112025 0.000000
vt 0.150123 0.113561 0.000000
vt 0.150053 0.113530 0.000000
vt 0.150368 0.116780 0.000000
vt 0.150876 0.117239 0.000000
vt 0.147126 0.116137 0.000000
vt 0.150203 0.115090 0.000000
vt 0.147454 0.116641 0.000000
vt 0.150433 0.113976 0.000000
vt 0.150388 0.115378 0.000000
vt 0.163331 0.095330 0.000000
vt 0.195690 0.944918 0.000000
vt 0.212040 0.961815 0.000000
vt 0.194563 0.946095 0.000000
vt 0.107552 0.119604 0.000000
vt 0.097411 0.120406 0.000000
vt 0.187741 0.963790 0.000000
vt 0.195761 0.976887 0.000000
vt 0.184272 0.968472 0.000000
vt 0.091921 0.120157 0.000000
vt 0.094043 0.120496 0.000000
vt 0.084359 0.162861 0.000000
vt 0.193063 0.957343 0.000000
vt 0.192030 0.946973 0.000000
vt 0.187845 0.963019 0.000000
vt 0.187823 0.947642 0.000000
vt 0.137944 0.122710 0.000000
vt 0.138401 0.122756 0.000000
vt 0.136780 0.124197 0.000000
vt 0.148625 0.132287 0.000000
vt 0.143632 0.121888 0.000000
vt 0.147619 0.119191 0.000000
vt 0.147046 0.119673 0.000000
vt 0.147696 0.122631 0.000000
vt 0.149674 0.116604 0.000000
vt 0.149698 0.118169 0.000000
vt 0.148147 0.118683 0.000000
vt 0.148897 0.118189 0.000000
vt 0.148487 0.123643 0.000000
vt 0.148453 0.125411 0.000000
vt 0.151537 0.127517 0.000000
vt 0.150946 0.131839 0.000000
vt 0.151321 0.132196 0.000000
vt 0.152630 0.130953 0.000000
vt 0.149028 0.133271 0.000000
vt 0.151708 0.133207 0.000000
vt 0.154817 0.140395 0.000000
vt 0.153853 0.139275 0.000000
vt 0.195070 0.914616 0.000000
vt 0.198518 0.940955 0.000000
vt 0.198160 0.941464 0.000000
vt 0.196676 0.943527 0.000000
vt 0.184518 0.940675 0.000000
vt 0.159114 0.146655 0.000000
vt 0.105408 0.127986 0.000000
vt 0.195237 0.945213 0.000000
vt 0.185395 0.942222 0.000000
vt 0.157943 0.942510 0.000000
vt 0.491678 0.012038 0.000000
vt 0.497097 0.024996 0.000000
vt 0.399758 0.031163 0.000000
vt 0.988497 0.577060 0.000000
vt 0.988782 0.575133 0.000000
vt 0.992738 0.572511 0.000000
vt 0.990224 0.582987 0.000000
vt 0.986862 0.586024 0.000000
vt 0.497135 0.026875 0.000000
vt 0.494685 0.043621 0.000000
vt 0.486845 0.074948 0.000000
vt 0.496745 0.033599 0.000000
vt 0.493918 0.048989 0.000000
vt 0.968008 0.565862 0.000000
vt 0.948734 0.545507 0.000000
vt 0.968691 0.569472 0.000000
vt 0.968284 0.570506 0.000000
vt 0.944972 0.558722 0.000000
vt 0.966956 0.568398 0.000000
vt 0.967009 0.568969 0.000000
vt 0.966118 0.568943 0.000000
vt 0.941126 0.599476 0.000000
vt 0.965547 0.570340 0.000000
vt 0.964709 0.572499 0.000000
vt 0.982957 0.623733 0.000000
vt 0.989203 0.586435 0.000000
vt 0.984254 0.595363 0.000000
vt 0.981783 0.641195 0.000000
vt 0.983567 0.597631 0.000000
vt 0.982342 0.601505 0.000000
vt 0.981243 0.606729 0.000000
vt 0.982252 0.613042 0.000000
vt 0.419253 0.011161 0.000000
vt 0.960008 0.634245 0.000000
vt 0.494244 0.044994 0.000000
vt 0.479609 0.079161 0.000000
vt 0.938589 0.597654 0.000000
vt 0.939163 0.567557 0.000000
vt 0.218748 0.970413 0.000000
vt 0.218152 0.978244 0.000000
vt 0.219188 0.967608 0.000000
vt 0.221862 0.972729 0.000000
vt 0.230733 0.977142 0.000000
vt 0.224677 0.971413 0.000000
vt 0.228711 0.984340 0.000000
vt 0.935863 0.564602 0.000000
vt 0.932273 0.558045 0.000000
vt 0.936160 0.562480 0.000000
vt 0.222018 0.968718 0.000000
vt 0.222167 0.969180 0.000000
vt 0.222075 0.969171 0.000000
vt 0.222207 0.970187 0.000000
vt 0.221979 0.969478 0.000000
vt 0.221600 0.969094 0.000000
vt 0.221305 0.969779 0.000000
vt 0.221061 0.968881 0.000000
vt 0.221199 0.968533 0.000000
vt 0.220135 0.969835 0.000000
vt 0.221166 0.968173 0.000000
vt 0.220847 0.967565 0.000000
vt 0.224710 0.969604 0.000000
vt 0.222973 0.968199 0.000000
vt 0.926029 0.581803 0.000000
vt 0.932551 0.594562 0.000000
vt 0.983204 0.612721 0.000000
vt 0.981824 0.617429 0.000000
vt 0.978358 0.619219 0.000000
vt 0.981426 0.618694 0.000000
vt 0.980048 0.628006 0.000000
vt 0.982679 0.624497 0.000000
vt 0.979093 0.626176 0.000000
vt 0.970771 0.637732 0.000000
vt 0.979280 0.626172 0.000000
vt 0.977549 0.618428 0.000000
vt 0.962080 0.635410 0.000000
vt 0.940474 0.599259 0.000000
vt 0.977903 0.633062 0.000000
vt 0.971557 0.642915 0.000000
vt 0.970582 0.645745 0.000000
vt 0.969687 0.647317 0.000000
vt 0.966321 0.650769 0.000000
vt 0.967665 0.650355 0.000000
vt 0.970638 0.639732 0.000000
vt 0.961847 0.637216 0.000000
vt 0.968418 0.643958 0.000000
vt 0.960931 0.635895 0.000000
vt 0.960933 0.635806 0.000000
vt 0.960826 0.635785 0.000000
vt 0.960789 0.635914 0.000000
vt 0.959474 0.637247 0.000000
vt 0.963972 0.651264 0.000000
vt 0.399982 0.028265 0.000000
vt 0.400034 0.029124 0.000000
vt 0.399761 0.027441 0.000000
vt 0.384757 0.024960 0.000000
vt 0.398943 0.029832 0.000000
vt 0.385626 0.033870 0.000000
vt 0.926854 0.592797 0.000000
vt 0.871122 0.709975 0.000000
vt 0.937339 0.597331 0.000000
vt 0.377317 0.060989 0.000000
vt 0.952845 0.673390 0.000000
vt 0.962069 0.676472 0.000000
vt 0.962368 0.678636 0.000000
vt 0.962155 0.677262 0.000000
vt 0.965485 0.672040 0.000000
vt 0.965307 0.684339 0.000000
vt 0.965558 0.681452 0.000000
vt 0.973305 0.674248 0.000000
vt 0.974696 0.673938 0.000000
vt 0.965112 0.675320 0.000000
vt 0.965528 0.694661 0.000000
vt 0.965360 0.682823 0.000000
vt 0.962304 0.697341 0.000000
vt 0.954680 0.714041 0.000000
vt 0.961966 0.698778 0.000000
vt 0.961541 0.703699 0.000000
vt 0.996612 0.731729 0.000000
vt 0.965198 0.692324 0.000000
vt 0.965661 0.688027 0.000000
vt 0.964613 0.699404 0.000000
vt 0.951452 0.679846 0.000000
vt 0.966608 0.650959 0.000000
vt 0.980073 0.674248 0.000000
vt 0.966001 0.672728 0.000000
vt 0.974637 0.668521 0.000000
vt 0.952067 0.677226 0.000000
vt 0.950037 0.678462 0.000000
vt 0.948075 0.677753 0.000000
vt 0.947287 0.675990 0.000000
vt 0.951436 0.678257 0.000000
vt 0.951266 0.678580 0.000000
vt 0.948871 0.678479 0.000000
vt 0.988276 0.673560 0.000000
vt 0.988937 0.673374 0.000000
vt 0.980775 0.674552 0.000000
vt 0.984462 0.674831 0.000000
vt 0.976240 0.674224 0.000000
vt 0.978863 0.674094 0.000000
vt 0.987149 0.675573 0.000000
vt 0.926763 0.697115 0.000000
vt 0.943268 0.715025 0.000000
vt 0.186981 0.946949 0.000000
vt 0.186390 0.946310 0.000000
vt 0.185836 0.945692 0.000000
vt 0.184813 0.945002 0.000000
vt 0.182864 0.942865 0.000000
vt 0.180097 0.935431 0.000000
vt 0.181528 0.937261 0.000000
vt 0.180457 0.935936 0.000000
vt 0.180823 0.936662 0.000000
vt 0.180438 0.936064 0.000000
vt 0.181800 0.941970 0.000000
vt 0.180604 0.940789 0.000000
vt 0.177055 0.936617 0.000000
vt 0.184022 0.944281 0.000000
vt 0.183464 0.943604 0.000000
vt 0.178885 0.939000 0.000000
vt 0.177617 0.937467 0.000000
vt 0.177496 0.937113 0.000000
vt 0.962554 0.713644 0.000000
vt 0.961230 0.705245 0.000000
vt 0.960307 0.709839 0.000000
vt 0.960309 0.711084 0.000000
vt 0.960260 0.712927 0.000000
vt 0.963991 0.704504 0.000000
vt 0.963634 0.706043 0.000000
vt 0.963233 0.709212 0.000000
vt 0.962990 0.710706 0.000000
vt 0.797404 0.944562 0.000000
vt 0.796876 0.946275 0.000000
vt 0.795682 0.945682 0.000000
vt 0.795353 0.941522 0.000000
vt 0.797904 0.941982 0.000000
vt 0.800113 0.945668 0.000000
vt 0.798113 0.941394 0.000000
vt 0.798730 0.938416 0.000000
vt 0.799624 0.934559 0.000000
vt 0.803373 0.939218 0.000000
vt 0.781082 0.933670 0.000000
vt 0.795534 0.940724 0.000000
vt 0.803872 0.942223 0.000000
vt 0.802858 0.943631 0.000000
vt 0.803169 0.944062 0.000000
vt 0.802945 0.943370 0.000000
vt 0.803288 0.943874 0.000000
vt 0.803376 0.943910 0.000000
vt 0.798823 0.931084 0.000000
vt 0.796441 0.938713 0.000000
vt 0.806943 0.937600 0.000000
vt 0.804770 0.938643 0.000000
vt 0.944632 0.717091 0.000000
vt 0.802759 0.945025 0.000000
vt 0.940934 0.719754 0.000000
vt 0.940568 0.714963 0.000000
vt 0.939517 0.714205 0.000000
vt 0.938144 0.715162 0.000000
vt 0.940173 0.719523 0.000000
vt 0.937068 0.714042 0.000000
vt 0.934020 0.702939 0.000000
vt 0.931456 0.698873 0.000000
vt 0.931443 0.701988 0.000000
vt 0.930637 0.701209 0.000000
vt 0.932177 0.703940 0.000000
vt 0.929125 0.703034 0.000000
vt 0.931614 0.710664 0.000000
vt 0.932489 0.711995 0.000000
vt 0.932031 0.712853 0.000000
vt 0.921925 0.708074 0.000000
vt 0.806044 0.945004 0.000000
vt 0.938486 0.721579 0.000000
vt 0.804344 0.941761 0.000000
vt 0.804682 0.939396 0.000000
vt 0.804838 0.939941 0.000000
vt 0.920773 0.711667 0.000000
vt 0.807695 0.944904 0.000000
vt 0.808305 0.945330 0.000000
vt 0.810694 0.946823 0.000000
vt 0.926100 0.722677 0.000000
vt 0.925924 0.720828 0.000000
vt 0.805494 0.938967 0.000000
vt 0.809274 0.941732 0.000000
vt 0.809834 0.942096 0.000000
vt 0.810806 0.939226 0.000000
vt 0.812019 0.940033 0.000000
vt 0.813080 0.943613 0.000000
vt 0.813422 0.940859 0.000000
vt 0.812082 0.935540 0.000000
vt 0.827852 0.934635 0.000000
vt 0.989811 0.668629 0.000000
vt 0.993789 0.671200 0.000000
vt 0.384431 0.028242 0.000000
vt 0.387137 0.028438 0.000000
vt 0.384731 0.033274 0.000000
vt 0.383380 0.028786 0.000000
vt 0.990082 0.670797 0.000000
vt 0.989868 0.671965 0.000000
vt 0.990788 0.674068 0.000000
vt 0.989560 0.674062 0.000000
vt 0.376014 0.026825 0.000000
vt 0.377105 0.025274 0.000000
vt 0.377971 0.025312 0.000000
vt 0.385785 0.028480 0.000000
vt 0.384506 0.028493 0.000000
vt 0.382755 0.025559 0.000000
vt 0.993765 0.672746 0.000000
vt 0.382795 0.025403 0.000000
vt 0.382371 0.028806 0.000000
vt 0.380344 0.032095 0.000000
vt 0.377751 0.028911 0.000000
vt 0.377786 0.030420 0.000000
vt 0.378653 0.026776 0.000000
vt 0.381486 0.025373 0.000000
vt 0.384202 0.032951 0.000000
vt 0.381798 0.033211 0.000000
vt 0.379893 0.032290 0.000000
vt 0.379917 0.032656 0.000000
vt 0.330061 0.054949 0.000000
vt 0.990054 0.695934 0.000000
vt 0.373138 0.026433 0.000000
vt 0.361931 0.025074 0.000000
vt 0.358746 0.027445 0.000000
vt 0.366963 0.025187 0.000000
vt 0.376479 0.027625 0.000000
vt 0.358005 0.021465 0.000000
vt 0.354584 0.022137 0.000000
vt 0.359555 0.024682 0.000000
vt 0.330337 0.027693 0.000000
vt 0.355173 0.024927 0.000000
vt 0.914615 0.707276 0.000000
vt 0.349568 0.021691 0.000000
vt 0.352043 0.024823 0.000000
vt 0.353687 0.024688 0.000000
vt 0.347145 0.024641 0.000000
vt 0.344416 0.021755 0.000000
vt 0.342585 0.024637 0.000000
vt 0.342167 0.020908 0.000000
vt 0.337711 0.020922 0.000000
vt 0.338273 0.020772 0.000000
vt 0.332959 0.020663 0.000000
vt 0.332557 0.023521 0.000000
vt 0.333390 0.023380 0.000000
vt 0.321424 0.017756 0.000000
vt 0.327084 0.022505 0.000000
vt 0.322939 0.021670 0.000000
vt 0.322112 0.021500 0.000000
vt 0.321651 0.021149 0.000000
vt 0.320052 0.021040 0.000000
vt 0.317410 0.021423 0.000000
vt 0.779731 0.931982 0.000000
vt 0.781306 0.931351 0.000000
vt 0.779293 0.932378 0.000000
vt 0.790046 0.925688 0.000000
vt 0.780229 0.931313 0.000000
vt 0.780394 0.930737 0.000000
vt 0.785797 0.925524 0.000000
vt 0.782682 0.926808 0.000000
vt 0.320286 0.025704 0.000000
vt 0.321409 0.021765 0.000000
vt 0.318327 0.021188 0.000000
vt 0.778839 0.932510 0.000000
vt 0.779785 0.927462 0.000000
vt 0.782156 0.926855 0.000000
vt 0.762621 0.920002 0.000000
vt 0.297210 0.046832 0.000000
vt 0.353461 0.021996 0.000000
vt 0.921653 0.711752 0.000000
vt 0.925191 0.720199 0.000000
vt 0.926526 0.699644 0.000000
vt 0.918218 0.715695 0.000000
vt 0.918982 0.716395 0.000000
vt 0.919390 0.711710 0.000000
vt 0.928208 0.700151 0.000000
vt 0.927623 0.700850 0.000000
vt 0.919338 0.708333 0.000000
vt 0.920617 0.722952 0.000000
vt 0.915714 0.712809 0.000000
vt 0.915799 0.710726 0.000000
vt 0.913943 0.709266 0.000000
vt 0.913491 0.716430 0.000000
vt 0.923472 0.725012 0.000000
vt 0.921818 0.723971 0.000000
vt 0.922823 0.720768 0.000000
vt 0.898368 0.728287 0.000000
vt 0.916184 0.723244 0.000000
vt 0.913755 0.719490 0.000000
vt 0.286460 0.212279 0.000000
vt 0.285532 0.210465 0.000000
vt 0.285787 0.211113 0.000000
vt 0.285033 0.219117 0.000000
vt 0.169840 0.692326 0.000000
vt 0.190575 0.691547 0.000000
vt 0.172461 0.698394 0.000000
vt 0.191831 0.691742 0.000000
vt 0.182072 0.699816 0.000000
vt 0.190445 0.699339 0.000000
vt 0.285442 0.216947 0.000000
vt 0.289396 0.221312 0.000000
vt 0.285764 0.217853 0.000000
vt 0.285554 0.220893 0.000000
vt 0.285215 0.222854 0.000000
vt 0.290142 0.229574 0.000000
vt 0.290666 0.228181 0.000000
vt 0.193112 0.692094 0.000000
vt 0.194237 0.692743 0.000000
vt 0.195232 0.693225 0.000000
vt 0.196121 0.693467 0.000000
vt 0.193703 0.699133 0.000000
vt 0.193372 0.699274 0.000000
vt 0.195803 0.700645 0.000000
vt 0.197673 0.699416 0.000000
vt 0.189292 0.701380 0.000000
vt 0.190107 0.704372 0.000000
vt 0.178165 0.700473 0.000000
vt 0.188738 0.704009 0.000000
vt 0.188953 0.706074 0.000000
vt 0.196597 0.693546 0.000000
vt 0.202171 0.698196 0.000000
vt 0.205397 0.697810 0.000000
vt 0.194927 0.707470 0.000000
vt 0.197454 0.702302 0.000000
vt 0.197700 0.702934 0.000000
vt 0.197782 0.703616 0.000000
vt 0.197907 0.705222 0.000000
vt 0.198088 0.699073 0.000000
vt 0.197480 0.700790 0.000000
vt 0.282831 0.226164 0.000000
vt 0.281852 0.227504 0.000000
vt 0.284066 0.226184 0.000000
vt 0.284314 0.226549 0.000000
vt 0.283516 0.227245 0.000000
vt 0.283667 0.227508 0.000000
vt 0.279487 0.233191 0.000000
vt 0.282610 0.229391 0.000000
vt 0.271910 0.236204 0.000000
vt 0.282884 0.229119 0.000000
vt 0.282904 0.229266 0.000000
vt 0.283467 0.228972 0.000000
vt 0.283402 0.229114 0.000000
vt 0.282319 0.230317 0.000000
vt 0.282376 0.230508 0.000000
vt 0.269237 0.236861 0.000000
vt 0.267391 0.237196 0.000000
vt 0.241123 0.240445 0.000000
vt 0.221492 0.219131 0.000000
vt 0.223361 0.238726 0.000000
vt 0.247845 0.239071 0.000000
vt 0.176786 0.700528 0.000000
vt 0.289722 0.230868 0.000000
vt 0.173694 0.701295 0.000000
vt 0.173643 0.706804 0.000000
vt 0.175676 0.707445 0.000000
vt 0.176537 0.709332 0.000000
vt 0.174015 0.708882 0.000000
vt 0.286606 0.233749 0.000000
vt 0.288064 0.238615 0.000000
vt 0.286106 0.233609 0.000000
vt 0.280163 0.234289 0.000000
vt 0.172660 0.708432 0.000000
vt 0.170797 0.706609 0.000000
vt 0.179492 0.707799 0.000000
vt 0.180882 0.708202 0.000000
vt 0.188398 0.709351 0.000000
vt 0.188445 0.709564 0.000000
vt 0.171718 0.709881 0.000000
vt 0.167884 0.724350 0.000000
vt 0.190984 0.715288 0.000000
vt 0.192601 0.709788 0.000000
vt 0.190275 0.708498 0.000000
vt 0.188739 0.707358 0.000000
vt 0.188729 0.709084 0.000000
vt 0.190246 0.709427 0.000000
vt 0.190218 0.710225 0.000000
vt 0.189251 0.710987 0.000000
vt 0.188645 0.710112 0.000000
vt 0.190476 0.712707 0.000000
vt 0.190252 0.711133 0.000000
vt 0.192283 0.710418 0.000000
vt 0.192869 0.710842 0.000000
vt 0.193189 0.711313 0.000000
vt 0.196600 0.711673 0.000000
vt 0.193645 0.712424 0.000000
vt 0.193817 0.713343 0.000000
vt 0.197858 0.706301 0.000000
vt 0.199348 0.710967 0.000000
vt 0.196899 0.712235 0.000000
vt 0.197166 0.712578 0.000000
vt 0.201695 0.712912 0.000000
vt 0.202530 0.713136 0.000000
vt 0.193799 0.721064 0.000000
vt 0.193807 0.725762 0.000000
vt 0.193716 0.724523 0.000000
vt 0.191577 0.733379 0.000000
vt 0.281042 0.233100 0.000000
vt 0.282575 0.230943 0.000000
vt 0.280299 0.233001 0.000000
vt 0.281215 0.231910 0.000000
vt 0.282505 0.230922 0.000000
vt 0.277882 0.271896 0.000000
vt 0.255846 0.281065 0.000000
vt 0.169750 0.732768 0.000000
vt 0.167944 0.741526 0.000000
vt 0.169594 0.733462 0.000000
vt 0.166975 0.738749 0.000000
vt 0.282490 0.272133 0.000000
vt 0.291640 0.257252 0.000000
vt 0.292656 0.273123 0.000000
vt 0.293606 0.275843 0.000000
vt 0.294011 0.275777 0.000000
vt 0.289865 0.276979 0.000000
vt 0.287788 0.277963 0.000000
vt 0.284470 0.279316 0.000000
vt 0.292791 0.278967 0.000000
vt 0.279381 0.280822 0.000000
vt 0.191589 0.738378 0.000000
vt 0.191563 0.734549 0.000000
vt 0.191553 0.737163 0.000000
vt 0.193523 0.737635 0.000000
vt 0.196036 0.743861 0.000000
vt 0.194147 0.744861 0.000000
vt 0.193944 0.745535 0.000000
vt 0.194778 0.746432 0.000000
vt 0.190806 0.750554 0.000000
vt 0.192861 0.749873 0.000000
vt 0.194407 0.747034 0.000000
vt 0.194387 0.747611 0.000000
vt 0.282907 0.269909 0.000000
vt 0.281850 0.270780 0.000000
vt 0.281210 0.270447 0.000000
vt 0.281235 0.270890 0.000000
vt 0.283519 0.279607 0.000000
vt 0.279075 0.272686 0.000000
vt 0.280502 0.270496 0.000000
vt 0.279566 0.270428 0.000000
vt 0.278649 0.271139 0.000000
vt 0.280057 0.270591 0.000000
vt 0.279205 0.271039 0.000000
vt 0.281009 0.270682 0.000000
vt 0.280267 0.270828 0.000000
vt 0.279877 0.270865 0.000000
vt 0.278625 0.270782 0.000000
vt 0.274113 0.281343 0.000000
vt 0.254811 0.281131 0.000000
vt 0.277133 0.281486 0.000000
vt 0.278463 0.280815 0.000000
vt 0.275921 0.281225 0.000000
vt 0.274531 0.282660 0.000000
vt 0.273291 0.282370 0.000000
vt 0.271913 0.283083 0.000000
vt 0.264159 0.283189 0.000000
vt 0.261705 0.283285 0.000000
vt 0.262424 0.283473 0.000000
vt 0.258827 0.283620 0.000000
vt 0.257712 0.283466 0.000000
vt 0.218786 0.694641 0.000000
vt 0.218533 0.693929 0.000000
vt 0.222393 0.724469 0.000000
vt 0.220124 0.696349 0.000000
vt 0.227566 0.269009 0.000000
vt 0.239656 0.283347 0.000000
vt 0.153135 0.156036 0.000000
vt 0.137624 0.169130 0.000000
vt 0.151423 0.141370 0.000000
vt 0.151636 0.142314 0.000000
vt 0.154456 0.142045 0.000000
vt 0.153007 0.154217 0.000000
vt 0.154986 0.148323 0.000000
vt 0.156658 0.158705 0.000000
vt 0.155014 0.161539 0.000000
vt 0.009729 0.689350 0.000000
vt 0.026792 0.696999 0.000000
vt 0.019824 0.704086 0.000000
vt 0.200570 0.742322 0.000000
vt 0.201563 0.742442 0.000000
vt 0.217882 0.744443 0.000000
vt 0.217689 0.744521 0.000000
vt 0.244949 0.283149 0.000000
vt 0.241799 0.283563 0.000000
vt 0.242624 0.283347 0.000000
vt 0.254297 0.281668 0.000000
vt 0.253523 0.281072 0.000000
vt 0.247019 0.283614 0.000000
vt 0.245417 0.283838 0.000000
vt 0.246446 0.283248 0.000000
vt 0.247487 0.293430 0.000000
vt 0.249012 0.296085 0.000000
vt 0.246424 0.295981 0.000000
vt 0.246388 0.296032 0.000000
vt 0.221618 0.772015 0.000000
vt 0.246512 0.306232 0.000000
vt 0.223405 0.318865 0.000000
vt 0.044153 0.673010 0.000000
vt 0.017319 0.676478 0.000000
vt 0.015853 0.675676 0.000000
vt 0.017834 0.676895 0.000000
vt 0.019978 0.678375 0.000000
vt 0.015339 0.675372 0.000000
vt 0.129916 0.148572 0.000000
vt 0.132626 0.161716 0.000000
vt 0.154874 0.142355 0.000000
vt 0.155629 0.150667 0.000000
vt 0.154662 0.142703 0.000000
vt 0.154883 0.144949 0.000000
vt 0.154966 0.146130 0.000000
vt 0.133647 0.165094 0.000000
vt 0.134007 0.168411 0.000000
vt 0.137762 0.169970 0.000000
vt 0.157464 0.163213 0.000000
vt 0.158185 0.168067 0.000000
vt 0.151703 0.181951 0.000000
vt 0.132652 0.168648 0.000000
vt 0.132753 0.163728 0.000000
vt 0.133196 0.167189 0.000000
vt 0.134002 0.169329 0.000000
vt 0.132207 0.169837 0.000000
vt 0.132851 0.173672 0.000000
vt 0.130121 0.175353 0.000000
vt 0.128604 0.176063 0.000000
vt 0.127973 0.176646 0.000000
vt 0.125042 0.178101 0.000000
vt 0.126245 0.177667 0.000000
vt 0.129045 0.185296 0.000000
vt 0.027634 0.699805 0.000000
vt 0.028308 0.698049 0.000000
vt 0.026091 0.704850 0.000000
vt 0.042862 0.689443 0.000000
vt 0.027664 0.707091 0.000000
vt 0.039157 0.690060 0.000000
vt 0.040356 0.689658 0.000000
vt 0.041301 0.689405 0.000000
vt 0.050858 0.673607 0.000000
vt 0.125639 0.177897 0.000000
vt 0.127066 0.185520 0.000000
vt 0.124552 0.178507 0.000000
vt 0.112274 0.187479 0.000000
vt 0.125443 0.186406 0.000000
vt 0.124644 0.186816 0.000000
vt 0.124446 0.196004 0.000000
vt 0.109485 0.188101 0.000000
vt 0.033663 0.689502 0.000000
vt 0.031739 0.692118 0.000000
vt 0.031048 0.693196 0.000000
vt 0.029816 0.694802 0.000000
vt 0.029456 0.695784 0.000000
vt 0.030196 0.694191 0.000000
vt 0.028700 0.697429 0.000000
vt 0.034401 0.690333 0.000000
vt 0.034394 0.690413 0.000000
vt 0.033550 0.690914 0.000000
vt 0.037851 0.687528 0.000000
vt 0.034581 0.688759 0.000000
vt 0.038904 0.689071 0.000000
vt 0.042247 0.685980 0.000000
vt 0.020599 0.678805 0.000000
vt 0.045170 0.674271 0.000000
vt 0.046398 0.674716 0.000000
vt 0.046055 0.673648 0.000000
vt 0.050460 0.673360 0.000000
vt 0.294158 0.208638 0.000000
vt 0.298349 0.205628 0.000000
vt 0.298378 0.206376 0.000000
vt 0.298432 0.207553 0.000000
vt 0.298362 0.209149 0.000000
vt 0.305379 0.205023 0.000000
vt 0.084279 0.854274 0.000000
vt 0.083938 0.853438 0.000000
vt 0.085374 0.854152 0.000000
vt 0.072760 0.852200 0.000000
vt 0.085489 0.853702 0.000000
vt 0.314437 0.221275 0.000000
vt 0.299068 0.198889 0.000000
vt 0.301325 0.198959 0.000000
vt 0.315870 0.189595 0.000000
vt 0.305591 0.204068 0.000000
vt 0.157374 0.162161 0.000000
vt 0.155386 0.152323 0.000000
vt 0.155709 0.152728 0.000000
vt 0.034601 0.805450 0.000000
vt 0.031500 0.790227 0.000000
vt 0.032510 0.798132 0.000000
vt 0.156068 0.154864 0.000000
vt 0.156423 0.156071 0.000000
vt 0.156688 0.156339 0.000000
vt 0.032664 0.799071 0.000000
vt 0.034317 0.802268 0.000000
vt 0.154982 0.161077 0.000000
vt 0.156652 0.156830 0.000000
vt 0.156814 0.157432 0.000000
vt 0.157061 0.160838 0.000000
vt 0.156994 0.161836 0.000000
vt 0.156825 0.159870 0.000000
vt 0.034472 0.802745 0.000000
vt 0.035118 0.806382 0.000000
vt 0.157978 0.170741 0.000000
vt 0.035026 0.810840 0.000000
vt 0.035840 0.811064 0.000000
vt 0.035128 0.811834 0.000000
vt 0.033531 0.813697 0.000000
vt 0.034897 0.816396 0.000000
vt 0.032789 0.814200 0.000000
vt 0.032088 0.817272 0.000000
vt 0.032204 0.814838 0.000000
vt 0.028303 0.820052 0.000000
vt 0.155651 0.178492 0.000000
vt 0.034671 0.817485 0.000000
vt 0.034559 0.818515 0.000000
vt 0.031996 0.822812 0.000000
vt 0.023241 0.823630 0.000000
vt 0.155379 0.182095 0.000000
vt 0.026958 0.822708 0.000000
vt 0.033191 0.821373 0.000000
vt 0.027778 0.823659 0.000000
vt 0.043851 0.814512 0.000000
vt 0.046266 0.815426 0.000000
vt 0.044398 0.814669 0.000000
vt 0.111609 0.187669 0.000000
vt 0.047114 0.815663 0.000000
vt 0.060468 0.832281 0.000000
vt 0.062416 0.823870 0.000000
vt 0.063074 0.824046 0.000000
vt 0.104628 0.188812 0.000000
vt 0.101014 0.199610 0.000000
vt 0.099126 0.190088 0.000000
vt 0.099574 0.189801 0.000000
vt 0.096636 0.191163 0.000000
vt 0.071390 0.802657 0.000000
vt 0.103022 0.188982 0.000000
vt 0.177914 0.933450 0.000000
vt 0.178284 0.934181 0.000000
vt 0.174644 0.930302 0.000000
vt 0.176503 0.932099 0.000000
vt 0.173733 0.929029 0.000000
vt 0.173448 0.928290 0.000000
vt 0.171465 0.925600 0.000000
vt 0.172982 0.927701 0.000000
vt 0.171866 0.926345 0.000000
vt 0.178671 0.934670 0.000000
vt 0.175643 0.935145 0.000000
vt 0.173520 0.932868 0.000000
vt 0.053761 0.806590 0.000000
vt 0.061018 0.795836 0.000000
vt 0.053375 0.807785 0.000000
vt 0.053563 0.807469 0.000000
vt 0.052923 0.809651 0.000000
vt 0.805418 0.912037 0.000000
vt 0.804383 0.910546 0.000000
vt 0.804007 0.909948 0.000000
vt 0.800832 0.929431 0.000000
vt 0.798461 0.929068 0.000000
vt 0.801311 0.929187 0.000000
vt 0.801292 0.929159 0.000000
vt 0.802803 0.927965 0.000000
vt 0.811874 0.935039 0.000000
vt 0.057174 0.831297 0.000000
vt 0.059959 0.822842 0.000000
vt 0.060578 0.823301 0.000000
vt 0.058792 0.831318 0.000000
vt 0.053244 0.831812 0.000000
vt 0.803996 0.893176 0.000000
vt 0.804150 0.892072 0.000000
vt 0.804002 0.890814 0.000000
vt 0.803813 0.901843 0.000000
vt 0.803703 0.901294 0.000000
vt 0.803830 0.898626 0.000000
vt 0.804024 0.896920 0.000000
vt 0.803831 0.895686 0.000000
vt 0.804077 0.894584 0.000000
vt 0.803348 0.908742 0.000000
vt 0.799197 0.911476 0.000000
vt 0.803335 0.906616 0.000000
vt 0.803517 0.909251 0.000000
vt 0.803941 0.899280 0.000000
vt 0.801166 0.874798 0.000000
vt 0.803846 0.884707 0.000000
vt 0.117598 0.471361 0.000000
vt 0.119076 0.476136 0.000000
vt 0.117777 0.469678 0.000000
vt 0.026450 0.823219 0.000000
vt 0.126025 0.466234 0.000000
vt 0.128480 0.474998 0.000000
vt 0.124505 0.481430 0.000000
vt 0.027127 0.823742 0.000000
vt 0.026958 0.825669 0.000000
vt 0.026645 0.825354 0.000000
vt 0.118457 0.465592 0.000000
vt 0.111354 0.478259 0.000000
vt 0.122509 0.473381 0.000000
vt 0.117087 0.477347 0.000000
vt 0.117515 0.478697 0.000000
vt 0.119624 0.481795 0.000000
vt 0.115737 0.480178 0.000000
vt 0.115416 0.479818 0.000000
vt 0.115106 0.478111 0.000000
vt 0.129281 0.468709 0.000000
vt 0.122673 0.470017 0.000000
vt 0.126012 0.465133 0.000000
vt 0.125763 0.468405 0.000000
vt 0.141240 0.464107 0.000000
vt 0.129418 0.467141 0.000000
vt 0.129585 0.463520 0.000000
vt 0.130530 0.459123 0.000000
vt 0.118460 0.464482 0.000000
vt 0.127083 0.460085 0.000000
vt 0.118416 0.461061 0.000000
vt 0.126747 0.460972 0.000000
vt 0.122175 0.459878 0.000000
vt 0.087378 0.462782 0.000000
vt 0.029648 0.828975 0.000000
vt 0.030320 0.828655 0.000000
vt 0.041046 0.832355 0.000000
vt 0.122398 0.458297 0.000000
vt 0.131002 0.455886 0.000000
vt 0.131459 0.453479 0.000000
vt 0.129504 0.449598 0.000000
vt 0.136328 0.420785 0.000000
vt 0.127332 0.457649 0.000000
vt 0.125370 0.446595 0.000000
vt 0.131195 0.445351 0.000000
vt 0.131688 0.441450 0.000000
vt 0.131446 0.443041 0.000000
vt 0.125952 0.445860 0.000000
vt 0.124272 0.429760 0.000000
vt 0.128079 0.439809 0.000000
vt 0.029239 0.826480 0.000000
vt 0.028146 0.827240 0.000000
vt 0.115325 0.480229 0.000000
vt 0.029235 0.828104 0.000000
vt 0.122901 0.484441 0.000000
vt 0.324390 0.188030 0.000000
vt 0.067084 0.842470 0.000000
vt 0.066329 0.850288 0.000000
vt 0.066829 0.849045 0.000000
vt 0.108096 0.405953 0.000000
vt 0.116432 0.409169 0.000000
vt 0.035362 0.842261 0.000000
vt 0.803972 0.885322 0.000000
vt 0.806898 0.881170 0.000000
vt 0.803752 0.879796 0.000000
vt 0.803311 0.873928 0.000000
vt 0.807334 0.881045 0.000000
vt 0.810004 0.882915 0.000000
vt 0.801141 0.873766 0.000000
vt 0.806739 0.877758 0.000000
vt 0.079856 0.474398 0.000000
vt 0.081327 0.470076 0.000000
vt 0.082319 0.473558 0.000000
vt 0.082641 0.437765 0.000000
vt 0.076254 0.458722 0.000000
vt 0.083032 0.436072 0.000000
vt 0.081541 0.432276 0.000000
vt 0.080150 0.440148 0.000000
vt 0.081934 0.426940 0.000000
vt 0.080369 0.438824 0.000000
vt 0.081063 0.434837 0.000000
vt 0.059959 0.482987 0.000000
vt 0.041992 0.832174 0.000000
vt 0.042957 0.832151 0.000000
vt 0.044066 0.832265 0.000000
vt 0.046429 0.832302 0.000000
vt 0.049856 0.831979 0.000000
vt 0.041557 0.847211 0.000000
vt 0.064237 0.842697 0.000000
vt 0.065119 0.845146 0.000000
vt 0.066129 0.842110 0.000000
vt 0.057968 0.849393 0.000000
vt 0.059441 0.850026 0.000000
vt 0.064554 0.851207 0.000000
vt 0.064643 0.850837 0.000000
vt 0.371006 0.215105 0.000000
vt 0.345759 0.256801 0.000000
vt 0.346276 0.219013 0.000000
vt 0.343858 0.225259 0.000000
vt 0.797048 0.925689 0.000000
vt 0.792953 0.911679 0.000000
vt 0.785007 0.920536 0.000000
vt 0.784798 0.921087 0.000000
vt 0.784064 0.925630 0.000000
vt 0.781043 0.924339 0.000000
vt 0.784255 0.925820 0.000000
vt 0.784271 0.925890 0.000000
vt 0.783783 0.926152 0.000000
vt 0.784785 0.919346 0.000000
vt 0.791449 0.911628 0.000000
vt 0.785384 0.912590 0.000000
vt 0.788592 0.909059 0.000000
vt 0.787931 0.909180 0.000000
vt 0.783336 0.909785 0.000000
vt 0.784615 0.917661 0.000000
vt 0.783227 0.912642 0.000000
vt 0.782502 0.910379 0.000000
vt 0.783023 0.909652 0.000000
vt 0.783917 0.912443 0.000000
vt 0.793816 0.911594 0.000000
vt 0.794495 0.911712 0.000000
vt 0.781720 0.923197 0.000000
vt 0.780894 0.923748 0.000000
vt 0.782005 0.919679 0.000000
vt 0.782925 0.926475 0.000000
vt 0.781498 0.924694 0.000000
vt 0.780266 0.926053 0.000000
vt 0.777972 0.925791 0.000000
vt 0.777037 0.924937 0.000000
vt 0.775401 0.921254 0.000000
vt 0.776978 0.916635 0.000000
vt 0.780008 0.916592 0.000000
vt 0.780769 0.917112 0.000000
vt 0.772159 0.912748 0.000000
vt 0.775788 0.918816 0.000000
vt 0.776520 0.917034 0.000000
vt 0.780506 0.916630 0.000000
vt 0.782546 0.914738 0.000000
vt 0.780730 0.916062 0.000000
vt 0.780718 0.913847 0.000000
vt 0.782187 0.912581 0.000000
vt 0.779774 0.916089 0.000000
vt 0.778389 0.915695 0.000000
vt 0.779409 0.913912 0.000000
vt 0.782427 0.909812 0.000000
vt 0.780844 0.911114 0.000000
vt 0.782432 0.912371 0.000000
vt 0.776114 0.912170 0.000000
vt 0.766342 0.911655 0.000000
vt 0.771386 0.912710 0.000000
vt 0.770226 0.913067 0.000000
vt 0.797070 0.911536 0.000000
vt 0.796257 0.911611 0.000000
vt 0.795478 0.911681 0.000000
vt 0.799703 0.911379 0.000000
vt 0.778081 0.900786 0.000000
vt 0.777861 0.883457 0.000000
vt 0.776711 0.894032 0.000000
vt 0.774675 0.885626 0.000000
vt 0.776523 0.893093 0.000000
vt 0.762498 0.869448 0.000000
vt 0.764640 0.893096 0.000000
vt 0.797381 0.925986 0.000000
vt 0.799837 0.928347 0.000000
vt 0.800470 0.927308 0.000000
vt 0.800228 0.927786 0.000000
vt 0.802493 0.928172 0.000000
vt 0.801387 0.926162 0.000000
vt 0.803361 0.927245 0.000000
vt 0.803130 0.925409 0.000000
vt 0.803025 0.924600 0.000000
vt 0.803331 0.924052 0.000000
vt 0.802162 0.925651 0.000000
vt 0.803782 0.926485 0.000000
vt 0.804242 0.925260 0.000000
vt 0.804556 0.924930 0.000000
vt 0.805696 0.912695 0.000000
vt 0.817250 0.921353 0.000000
vt 0.819365 0.921729 0.000000
vt 0.822698 0.922105 0.000000
vt 0.824884 0.922323 0.000000
vt 0.817432 0.910708 0.000000
vt 0.821660 0.911809 0.000000
vt 0.820567 0.882588 0.000000
vt 0.819069 0.908318 0.000000
vt 0.818783 0.909973 0.000000
vt 0.818858 0.910289 0.000000
vt 0.821132 0.910779 0.000000
vt 0.819357 0.910404 0.000000
vt 0.819496 0.909769 0.000000
vt 0.820003 0.908884 0.000000
vt 0.820179 0.910052 0.000000
vt 0.819871 0.909673 0.000000
vt 0.819947 0.910381 0.000000
vt 0.820355 0.910465 0.000000
vt 0.821589 0.908408 0.000000
vt 0.821920 0.909438 0.000000
vt 0.818850 0.908162 0.000000
vt 0.818030 0.907320 0.000000
vt 0.820564 0.907510 0.000000
vt 0.819828 0.908278 0.000000
vt 0.820139 0.908008 0.000000
vt 0.848649 0.927841 0.000000
vt 0.774534 0.884870 0.000000
vt 0.777766 0.881914 0.000000
vt 0.774209 0.883163 0.000000
vt 0.774721 0.870110 0.000000
vt 0.774114 0.882495 0.000000
vt 0.776503 0.876721 0.000000
vt 0.776355 0.875848 0.000000
vt 0.772753 0.872968 0.000000
vt 0.772562 0.872117 0.000000
vt 0.763217 0.873670 0.000000
vt 0.056643 0.491544 0.000000
vt 0.048400 0.520019 0.000000
vt 0.043742 0.495252 0.000000
vt 0.062255 0.482331 0.000000
vt 0.078196 0.530992 0.000000
vt 0.085846 0.524950 0.000000
vt 0.083557 0.540419 0.000000
vt 0.077194 0.531458 0.000000
vt 0.059788 0.527666 0.000000
vt 0.061364 0.531987 0.000000
vt 0.057995 0.528622 0.000000
vt 0.056472 0.531716 0.000000
vt 0.056756 0.532998 0.000000
vt 0.060486 0.536095 0.000000
vt 0.061044 0.538295 0.000000
vt 0.061188 0.539050 0.000000
vt 0.058082 0.534372 0.000000
vt 0.043021 0.290519 0.000000
vt 0.050674 0.283578 0.000000
vt 0.034624 0.311855 0.000000
vt 0.032304 0.312561 0.000000
vt 0.040666 0.311291 0.000000
vt 0.042931 0.336219 0.000000
vt 0.810698 0.880763 0.000000
vt 0.811502 0.883302 0.000000
vt 0.814105 0.883961 0.000000
vt 0.809564 0.874413 0.000000
vt 0.809690 0.876285 0.000000
vt 0.814348 0.881319 0.000000
vt 0.816896 0.884371 0.000000
vt 0.832608 0.873167 0.000000
vt 0.821357 0.881833 0.000000
vt 0.809590 0.873278 0.000000
vt 0.810046 0.871864 0.000000
vt 0.814901 0.875349 0.000000
vt 0.816227 0.872384 0.000000
vt 0.010695 0.162856 0.000000
vt 0.019224 0.187835 0.000000
vt 0.008695 0.189042 0.000000
vt 0.819058 0.871055 0.000000
vt 0.819351 0.871395 0.000000
vt 0.818771 0.871793 0.000000
vt 0.030048 0.189006 0.000000
vt 0.030076 0.189133 0.000000
vt 0.029955 0.189126 0.000000
vt 0.029987 0.188996 0.000000
vt 0.819414 0.871428 0.000000
vt 0.820250 0.871642 0.000000
vt 0.819456 0.871326 0.000000
vt 0.029781 0.188684 0.000000
vt 0.030056 0.188876 0.000000
vt 0.818616 0.873435 0.000000
vt 0.821380 0.881674 0.000000
vt 0.816617 0.872651 0.000000
vt 0.823471 0.876471 0.000000
vt 0.821780 0.875855 0.000000
vt 0.822282 0.880588 0.000000
vt 0.817060 0.871468 0.000000
vt 0.822092 0.875429 0.000000
vt 0.823668 0.877383 0.000000
vt 0.823589 0.873338 0.000000
vt 0.823223 0.873533 0.000000
vt 0.817221 0.870335 0.000000
vt 0.029150 0.188221 0.000000
vt 0.029376 0.187075 0.000000
vt 0.031252 0.187798 0.000000
vt 0.030102 0.188703 0.000000
vt 0.821314 0.871874 0.000000
vt 0.030141 0.188753 0.000000
vt 0.031107 0.187006 0.000000
vt 0.038588 0.182643 0.000000
vt 0.044447 0.183743 0.000000
vt 0.040668 0.180156 0.000000
vt 0.028339 0.154522 0.000000
vt 0.170855 0.788884 0.000000
vt 0.190907 0.751313 0.000000
vt 0.192686 0.751861 0.000000
vt 0.190552 0.755377 0.000000
vt 0.193052 0.752411 0.000000
vt 0.192394 0.755751 0.000000
vt 0.192527 0.757704 0.000000
vt 0.190368 0.758136 0.000000
vt 0.190205 0.758765 0.000000
vt 0.190100 0.761200 0.000000
vt 0.192188 0.760158 0.000000
vt 0.192504 0.760646 0.000000
vt 0.198386 0.788515 0.000000
vt 0.189965 0.769470 0.000000
vt 0.192480 0.762521 0.000000
vt 0.192469 0.764124 0.000000
vt 0.192426 0.766249 0.000000
vt 0.192396 0.768264 0.000000
vt 0.192690 0.766842 0.000000
vt 0.189686 0.770545 0.000000
vt 0.192757 0.767777 0.000000
vt 0.192302 0.770157 0.000000
vt 0.189803 0.771917 0.000000
vt 0.192748 0.778794 0.000000
vt 0.175988 0.786335 0.000000
vt 0.176611 0.786038 0.000000
vt 0.189871 0.772601 0.000000
vt 0.192319 0.777500 0.000000
vt 0.189707 0.775922 0.000000
vt 0.189261 0.782560 0.000000
vt 0.189844 0.776818 0.000000
vt 0.189366 0.781832 0.000000
vt 0.192322 0.778113 0.000000
vt 0.192871 0.779804 0.000000
vt 0.193298 0.781785 0.000000
vt 0.193531 0.786841 0.000000
vt 0.189311 0.786143 0.000000
vt 0.184413 0.790545 0.000000
vt 0.184106 0.790920 0.000000
vt 0.186290 0.792786 0.000000
vt 0.187595 0.794745 0.000000
vt 0.191375 0.789093 0.000000
vt 0.097971 0.716684 0.000000
vt 0.097339 0.719517 0.000000
vt 0.097304 0.717400 0.000000
vt 0.189969 0.786764 0.000000
vt 0.192690 0.788182 0.000000
vt 0.192320 0.790646 0.000000
vt 0.194562 0.795900 0.000000
vt 0.193293 0.787514 0.000000
vt 0.101003 0.719310 0.000000
vt 0.100089 0.720446 0.000000
vt 0.096812 0.719725 0.000000
vt 0.192798 0.789048 0.000000
vt 0.192752 0.789929 0.000000
vt 0.192683 0.789849 0.000000
vt 0.100677 0.720347 0.000000
vt 0.192909 0.789285 0.000000
vt 0.192792 0.789645 0.000000
vt 0.096070 0.727185 0.000000
vt 0.054802 0.723261 0.000000
vt 0.083395 0.733024 0.000000
vt 0.110555 0.748706 0.000000
vt 0.074826 0.720367 0.000000
vt 0.086161 0.725890 0.000000
vt 0.090554 0.728012 0.000000
vt 0.084733 0.725203 0.000000
vt 0.077322 0.721200 0.000000
vt 0.085957 0.725984 0.000000
vt 0.088247 0.726938 0.000000
vt 0.076086 0.720806 0.000000
vt 0.060103 0.721424 0.000000
vt 0.075691 0.720054 0.000000
vt 0.085758 0.711139 0.000000
vt 0.082526 0.723895 0.000000
vt 0.083551 0.724479 0.000000
vt 0.062041 0.720592 0.000000
vt 0.067203 0.718833 0.000000
vt 0.075114 0.713154 0.000000
vt 0.085104 0.703722 0.000000
vt 0.087130 0.708125 0.000000
vt 0.086309 0.708563 0.000000
vt 0.086175 0.708117 0.000000
vt 0.084507 0.709171 0.000000
vt 0.170618 0.790388 0.000000
vt 0.172727 0.791080 0.000000
vt 0.075458 0.712237 0.000000
vt 0.082309 0.704638 0.000000
vt 0.083165 0.706604 0.000000
vt 0.067947 0.673194 0.000000
vt 0.069546 0.712492 0.000000
vt 0.075270 0.712640 0.000000
vt 0.557937 0.961823 0.000000
vt 0.544370 0.972098 0.000000
vt 0.557277 0.953981 0.000000
vt 0.082091 0.703958 0.000000
vt 0.081234 0.701767 0.000000
vt 0.082463 0.695865 0.000000
vt 0.556949 0.973705 0.000000
vt 0.093097 0.716568 0.000000
vt 0.096934 0.717763 0.000000
vt 0.097543 0.717079 0.000000
vt 0.075975 0.705548 0.000000
vt 0.243766 0.363959 0.000000
vt 0.244600 0.352068 0.000000
vt 0.282646 0.343828 0.000000
vt 0.213557 0.792659 0.000000
vt 0.196969 0.796075 0.000000
vt 0.200568 0.792254 0.000000
vt 0.199780 0.789821 0.000000
vt 0.200970 0.792799 0.000000
vt 0.201479 0.792787 0.000000
vt 0.209786 0.792496 0.000000
vt 0.199453 0.793801 0.000000
vt 0.199073 0.794073 0.000000
vt 0.197829 0.794897 0.000000
vt 0.214740 0.792937 0.000000
vt 0.226484 0.341502 0.000000
vt 0.224438 0.344195 0.000000
vt 0.221024 0.353500 0.000000
vt 0.225303 0.344974 0.000000
vt 0.226045 0.341065 0.000000
vt 0.089832 0.727696 0.000000
vt 0.217757 0.806187 0.000000
vt 0.112259 0.738848 0.000000
vt 0.218844 0.805021 0.000000
vt 0.221936 0.819694 0.000000
vt 0.210831 0.810044 0.000000
vt 0.222637 0.818767 0.000000
vt 0.224287 0.819996 0.000000
vt 0.205253 0.856358 0.000000
vt 0.211290 0.865496 0.000000
vt 0.952662 0.203344 0.000000
vt 0.952145 0.205791 0.000000
vt 0.943919 0.187981 0.000000
vt 0.951200 0.208410 0.000000
vt 0.953241 0.200978 0.000000
vt 0.995577 0.308375 0.000000
vt 0.952165 0.206470 0.000000
vt 0.949139 0.211984 0.000000
vt 0.942938 0.220517 0.000000
vt 0.958300 0.187146 0.000000
vt 0.958827 0.186363 0.000000
vt 0.970731 0.167230 0.000000
vt 0.961369 0.181622 0.000000
vt 0.961918 0.180831 0.000000
vt 0.964212 0.175418 0.000000
vt 0.967983 0.165551 0.000000
vt 0.950884 0.210377 0.000000
vt 0.950924 0.209566 0.000000
vt 0.950224 0.211797 0.000000
vt 0.944995 0.217359 0.000000
vt 0.929012 0.198173 0.000000
vt 0.940732 0.236853 0.000000
vt 0.945492 0.217765 0.000000
vt 0.927879 0.224556 0.000000
vt 0.919496 0.213585 0.000000
vt 0.916944 0.212079 0.000000
vt 0.914007 0.210427 0.000000
vt 0.796533 0.792805 0.000000
vt 0.806993 0.800819 0.000000
vt 0.776689 0.795808 0.000000
vt 0.944280 0.219014 0.000000
vt 0.935691 0.230674 0.000000
vt 0.940365 0.223381 0.000000
vt 0.940943 0.222759 0.000000
vt 0.939691 0.238415 0.000000
vt 0.937501 0.226992 0.000000
vt 0.935829 0.229847 0.000000
vt 0.922193 0.250375 0.000000
vt 0.058222 0.721654 0.000000
vt 0.061134 0.720690 0.000000
vt 0.052899 0.724084 0.000000
vt 0.050591 0.724060 0.000000
vt 0.045735 0.725582 0.000000
vt 0.045232 0.721998 0.000000
vt 0.051946 0.724051 0.000000
vt 0.049571 0.724891 0.000000
vt 0.055424 0.722465 0.000000
vt 0.056172 0.722358 0.000000
vt 0.052738 0.720270 0.000000
vt 0.053571 0.721603 0.000000
vt 0.057997 0.718018 0.000000
vt 0.050239 0.721120 0.000000
vt 0.047056 0.721233 0.000000
vt 0.054454 0.711095 0.000000
vt 0.042162 0.726591 0.000000
vt 0.039383 0.727646 0.000000
vt 0.037893 0.727792 0.000000
vt 0.040583 0.727143 0.000000
vt 0.032697 0.722762 0.000000
vt 0.036890 0.727752 0.000000
vt 0.044208 0.722077 0.000000
vt 0.042797 0.726284 0.000000
vt 0.048442 0.721216 0.000000
vt 0.040185 0.706397 0.000000
vt 0.035703 0.727954 0.000000
vt 0.965279 0.155129 0.000000
vt 0.991333 0.171195 0.000000
vt 0.979540 0.166891 0.000000
vt 0.064206 0.719606 0.000000
vt 0.067398 0.712457 0.000000
vt 0.058853 0.717379 0.000000
vt 0.068907 0.710487 0.000000
vt 0.066969 0.704020 0.000000
vt 0.067391 0.709867 0.000000
vt 0.066364 0.706464 0.000000
vt 0.058425 0.710197 0.000000
vt 0.063308 0.706972 0.000000
vt 0.063358 0.705847 0.000000
vt 0.063848 0.704571 0.000000
vt 0.063989 0.704981 0.000000
vt 0.056985 0.711004 0.000000
vt 0.057237 0.709565 0.000000
vt 0.056376 0.710212 0.000000
vt 0.054648 0.709402 0.000000
vt 0.052883 0.709872 0.000000
vt 0.053967 0.709517 0.000000
vt 0.041906 0.703817 0.000000
vt 0.970650 0.166745 0.000000
vt 0.986728 0.176679 0.000000
vt 0.988651 0.177063 0.000000
vt 0.985001 0.173776 0.000000
vt 0.986513 0.175592 0.000000
vt 0.987372 0.176087 0.000000
vt 0.990188 0.177896 0.000000
vt 0.987886 0.176772 0.000000
vt 0.987834 0.134529 0.000000
vt 0.990918 0.142302 0.000000
vt 0.994391 0.152021 0.000000
vt 0.635932 0.973208 0.000000
vt 0.635757 0.973171 0.000000
vt 0.635741 0.972985 0.000000
vt 0.991805 0.142896 0.000000
vt 0.993145 0.145842 0.000000
vt 0.992510 0.145054 0.000000
vt 0.635683 0.974309 0.000000
vt 0.635050 0.973353 0.000000
vt 0.991700 0.144186 0.000000
vt 0.992681 0.146388 0.000000
vt 0.635076 0.971960 0.000000
vt 0.628478 0.971221 0.000000
vt 0.634282 0.969266 0.000000
vt 0.636401 0.963570 0.000000
vt 0.633934 0.962025 0.000000
vt 0.991075 0.141421 0.000000
vt 0.990082 0.139741 0.000000
vt 0.989449 0.138398 0.000000
vt 0.989494 0.134083 0.000000
vt 0.991124 0.138011 0.000000
vt 0.992488 0.144284 0.000000
vt 0.633683 0.978067 0.000000
vt 0.297829 0.889532 0.000000
vt 0.296851 0.886930 0.000000
vt 0.303310 0.891030 0.000000
vt 0.299001 0.890736 0.000000
vt 0.301621 0.898383 0.000000
vt 0.980581 0.167854 0.000000
vt 0.984330 0.151740 0.000000
vt 0.988870 0.132518 0.000000
vt 0.302806 0.902341 0.000000
vt 0.304618 0.892720 0.000000
vt 0.301964 0.899941 0.000000
vt 0.302901 0.904063 0.000000
vt 0.286554 0.908985 0.000000
vt 0.239517 0.908795 0.000000
vt 0.297512 0.876746 0.000000
vt 0.258909 0.877156 0.000000
vt 0.251173 0.849665 0.000000
vt 0.238556 0.906730 0.000000
vt 0.222864 0.878713 0.000000
vt 0.283823 0.914589 0.000000
vt 0.937606 0.304447 0.000000
vt 0.915914 0.262232 0.000000
vt 0.907164 0.291867 0.000000
vt 0.921908 0.251278 0.000000
vt 0.787842 0.818004 0.000000
vt 0.785993 0.818753 0.000000
vt 0.783296 0.820179 0.000000
vt 0.920999 0.252301 0.000000
vt 0.915081 0.263433 0.000000
vt 0.774039 0.824592 0.000000
vt 0.910057 0.269238 0.000000
vt 0.747440 0.828206 0.000000
vt 0.766776 0.828896 0.000000
vt 0.766921 0.828420 0.000000
vt 0.766185 0.829179 0.000000
vt 0.920406 0.536038 0.000000
vt 0.950679 0.537637 0.000000
vt 0.923058 0.537911 0.000000
vt 0.920364 0.533826 0.000000
vt 0.916859 0.533437 0.000000
vt 0.909649 0.537204 0.000000
vt 0.919347 0.533058 0.000000
vt 0.918264 0.532359 0.000000
vt 0.915929 0.530761 0.000000
vt 0.924048 0.517788 0.000000
vt 0.916753 0.531244 0.000000
vt 0.916261 0.533303 0.000000
vt 0.915669 0.533062 0.000000
vt 0.914642 0.532277 0.000000
vt 0.580606 0.922088 0.000000
vt 0.575659 0.935793 0.000000
vt 0.573341 0.935719 0.000000
vt 0.913478 0.530600 0.000000
vt 0.911872 0.531435 0.000000
vt 0.937689 0.305819 0.000000
vt 0.750798 0.846879 0.000000
vt 0.759434 0.833139 0.000000
vt 0.762944 0.831112 0.000000
vt 0.757758 0.833323 0.000000
vt 0.765592 0.829425 0.000000
vt 0.756248 0.834330 0.000000
vt 0.755236 0.834576 0.000000
vt 0.746700 0.842735 0.000000
vt 0.753268 0.835110 0.000000
vt 0.739224 0.848615 0.000000
vt 0.738707 0.847872 0.000000
vt 0.691966 0.851197 0.000000
vt 0.745466 0.842834 0.000000
vt 0.738634 0.842107 0.000000
vt 0.738125 0.844388 0.000000
vt 0.729633 0.833986 0.000000
vt 0.727724 0.833711 0.000000
vt 0.738562 0.830654 0.000000
vt 0.706183 0.799666 0.000000
vt 0.734715 0.834815 0.000000
vt 0.739116 0.837440 0.000000
vt 0.732761 0.834371 0.000000
vt 0.724474 0.832970 0.000000
vt 0.182378 0.294080 0.000000
vt 0.175928 0.310081 0.000000
vt 0.179205 0.291705 0.000000
vt 0.177227 0.290561 0.000000
vt 0.178103 0.290836 0.000000
vt 0.186876 0.292607 0.000000
vt 0.175273 0.289432 0.000000
vt 0.173774 0.288148 0.000000
vt 0.185705 0.291763 0.000000
vt 0.125350 0.312531 0.000000
vt 0.139261 0.300086 0.000000
vt 0.130024 0.307616 0.000000
vt 0.152129 0.289768 0.000000
vt 0.148906 0.293780 0.000000
vt 0.146684 0.295294 0.000000
vt 0.153935 0.288084 0.000000
vt 0.156124 0.285654 0.000000
vt 0.154877 0.287207 0.000000
vt 0.156856 0.284943 0.000000
vt 0.162838 0.280479 0.000000
vt 0.162317 0.279809 0.000000
vt 0.159639 0.274770 0.000000
vt 0.158225 0.274074 0.000000
vt 0.161675 0.278298 0.000000
vt 0.160277 0.275624 0.000000
vt 0.717650 0.832184 0.000000
vt 0.715959 0.832331 0.000000
vt 0.700032 0.813575 0.000000
vt 0.695135 0.828131 0.000000
vt 0.706210 0.832406 0.000000
vt 0.705667 0.832948 0.000000
vt 0.696727 0.834597 0.000000
vt 0.694357 0.834533 0.000000
vt 0.695081 0.834116 0.000000
vt 0.207581 0.287492 0.000000
vt 0.194171 0.296744 0.000000
vt 0.192117 0.295134 0.000000
vt 0.191341 0.301221 0.000000
vt 0.189401 0.300169 0.000000
vt 0.185580 0.296561 0.000000
vt 0.184616 0.296748 0.000000
vt 0.183442 0.294927 0.000000
vt 0.180313 0.292474 0.000000
vt 0.191701 0.250300 0.000000
vt 0.151691 0.226247 0.000000
vt 0.520397 0.948294 0.000000
vt 0.509131 0.929269 0.000000
vt 0.522111 0.929602 0.000000
vt 0.507072 0.929506 0.000000
vt 0.496966 0.932138 0.000000
vt 0.504153 0.929906 0.000000
vt 0.503886 0.927931 0.000000
vt 0.503333 0.927951 0.000000
vt 0.493112 0.910399 0.000000
vt 0.502856 0.927916 0.000000
vt 0.504133 0.929938 0.000000
vt 0.501894 0.928031 0.000000
vt 0.498685 0.928057 0.000000
vt 0.499247 0.928447 0.000000
vt 0.499640 0.929012 0.000000
vt 0.491973 0.947665 0.000000
vt 0.070160 0.013020 0.000000
vt 0.077894 0.007568 0.000000
vt 0.137842 0.023097 0.000000
vt 0.075551 0.008214 0.000000
vt 0.072480 0.010245 0.000000
vt 0.072926 0.007625 0.000000
vt 0.076308 0.007719 0.000000
vt 0.079759 0.004841 0.000000
vt 0.496495 0.932230 0.000000
vt 0.491636 0.928922 0.000000
vt 0.495491 0.927477 0.000000
vt 0.494269 0.927316 0.000000
vt 0.492601 0.914981 0.000000
vt 0.498755 0.929089 0.000000
vt 0.492608 0.929616 0.000000
vt 0.498740 0.929178 0.000000
vt 0.222799 0.277569 0.000000
vt 0.209005 0.276577 0.000000
vt 0.206764 0.274716 0.000000
vt 0.203298 0.272975 0.000000
vt 0.202960 0.273235 0.000000
vt 0.202410 0.272823 0.000000
vt 0.202455 0.272554 0.000000
vt 0.979355 0.335531 0.000000
vt 0.191625 0.824086 0.000000
vt 0.612261 0.781046 0.000000
vt 0.597305 0.787184 0.000000
vt 0.597227 0.755428 0.000000
vt 0.586439 0.792410 0.000000
vt 0.590697 0.791022 0.000000
vt 0.557439 0.860511 0.000000
vt 0.589718 0.791019 0.000000
vt 0.586486 0.791741 0.000000
vt 0.591186 0.790210 0.000000
vt 0.593785 0.788955 0.000000
vt 0.596025 0.788337 0.000000
vt 0.592983 0.789435 0.000000
vt 0.630035 0.793411 0.000000
vt 0.605141 0.783571 0.000000
vt 0.614356 0.780766 0.000000
vt 0.622632 0.781523 0.000000
vt 0.613581 0.780737 0.000000
vt 0.613611 0.780706 0.000000
vt 0.621356 0.770411 0.000000
vt 0.921469 0.323359 0.000000
vt 0.932109 0.332319 0.000000
vt 0.578596 0.795291 0.000000
vt 0.584134 0.792766 0.000000
vt 0.737171 0.892668 0.000000
vt 0.736937 0.896144 0.000000
vt 0.737224 0.890757 0.000000
vt 0.927141 0.328417 0.000000
vt 0.929229 0.330311 0.000000
vt 0.737318 0.889791 0.000000
vt 0.922306 0.324234 0.000000
vt 0.738056 0.883201 0.000000
vt 0.739589 0.860344 0.000000
vt 0.917119 0.319718 0.000000
vt 0.915714 0.318823 0.000000
vt 0.738648 0.874336 0.000000
vt 0.739864 0.856870 0.000000
vt 0.626128 0.856815 0.000000
vt 0.668341 0.852684 0.000000
vt 0.121006 0.316109 0.000000
vt 0.109835 0.324647 0.000000
vt 0.103362 0.329497 0.000000
vt 0.108476 0.326052 0.000000
vt 0.109527 0.325571 0.000000
vt 0.110378 0.324677 0.000000
vt 0.112443 0.352488 0.000000
vt 0.112001 0.323589 0.000000
vt 0.975453 0.439484 0.000000
vt 0.995751 0.462283 0.000000
vt 0.966319 0.446976 0.000000
vt 0.105912 0.327910 0.000000
vt 0.104499 0.328886 0.000000
vt 0.103758 0.329660 0.000000
vt 0.113570 0.322251 0.000000
vt 0.121079 0.316536 0.000000
vt 0.112746 0.322713 0.000000
vt 0.970466 0.442562 0.000000
vt 0.963450 0.507969 0.000000
vt 0.129301 0.308463 0.000000
vt 0.126122 0.311614 0.000000
vt 0.165574 0.742947 0.000000
vt 0.509829 0.955752 0.000000
vt 0.277656 0.288536 0.000000
vt 0.276483 0.287715 0.000000
vt 0.278297 0.290506 0.000000
vt 0.277565 0.290497 0.000000
vt 0.277269 0.289066 0.000000
vt 0.279069 0.290714 0.000000
vt 0.276056 0.288703 0.000000
vt 0.276621 0.290133 0.000000
vt 0.277268 0.290301 0.000000
vt 0.276052 0.295659 0.000000
vt 0.279775 0.295850 0.000000
vt 0.280202 0.292417 0.000000
vt 0.280367 0.292842 0.000000
vt 0.280853 0.292597 0.000000
vt 0.279831 0.291054 0.000000
vt 0.283179 0.329601 0.000000
vt 0.278252 0.297658 0.000000
vt 0.278770 0.295321 0.000000
vt 0.276414 0.293965 0.000000
vt 0.278770 0.295453 0.000000
vt 0.277335 0.296716 0.000000
vt 0.276692 0.296239 0.000000
vt 0.277606 0.297622 0.000000
vt 0.270909 0.310956 0.000000
vt 0.253596 0.304477 0.000000
vt 0.278360 0.310760 0.000000
vt 0.279164 0.312207 0.000000
vt 0.276772 0.312562 0.000000
vt 0.275885 0.310506 0.000000
vt 0.275844 0.317897 0.000000
vt 0.275504 0.312139 0.000000
vt 0.273449 0.310797 0.000000
vt 0.272912 0.310733 0.000000
vt 0.272281 0.311536 0.000000
vt 0.266975 0.314149 0.000000
vt 0.273644 0.313322 0.000000
vt 0.271853 0.313793 0.000000
vt 0.272326 0.311882 0.000000
vt 0.267731 0.311813 0.000000
vt 0.276132 0.312377 0.000000
vt 0.274248 0.320022 0.000000
vt 0.271353 0.316399 0.000000
vt 0.274538 0.317995 0.000000
vt 0.274747 0.318180 0.000000
vt 0.266540 0.311680 0.000000
vt 0.271023 0.313970 0.000000
vt 0.270304 0.314340 0.000000
vt 0.261041 0.312742 0.000000
vt 0.260878 0.312749 0.000000
vt 0.265410 0.314695 0.000000
vt 0.270538 0.316596 0.000000
vt 0.263149 0.318684 0.000000
vt 0.272441 0.320980 0.000000
vt 0.270686 0.321288 0.000000
vt 0.268708 0.319317 0.000000
vt 0.278656 0.323284 0.000000
vt 0.265236 0.319439 0.000000
vt 0.269407 0.321437 0.000000
vt 0.264677 0.320684 0.000000
vt 0.275867 0.328397 0.000000
vt 0.275395 0.335064 0.000000
vt 0.268669 0.327479 0.000000
vt 0.273700 0.325545 0.000000
vt 0.268871 0.329638 0.000000
vt 0.264449 0.329633 0.000000
vt 0.267477 0.335962 0.000000
vt 0.267799 0.329737 0.000000
vt 0.274341 0.335292 0.000000
vt 0.276904 0.343546 0.000000
vt 0.266206 0.338050 0.000000
vt 0.250372 0.305471 0.000000
vt 0.247795 0.301999 0.000000
vt 0.249610 0.302723 0.000000
vt 0.251568 0.305002 0.000000
vt 0.246627 0.300363 0.000000
vt 0.248155 0.306844 0.000000
vt 0.248951 0.301581 0.000000
vt 0.248655 0.299410 0.000000
vt 0.251505 0.301683 0.000000
vt 0.249406 0.302065 0.000000
vt 0.249513 0.302012 0.000000
vt 0.250674 0.302060 0.000000
vt 0.252627 0.303682 0.000000
vt 0.249222 0.300830 0.000000
vt 0.248502 0.307139 0.000000
vt 0.256710 0.313856 0.000000
vt 0.254435 0.313689 0.000000
vt 0.251084 0.313625 0.000000
vt 0.255730 0.313898 0.000000
vt 0.253908 0.314035 0.000000
vt 0.250351 0.325730 0.000000
vt 0.260020 0.319377 0.000000
vt 0.263150 0.320164 0.000000
vt 0.263348 0.320341 0.000000
vt 0.260900 0.329369 0.000000
vt 0.255984 0.328659 0.000000
vt 0.254585 0.327887 0.000000
vt 0.258044 0.334085 0.000000
vt 0.254397 0.326738 0.000000
vt 0.256020 0.326755 0.000000
vt 0.254772 0.327049 0.000000
vt 0.250405 0.333068 0.000000
vt 0.253640 0.332878 0.000000
vt 0.259810 0.335966 0.000000
vt 0.256538 0.333816 0.000000
vt 0.268321 0.336082 0.000000
vt 0.264766 0.336131 0.000000
vt 0.265169 0.343245 0.000000
vt 0.257422 0.336005 0.000000
vt 0.253759 0.334445 0.000000
vt 0.252020 0.332207 0.000000
vt 0.234551 0.347651 0.000000
vt 0.231832 0.346965 0.000000
vt 0.253026 0.345210 0.000000
vt 0.280124 0.343175 0.000000
vt 0.277458 0.343547 0.000000
vt 0.261447 0.344745 0.000000
vt 0.256956 0.345061 0.000000
vt 0.242811 0.351908 0.000000
vt 0.213443 0.872039 0.000000
vt 0.258755 0.877272 0.000000
vt 0.209758 0.865604 0.000000
vt 0.213076 0.871206 0.000000
vt 0.212846 0.876452 0.000000
vt 0.224328 0.878325 0.000000
vt 0.239973 0.909411 0.000000
vt 0.238894 0.907930 0.000000
vt 0.236411 0.907825 0.000000
vt 0.236399 0.909952 0.000000
vt 0.639828 0.769730 0.000000
vt 0.640779 0.771559 0.000000
vt 0.626331 0.762057 0.000000
vt 0.349097 0.110782 0.000000
vt 0.343047 0.101002 0.000000
vt 0.349327 0.092154 0.000000
vt 0.136395 0.419631 0.000000
vt 0.136274 0.418462 0.000000
vt 0.136782 0.418712 0.000000
vt 0.325335 0.102619 0.000000
vt 0.347790 0.120619 0.000000
vt 0.290578 0.137209 0.000000
vt 0.322699 0.102712 0.000000
vt 0.130096 0.416734 0.000000
vt 0.347393 0.119902 0.000000
vt 0.357779 0.124820 0.000000
vt 0.348037 0.110035 0.000000
vt 0.346839 0.107766 0.000000
vt 0.347499 0.108811 0.000000
vt 0.343004 0.101866 0.000000
vt 0.342774 0.100762 0.000000
vt 0.342472 0.100761 0.000000
vt 0.339391 0.098301 0.000000
vt 0.134823 0.401998 0.000000
vt 0.134968 0.401877 0.000000
vt 0.132404 0.406489 0.000000
vt 0.133875 0.402779 0.000000
vt 0.132552 0.398550 0.000000
vt 0.622319 0.761136 0.000000
vt 0.622069 0.760320 0.000000
vt 0.622447 0.757679 0.000000
vt 0.621599 0.769243 0.000000
vt 0.359412 0.092907 0.000000
vt 0.366344 0.104235 0.000000
vt 0.366470 0.113398 0.000000
vt 0.137348 0.391912 0.000000
vt 0.132111 0.439507 0.000000
vt 0.132319 0.436740 0.000000
vt 0.124720 0.426021 0.000000
vt 0.128609 0.438917 0.000000
vt 0.329698 0.139986 0.000000
vt 0.350092 0.123855 0.000000
vt 0.351120 0.123167 0.000000
vt 0.351994 0.126444 0.000000
vt 0.353263 0.128767 0.000000
vt 0.331889 0.138680 0.000000
vt 0.129063 0.402144 0.000000
vt 0.360398 0.127590 0.000000
vt 0.351252 0.124188 0.000000
vt 0.351526 0.123944 0.000000
vt 0.361026 0.128693 0.000000
vt 0.364069 0.132712 0.000000
vt 0.305309 0.156368 0.000000
vt 0.330292 0.177320 0.000000
vt 0.329818 0.183787 0.000000
vt 0.325232 0.180851 0.000000
vt 0.328555 0.178070 0.000000
vt 0.331914 0.180035 0.000000
vt 0.324071 0.182088 0.000000
vt 0.326469 0.187470 0.000000
vt 0.329806 0.184475 0.000000
vt 0.329930 0.185392 0.000000
vt 0.331076 0.182088 0.000000
vt 0.330118 0.185146 0.000000
vt 0.335593 0.184774 0.000000
vt 0.336089 0.178066 0.000000
vt 0.335878 0.180402 0.000000
vt 0.331990 0.180657 0.000000
vt 0.205409 0.866067 0.000000
vt 0.377648 0.101905 0.000000
vt 0.376377 0.101103 0.000000
vt 0.377904 0.095823 0.000000
vt 0.378948 0.102289 0.000000
vt 0.384238 0.102867 0.000000
vt 0.380780 0.103179 0.000000
vt 0.617179 0.732126 0.000000
vt 0.621162 0.746924 0.000000
vt 0.620989 0.745341 0.000000
vt 0.620812 0.737225 0.000000
vt 0.622664 0.755894 0.000000
vt 0.622659 0.757093 0.000000
vt 0.363320 0.092596 0.000000
vt 0.374568 0.110866 0.000000
vt 0.375100 0.111755 0.000000
vt 0.378323 0.113609 0.000000
vt 0.382821 0.103584 0.000000
vt 0.377634 0.112895 0.000000
vt 0.383348 0.117538 0.000000
vt 0.367657 0.114899 0.000000
vt 0.383755 0.103930 0.000000
vt 0.417859 0.122235 0.000000
vt 0.209612 0.871637 0.000000
vt 0.405623 0.136747 0.000000
vt 0.365022 0.133702 0.000000
vt 0.373906 0.148640 0.000000
vt 0.374764 0.149747 0.000000
vt 0.375533 0.150006 0.000000
vt 0.376696 0.150942 0.000000
vt 0.376853 0.151788 0.000000
vt 0.382048 0.157180 0.000000
vt 0.380016 0.155187 0.000000
vt 0.390092 0.166679 0.000000
vt 0.194025 0.904607 0.000000
vt 0.216530 0.893840 0.000000
vt 0.217607 0.904661 0.000000
vt 0.217580 0.895969 0.000000
vt 0.218295 0.900043 0.000000
vt 0.406486 0.137669 0.000000
vt 0.218312 0.902761 0.000000
vt 0.218082 0.901823 0.000000
vt 0.217791 0.905636 0.000000
vt 0.216306 0.913751 0.000000
vt 0.261171 0.920948 0.000000
vt 0.933736 0.838116 0.000000
vt 0.933305 0.838129 0.000000
vt 0.925277 0.821502 0.000000
vt 0.926703 0.841674 0.000000
vt 0.979318 0.856792 0.000000
vt 0.924048 0.842680 0.000000
vt 0.625695 0.782201 0.000000
vt 0.626253 0.782890 0.000000
vt 0.623719 0.781128 0.000000
vt 0.629682 0.790862 0.000000
vt 0.660695 0.788937 0.000000
vt 0.129118 0.408446 0.000000
vt 0.115287 0.408904 0.000000
vt 0.119739 0.398734 0.000000
vt 0.131740 0.392667 0.000000
vt 0.123964 0.399987 0.000000
vt 0.132641 0.390268 0.000000
vt 0.131544 0.394008 0.000000
vt 0.131543 0.400349 0.000000
vt 0.133431 0.389219 0.000000
vt 0.113602 0.395436 0.000000
vt 0.127759 0.402946 0.000000
vt 0.127942 0.401797 0.000000
vt 0.130661 0.401399 0.000000
vt 0.122815 0.399976 0.000000
vt 0.122868 0.399923 0.000000
vt 0.134724 0.393064 0.000000
vt 0.117868 0.397924 0.000000
vt 0.116010 0.397002 0.000000
vt 0.111668 0.394828 0.000000
vt 0.657571 0.834379 0.000000
vt 0.659094 0.834824 0.000000
vt 0.107363 0.405374 0.000000
vt 0.097102 0.397574 0.000000
vt 0.099925 0.401027 0.000000
vt 0.099325 0.400544 0.000000
vt 0.659705 0.835054 0.000000
vt 0.100838 0.391455 0.000000
vt 0.689631 0.820435 0.000000
vt 0.659072 0.835465 0.000000
vt 0.659118 0.834962 0.000000
vt 0.662640 0.837207 0.000000
vt 0.663739 0.837283 0.000000
vt 0.052282 0.493823 0.000000
vt 0.042972 0.494860 0.000000
vt 0.046745 0.517962 0.000000
vt 0.045901 0.517071 0.000000
vt 0.029065 0.489048 0.000000
vt 0.032129 0.229244 0.000000
vt 0.022900 0.208646 0.000000
vt 0.024862 0.212505 0.000000
vt 0.029685 0.194921 0.000000
vt 0.057758 0.193043 0.000000
vt 0.037876 0.549757 0.000000
vt 0.052951 0.528773 0.000000
vt 0.055116 0.533132 0.000000
vt 0.667471 0.838410 0.000000
vt 0.035448 0.536328 0.000000
vt 0.032596 0.533154 0.000000
vt 0.036731 0.535262 0.000000
vt 0.931998 0.492306 0.000000
vt 0.922775 0.481633 0.000000
vt 0.038459 0.549013 0.000000
vt 0.962703 0.508204 0.000000
vt 0.051962 0.527813 0.000000
vt 0.053762 0.538605 0.000000
vt 0.050708 0.551740 0.000000
vt 0.053405 0.539690 0.000000
vt 0.049465 0.547957 0.000000
vt 0.052814 0.541133 0.000000
vt 0.052041 0.543611 0.000000
vt 0.051746 0.544369 0.000000
vt 0.051476 0.545554 0.000000
vt 0.050359 0.549507 0.000000
vt 0.049742 0.551205 0.000000
vt 0.049030 0.549347 0.000000
vt 0.049628 0.550927 0.000000
vt 0.047944 0.553265 0.000000
vt 0.085858 0.427759 0.000000
vt 0.086796 0.425671 0.000000
vt 0.082000 0.429653 0.000000
vt 0.081251 0.433162 0.000000
vt 0.103421 0.391695 0.000000
vt 0.092868 0.394443 0.000000
vt 0.096249 0.397064 0.000000
vt 0.096442 0.391551 0.000000
vt 0.101788 0.383657 0.000000
vt 0.094441 0.393943 0.000000
vt 0.394028 0.210545 0.000000
vt 0.374623 0.239779 0.000000
vt 0.093367 0.393997 0.000000
vt 0.092295 0.394087 0.000000
vt 0.083851 0.392400 0.000000
vt 0.401093 0.180756 0.000000
vt 0.344603 0.223983 0.000000
vt 0.360176 0.217230 0.000000
vt 0.361464 0.217470 0.000000
vt 0.354099 0.215803 0.000000
vt 0.347529 0.217495 0.000000
vt 0.358267 0.214797 0.000000
vt 0.361239 0.214382 0.000000
vt 0.365257 0.216280 0.000000
vt 0.357892 0.215278 0.000000
vt 0.366772 0.215703 0.000000
vt 0.364112 0.216252 0.000000
vt 0.054782 0.492511 0.000000
vt 0.053302 0.493024 0.000000
vt 0.047616 0.484894 0.000000
vt 0.053995 0.485615 0.000000
vt 0.057492 0.484303 0.000000
vt 0.048978 0.484330 0.000000
vt 0.037305 0.491083 0.000000
vt 0.036613 0.489660 0.000000
vt 0.053047 0.204036 0.000000
vt 0.027992 0.153937 0.000000
vt 0.032377 0.229682 0.000000
vt 0.032186 0.229707 0.000000
vt 0.049164 0.552011 0.000000
vt 0.047949 0.556867 0.000000
vt 0.047439 0.558227 0.000000
vt 0.047475 0.554485 0.000000
vt 0.066238 0.240603 0.000000
vt 0.062235 0.244931 0.000000
vt 0.052662 0.205977 0.000000
vt 0.855528 0.870280 0.000000
vt 0.024135 0.258957 0.000000
vt 0.053249 0.204523 0.000000
vt 0.051128 0.264671 0.000000
vt 0.640577 0.770924 0.000000
vt 0.641787 0.769165 0.000000
vt 0.134176 0.390651 0.000000
vt 0.641105 0.770489 0.000000
vt 0.459624 0.204517 0.000000
vt 0.429271 0.186089 0.000000
vt 0.428607 0.185133 0.000000
vt 0.416926 0.211201 0.000000
vt 0.400688 0.179697 0.000000
vt 0.395319 0.176569 0.000000
vt 0.391003 0.168516 0.000000
vt 0.391915 0.170068 0.000000
vt 0.394398 0.174265 0.000000
vt 0.527418 0.141053 0.000000
vt 0.095209 0.202444 0.000000
vt 0.052850 0.205945 0.000000
vt 0.091445 0.213883 0.000000
vt 0.488554 0.202842 0.000000
vt 0.904558 0.849820 0.000000
vt 0.905238 0.849519 0.000000
vt 0.861173 0.901798 0.000000
vt 0.658360 0.917789 0.000000
vt 0.652602 0.921741 0.000000
vt 0.650223 0.922858 0.000000
vt 0.586724 0.907559 0.000000
vt 0.642522 0.926436 0.000000
vt 0.640301 0.926687 0.000000
vt 0.652128 0.922224 0.000000
vt 0.643834 0.926312 0.000000
vt 0.640194 0.927384 0.000000
vt 0.660153 0.919495 0.000000
vt 0.659396 0.917463 0.000000
vt 0.661198 0.915362 0.000000
vt 0.647789 0.924924 0.000000
vt 0.649267 0.924422 0.000000
vt 0.641625 0.926581 0.000000
vt 0.643471 0.926367 0.000000
vt 0.640765 0.927061 0.000000
vt 0.642596 0.926485 0.000000
vt 0.637137 0.926963 0.000000
vt 0.636392 0.927423 0.000000
vt 0.637581 0.927329 0.000000
vt 0.632748 0.927923 0.000000
vt 0.629145 0.928581 0.000000
vt 0.624924 0.929640 0.000000
vt 0.622740 0.930075 0.000000
vt 0.662348 0.914416 0.000000
vt 0.662835 0.912884 0.000000
vt 0.674524 0.885908 0.000000
vt 0.583282 0.873802 0.000000
vt 0.654298 0.866731 0.000000
vt 0.067098 0.184779 0.000000
vt 0.046596 0.161251 0.000000
vt 0.037494 0.143883 0.000000
vt 0.035228 0.135502 0.000000
vt 0.038436 0.128592 0.000000
vt 0.069675 0.164127 0.000000
vt 0.070133 0.163403 0.000000
vt 0.074823 0.158148 0.000000
vt 0.077068 0.154911 0.000000
vt 0.079050 0.153066 0.000000
vt 0.064024 0.115794 0.000000
vt 0.668596 0.904396 0.000000
vt 0.668873 0.907430 0.000000
vt 0.054694 0.115799 0.000000
vt 0.049745 0.116044 0.000000
vt 0.053819 0.115012 0.000000
vt 0.054677 0.112325 0.000000
vt 0.068760 0.112132 0.000000
vt 0.075590 0.114067 0.000000
vt 0.055592 0.113774 0.000000
vt 0.074427 0.115275 0.000000
vt 0.069229 0.113573 0.000000
vt 0.054920 0.112191 0.000000
vt 0.065504 0.113122 0.000000
vt 0.058912 0.109602 0.000000
vt 0.071528 0.109556 0.000000
vt 0.073715 0.117886 0.000000
vt 0.076231 0.114529 0.000000
vt 0.082045 0.130797 0.000000
vt 0.075396 0.117815 0.000000
vt 0.075765 0.115806 0.000000
vt 0.077070 0.114826 0.000000
vt 0.078992 0.115810 0.000000
vt 0.072429 0.109635 0.000000
vt 0.073486 0.109890 0.000000
vt 0.067311 0.099659 0.000000
vt 0.421936 0.818258 0.000000
vt 0.419092 0.819829 0.000000
vt 0.421144 0.818066 0.000000
vt 0.078778 0.119080 0.000000
vt 0.422769 0.817311 0.000000
vt 0.421954 0.817082 0.000000
vt 0.420887 0.816929 0.000000
vt 0.426716 0.814411 0.000000
vt 0.423995 0.819023 0.000000
vt 0.419824 0.818908 0.000000
vt 0.417803 0.820747 0.000000
vt 0.418054 0.817151 0.000000
vt 0.601041 0.930062 0.000000
vt 0.614851 0.930438 0.000000
vt 0.607201 0.930864 0.000000
vt 0.618993 0.930499 0.000000
vt 0.615668 0.930809 0.000000
vt 0.612511 0.932340 0.000000
vt 0.603388 0.931565 0.000000
vt 0.608310 0.931722 0.000000
vt 0.595455 0.930364 0.000000
vt 0.587344 0.932805 0.000000
vt 0.598452 0.930179 0.000000
vt 0.596290 0.930223 0.000000
vt 0.074164 0.159079 0.000000
vt 0.076218 0.156594 0.000000
vt 0.078438 0.154138 0.000000
vt 0.472964 0.783025 0.000000
vt 0.505797 0.814983 0.000000
vt 0.452877 0.810923 0.000000
vt 0.437313 0.815639 0.000000
vt 0.449821 0.809650 0.000000
vt 0.427099 0.814264 0.000000
vt 0.446518 0.774888 0.000000
vt 0.422772 0.816889 0.000000
vt 0.422377 0.815957 0.000000
vt 0.423447 0.813647 0.000000
vt 0.424272 0.813842 0.000000
vt 0.424065 0.813244 0.000000
vt 0.423251 0.808153 0.000000
vt 0.402356 0.818762 0.000000
vt 0.427446 0.805072 0.000000
vt 0.425515 0.802393 0.000000
vt 0.424914 0.805592 0.000000
vt 0.425741 0.817482 0.000000
vt 0.427617 0.799310 0.000000
vt 0.427760 0.804433 0.000000
vt 0.429261 0.800553 0.000000
vt 0.443999 0.776617 0.000000
vt 0.429414 0.796017 0.000000
vt 0.430844 0.791599 0.000000
vt 0.431879 0.790217 0.000000
vt 0.429778 0.787548 0.000000
vt 0.428079 0.792714 0.000000
vt 0.433696 0.785557 0.000000
vt 0.427613 0.793480 0.000000
vt 0.585960 0.929104 0.000000
vt 0.523741 0.793678 0.000000
vt 0.520299 0.794214 0.000000
vt 0.520723 0.792857 0.000000
vt 0.586198 0.929435 0.000000
vt 0.521517 0.783397 0.000000
vt 0.524195 0.792084 0.000000
vt 0.524019 0.793591 0.000000
vt 0.542676 0.803989 0.000000
vt 0.535712 0.795015 0.000000
vt 0.538273 0.780256 0.000000
vt 0.525599 0.783681 0.000000
vt 0.521223 0.781668 0.000000
vt 0.524367 0.790402 0.000000
vt 0.540363 0.775498 0.000000
vt 0.533416 0.748672 0.000000
vt 0.557993 0.728820 0.000000
vt 0.541945 0.774152 0.000000
vt 0.545873 0.783479 0.000000
vt 0.542914 0.787331 0.000000
vt 0.544616 0.782835 0.000000
vt 0.540568 0.779885 0.000000
vt 0.541320 0.785903 0.000000
vt 0.542107 0.786801 0.000000
vt 0.534354 0.783250 0.000000
vt 0.517428 0.778985 0.000000
vt 0.536664 0.795472 0.000000
vt 0.542110 0.799158 0.000000
vt 0.543259 0.799861 0.000000
vt 0.546180 0.802049 0.000000
vt 0.546259 0.789802 0.000000
vt 0.549133 0.796317 0.000000
vt 0.548468 0.798250 0.000000
vt 0.553506 0.794603 0.000000
vt 0.549581 0.798829 0.000000
vt 0.549522 0.796829 0.000000
vt 0.549483 0.796823 0.000000
vt 0.548452 0.800838 0.000000
vt 0.548864 0.797919 0.000000
vt 0.544132 0.770281 0.000000
vt 0.547869 0.764169 0.000000
vt 0.547373 0.766162 0.000000
vt 0.556592 0.760491 0.000000
vt 0.551617 0.766737 0.000000
vt 0.547120 0.770963 0.000000
vt 0.546196 0.771597 0.000000
vt 0.545531 0.769525 0.000000
vt 0.550386 0.764471 0.000000
vt 0.549875 0.761504 0.000000
vt 0.552087 0.765755 0.000000
vt 0.550054 0.766742 0.000000
vt 0.551048 0.766122 0.000000
vt 0.556369 0.746061 0.000000
vt 0.555501 0.756892 0.000000
vt 0.557576 0.759179 0.000000
vt 0.552902 0.761776 0.000000
vt 0.557648 0.728208 0.000000
vt 0.550640 0.759649 0.000000
vt 0.552016 0.757021 0.000000
vt 0.552196 0.762252 0.000000
vt 0.554998 0.757438 0.000000
vt 0.553447 0.760172 0.000000
vt 0.542807 0.772687 0.000000
vt 0.578394 0.727404 0.000000
vt 0.573175 0.774856 0.000000
vt 0.554836 0.795372 0.000000
vt 0.548215 0.791290 0.000000
vt 0.549156 0.792022 0.000000
vt 0.519419 0.782354 0.000000
vt 0.512071 0.808320 0.000000
vt 0.507718 0.774649 0.000000
vt 0.523292 0.784894 0.000000
vt 0.511563 0.776704 0.000000
vt 0.512974 0.777077 0.000000
vt 0.504414 0.754114 0.000000
vt 0.481399 0.781293 0.000000
vt 0.476717 0.786053 0.000000
vt 0.474536 0.784896 0.000000
vt 0.502455 0.772065 0.000000
vt 0.476523 0.782947 0.000000
vt 0.480081 0.780866 0.000000
vt 0.478386 0.783849 0.000000
vt 0.473580 0.782967 0.000000
vt 0.476100 0.782456 0.000000
vt 0.475966 0.782031 0.000000
vt 0.475914 0.780554 0.000000
vt 0.476548 0.782497 0.000000
vt 0.532610 0.747710 0.000000
vt 0.508641 0.775140 0.000000
vt 0.510125 0.739389 0.000000
vt 0.503464 0.772541 0.000000
vt 0.503550 0.753392 0.000000
vt 0.506958 0.744845 0.000000
vt 0.486490 0.767162 0.000000
vt 0.481886 0.765998 0.000000
vt 0.481529 0.765169 0.000000
vt 0.477043 0.764571 0.000000
vt 0.478707 0.705968 0.000000
vt 0.472031 0.750210 0.000000
vt 0.549679 0.805511 0.000000
vt 0.546936 0.802539 0.000000
vt 0.547460 0.802671 0.000000
vt 0.549082 0.804620 0.000000
vt 0.548915 0.803766 0.000000
vt 0.549230 0.803671 0.000000
vt 0.582585 0.896151 0.000000
vt 0.582602 0.896721 0.000000
vt 0.581811 0.882682 0.000000
vt 0.581637 0.895703 0.000000
vt 0.069309 0.907218 0.000000
vt 0.068767 0.907282 0.000000
vt 0.068586 0.906702 0.000000
vt 0.550311 0.803654 0.000000
vt 0.551674 0.804120 0.000000
vt 0.550727 0.804011 0.000000
vt 0.549582 0.805358 0.000000
vt 0.549823 0.804423 0.000000
vt 0.069764 0.906735 0.000000
vt 0.069041 0.905817 0.000000
vt 0.070778 0.906501 0.000000
vt 0.551584 0.803594 0.000000
vt 0.549645 0.803133 0.000000
vt 0.550696 0.804360 0.000000
vt 0.550998 0.804323 0.000000
vt 0.552080 0.801760 0.000000
vt 0.549199 0.800959 0.000000
vt 0.073767 0.906687 0.000000
vt 0.552580 0.801199 0.000000
vt 0.548977 0.798906 0.000000
vt 0.548656 0.802251 0.000000
vt 0.549411 0.803597 0.000000
vt 0.550097 0.804352 0.000000
vt 0.067545 0.908722 0.000000
vt 0.068359 0.908069 0.000000
vt 0.068830 0.908394 0.000000
vt 0.066849 0.910425 0.000000
vt 0.066876 0.908887 0.000000
vt 0.068771 0.909602 0.000000
vt 0.550647 0.805001 0.000000
vt 0.066208 0.910921 0.000000
vt 0.069817 0.911142 0.000000
vt 0.071038 0.908817 0.000000
vt 0.071824 0.908851 0.000000
vt 0.069349 0.914872 0.000000
vt 0.072340 0.914571 0.000000
vt 0.578990 0.894291 0.000000
vt 0.073149 0.914766 0.000000
vt 0.068717 0.921971 0.000000
vt 0.068942 0.923681 0.000000
vt 0.582967 0.872344 0.000000
vt 0.068110 0.931063 0.000000
vt 0.582685 0.870064 0.000000
vt 0.078699 0.912302 0.000000
vt 0.083134 0.910967 0.000000
vt 0.083397 0.919367 0.000000
vt 0.073812 0.914887 0.000000
vt 0.083383 0.921780 0.000000
vt 0.086330 0.924364 0.000000
vt 0.099667 0.924870 0.000000
vt 0.099109 0.925129 0.000000
vt 0.086382 0.926705 0.000000
vt 0.100428 0.951746 0.000000
vt 0.079288 0.942916 0.000000
vt 0.068226 0.938384 0.000000
vt 0.068335 0.933603 0.000000
vt 0.442457 0.762201 0.000000
vt 0.445254 0.762543 0.000000
vt 0.436635 0.761973 0.000000
vt 0.445454 0.756342 0.000000
vt 0.449174 0.763242 0.000000
vt 0.448510 0.763115 0.000000
vt 0.453710 0.770530 0.000000
vt 0.434826 0.784443 0.000000
vt 0.436076 0.782247 0.000000
vt 0.442267 0.774638 0.000000
vt 0.440844 0.777616 0.000000
vt 0.441197 0.775715 0.000000
vt 0.436667 0.779504 0.000000
vt 0.449199 0.770301 0.000000
vt 0.450550 0.769449 0.000000
vt 0.448024 0.773726 0.000000
vt 0.435682 0.775956 0.000000
vt 0.435776 0.780853 0.000000
vt 0.433832 0.785528 0.000000
vt 0.436260 0.780829 0.000000
vt 0.435182 0.776896 0.000000
vt 0.462148 0.761670 0.000000
vt 0.460949 0.761508 0.000000
vt 0.460817 0.765648 0.000000
vt 0.460257 0.765975 0.000000
vt 0.460127 0.765660 0.000000
vt 0.460555 0.767504 0.000000
vt 0.459256 0.766421 0.000000
vt 0.452530 0.768520 0.000000
vt 0.453863 0.765424 0.000000
vt 0.469570 0.755909 0.000000
vt 0.471951 0.753774 0.000000
vt 0.469443 0.751004 0.000000
vt 0.458082 0.760648 0.000000
vt 0.459061 0.761104 0.000000
vt 0.456761 0.768868 0.000000
vt 0.455843 0.764677 0.000000
vt 0.450358 0.769666 0.000000
vt 0.455661 0.769231 0.000000
vt 0.029985 0.026952 0.000000
vt 0.044375 0.037633 0.000000
vt 0.041393 0.061377 0.000000
vt 0.029501 0.113891 0.000000
vt 0.041845 0.103370 0.000000
vt 0.041580 0.103864 0.000000
vt 0.044192 0.036728 0.000000
vt 0.048342 0.061848 0.000000
vt 0.045008 0.100910 0.000000
vt 0.030797 0.025488 0.000000
vt 0.044039 0.107362 0.000000
vt 0.041055 0.108575 0.000000
vt 0.045034 0.030362 0.000000
vt 0.049447 0.037014 0.000000
vt 0.047060 0.026440 0.000000
vt 0.048977 0.032628 0.000000
vt 0.043209 0.016979 0.000000
vt 0.056188 0.018193 0.000000
vt 0.045832 0.023611 0.000000
vt 0.042696 0.032346 0.000000
vt 0.042182 0.029392 0.000000
vt 0.041990 0.022591 0.000000
vt 0.044311 0.028216 0.000000
vt 0.053948 0.005655 0.000000
vt 0.042565 0.016198 0.000000
vt 0.041380 0.017467 0.000000
vt 0.045505 0.023129 0.000000
vt 0.046028 0.007270 0.000000
vt 0.040847 0.016397 0.000000
vt 0.040012 0.014351 0.000000
vt 0.041345 0.020862 0.000000
vt 0.039077 0.014802 0.000000
vt 0.038067 0.008622 0.000000
vt 0.031864 0.011078 0.000000
vt 0.036806 0.008220 0.000000
vt 0.407552 0.967054 0.000000
vt 0.410174 0.975953 0.000000
vt 0.405883 0.970144 0.000000
vt 0.413876 0.950580 0.000000
vt 0.424943 0.954885 0.000000
vt 0.420179 0.960310 0.000000
vt 0.412310 0.939301 0.000000
vt 0.413119 0.956663 0.000000
vt 0.413100 0.950738 0.000000
vt 0.410693 0.956235 0.000000
vt 0.408785 0.953713 0.000000
vt 0.409006 0.952398 0.000000
vt 0.410419 0.951889 0.000000
vt 0.413244 0.941901 0.000000
vt 0.409669 0.945818 0.000000
vt 0.410085 0.950277 0.000000
vt 0.412266 0.940618 0.000000
vt 0.410250 0.961512 0.000000
vt 0.413376 0.971456 0.000000
vt 0.412466 0.967359 0.000000
vt 0.413063 0.970169 0.000000
vt 0.412599 0.966434 0.000000
vt 0.415205 0.971326 0.000000
vt 0.411507 0.962344 0.000000
vt 0.413106 0.961288 0.000000
vt 0.412208 0.963672 0.000000
vt 0.407577 0.966353 0.000000
vt 0.411344 0.961218 0.000000
vt 0.409012 0.961905 0.000000
vt 0.402055 0.962687 0.000000
vt 0.408204 0.962264 0.000000
vt 0.407584 0.962195 0.000000
vt 0.408494 0.962022 0.000000
vt 0.409460 0.945102 0.000000
vt 0.408034 0.950494 0.000000
vt 0.406536 0.941547 0.000000
vt 0.409731 0.946842 0.000000
vt 0.410107 0.950905 0.000000
vt 0.408269 0.951505 0.000000
vt 0.414494 0.960790 0.000000
vt 0.425708 0.973553 0.000000
vt 0.424549 0.978060 0.000000
vt 0.422935 0.973758 0.000000
vt 0.424762 0.973061 0.000000
vt 0.419623 0.974297 0.000000
vt 0.415694 0.971185 0.000000
vt 0.421241 0.974111 0.000000
vt 0.039301 0.007860 0.000000
vt 0.038331 0.007820 0.000000
vt 0.037938 0.007980 0.000000
vt 0.418388 0.974535 0.000000
vt 0.413452 0.973063 0.000000
vt 0.416741 0.975900 0.000000
vt 0.037766 0.008095 0.000000
vt 0.037281 0.008131 0.000000
vt 0.418068 0.975198 0.000000
vt 0.425319 0.955204 0.000000
vt 0.429840 0.960594 0.000000
vt 0.429111 0.973706 0.000000
vt 0.426980 0.955211 0.000000
vt 0.428364 0.955828 0.000000
vt 0.428758 0.956260 0.000000
vt 0.419752 0.960735 0.000000
vt 0.420930 0.960367 0.000000
vt 0.421161 0.960558 0.000000
vt 0.790744 0.391395 0.000000
vt 0.783873 0.389966 0.000000
vt 0.787314 0.390943 0.000000
vt 0.792149 0.391475 0.000000
vt 0.795871 0.391897 0.000000
vt 0.791337 0.390575 0.000000
vt 0.786023 0.390862 0.000000
vt 0.179017 0.317397 0.000000
vt 0.179814 0.316652 0.000000
vt 0.184548 0.313245 0.000000
vt 0.176107 0.324050 0.000000
vt 0.802830 0.392573 0.000000
vt 0.808694 0.392125 0.000000
vt 0.165611 0.327255 0.000000
vt 0.804015 0.392854 0.000000
vt 0.807669 0.393250 0.000000
vt 0.808952 0.393619 0.000000
vt 0.163923 0.329042 0.000000
vt 0.409023 0.943228 0.000000
vt 0.408949 0.941423 0.000000
vt 0.188583 0.320426 0.000000
vt 0.188856 0.316626 0.000000
vt 0.190567 0.320068 0.000000
vt 0.188168 0.317126 0.000000
vt 0.188856 0.316442 0.000000
vt 0.409052 0.942359 0.000000
vt 0.409063 0.940932 0.000000
vt 0.409019 0.941516 0.000000
vt 0.186431 0.317453 0.000000
vt 0.186081 0.319142 0.000000
vt 0.179840 0.325394 0.000000
vt 0.172872 0.326651 0.000000
vt 0.156950 0.344142 0.000000
vt 0.171921 0.327343 0.000000
vt 0.843475 0.398699 0.000000
vt 0.810743 0.393916 0.000000
vt 0.153962 0.343302 0.000000
vt 0.154650 0.346394 0.000000
vt 0.155516 0.345247 0.000000
vt 0.152933 0.347507 0.000000
vt 0.138009 0.352945 0.000000
vt 0.143258 0.351727 0.000000
vt 0.441934 0.943834 0.000000
vt 0.441149 0.946685 0.000000
vt 0.433710 0.958121 0.000000
vt 0.432649 0.958865 0.000000
vt 0.436672 0.955710 0.000000
vt 0.449056 0.942694 0.000000
vt 0.441897 0.944483 0.000000
vt 0.443051 0.940178 0.000000
vt 0.793223 0.437174 0.000000
vt 0.781972 0.437335 0.000000
vt 0.794642 0.437032 0.000000
vt 0.806523 0.436233 0.000000
vt 0.800808 0.437578 0.000000
vt 0.805383 0.436378 0.000000
vt 0.802059 0.437540 0.000000
vt 0.802127 0.437527 0.000000
vt 0.779534 0.437406 0.000000
vt 0.777386 0.437326 0.000000
vt 0.780904 0.440800 0.000000
vt 0.444051 0.939489 0.000000
vt 0.165217 0.034029 0.000000
vt 0.175288 0.053663 0.000000
vt 0.174690 0.053939 0.000000
vt 0.792757 0.440273 0.000000
vt 0.789192 0.440535 0.000000
vt 0.782394 0.440920 0.000000
vt 0.778624 0.469039 0.000000
vt 0.794205 0.440193 0.000000
vt 0.798002 0.439928 0.000000
vt 0.799574 0.439832 0.000000
vt 0.807981 0.449010 0.000000
vt 0.913424 0.427563 0.000000
vt 0.950962 0.337559 0.000000
vt 0.975123 0.439235 0.000000
vt 0.912341 0.425822 0.000000
vt 0.846048 0.419209 0.000000
vt 0.855515 0.401041 0.000000
vt 0.886123 0.411718 0.000000
vt 0.885021 0.401471 0.000000
vt 0.862436 0.421081 0.000000
vt 0.859835 0.416370 0.000000
vt 0.886183 0.412566 0.000000
vt 0.880137 0.381935 0.000000
vt 0.892557 0.361884 0.000000
vt 0.884120 0.401522 0.000000
vt 0.878422 0.396049 0.000000
vt 0.877568 0.402934 0.000000
vt 0.141110 0.352937 0.000000
vt 0.138674 0.354678 0.000000
vt 0.136163 0.356393 0.000000
vt 0.153877 0.382730 0.000000
vt 0.130368 0.363863 0.000000
vt 0.132119 0.360037 0.000000
vt 0.133657 0.358379 0.000000
vt 0.134275 0.357666 0.000000
vt 0.855781 0.400289 0.000000
vt 0.859752 0.404754 0.000000
vt 0.856968 0.401375 0.000000
vt 0.131617 0.373776 0.000000
vt 0.862055 0.402577 0.000000
vt 0.860342 0.394248 0.000000
vt 0.859816 0.390279 0.000000
vt 0.862834 0.406671 0.000000
vt 0.873974 0.402885 0.000000
vt 0.871916 0.402882 0.000000
vt 0.873334 0.405961 0.000000
vt 0.860240 0.407615 0.000000
vt 0.874665 0.395464 0.000000
vt 0.875058 0.402450 0.000000
vt 0.867026 0.393371 0.000000
vt 0.873706 0.395119 0.000000
vt 0.868507 0.393819 0.000000
vt 0.864723 0.393316 0.000000
vt 0.879063 0.405145 0.000000
vt 0.885958 0.411573 0.000000
vt 0.874670 0.405945 0.000000
vt 0.877301 0.395393 0.000000
vt 0.052031 0.315016 0.000000
vt 0.937676 0.465583 0.000000
vt 0.955575 0.454439 0.000000
vt 0.845192 0.423399 0.000000
vt 0.824695 0.431182 0.000000
vt 0.845374 0.421368 0.000000
vt 0.845699 0.422012 0.000000
vt 0.843824 0.425830 0.000000
vt 0.845825 0.419852 0.000000
vt 0.845565 0.420752 0.000000
vt 0.843909 0.426639 0.000000
vt 0.052718 0.315524 0.000000
vt 0.049602 0.346440 0.000000
vt 0.078431 0.298345 0.000000
vt 0.054314 0.316837 0.000000
vt 0.055952 0.318081 0.000000
vt 0.843650 0.428117 0.000000
vt 0.826256 0.431256 0.000000
vt 0.844322 0.428923 0.000000
vt 0.844156 0.429610 0.000000
vt 0.846122 0.430778 0.000000
vt 0.811566 0.435945 0.000000
vt 0.814203 0.438539 0.000000
vt 0.820111 0.438115 0.000000
vt 0.822206 0.437830 0.000000
vt 0.829072 0.437479 0.000000
vt 0.827695 0.436107 0.000000
vt 0.832892 0.437175 0.000000
vt 0.834167 0.437288 0.000000
vt 0.859880 0.392814 0.000000
vt 0.860355 0.393399 0.000000
vt 0.826175 0.436189 0.000000
vt 0.829001 0.435881 0.000000
vt 0.831346 0.435745 0.000000
vt 0.834015 0.435430 0.000000
vt 0.859266 0.415395 0.000000
vt 0.858694 0.418766 0.000000
vt 0.858193 0.420260 0.000000
vt 0.859212 0.419552 0.000000
vt 0.858283 0.421233 0.000000
vt 0.860847 0.420883 0.000000
vt 0.859363 0.416803 0.000000
vt 0.841809 0.434881 0.000000
vt 0.848868 0.435410 0.000000
vt 0.843728 0.435010 0.000000
vt 0.866017 0.457389 0.000000
vt 0.813388 0.435872 0.000000
vt 0.815723 0.437037 0.000000
vt 0.805226 0.437461 0.000000
vt 0.807145 0.437482 0.000000
vt 0.810892 0.437329 0.000000
vt 0.812127 0.437187 0.000000
vt 0.808901 0.450988 0.000000
vt 0.215033 0.358868 0.000000
vt 0.154211 0.383649 0.000000
vt 0.211726 0.359927 0.000000
vt 0.195648 0.368300 0.000000
vt 0.196748 0.367588 0.000000
vt 0.197684 0.367547 0.000000
vt 0.189977 0.376114 0.000000
vt 0.195573 0.369070 0.000000
vt 0.391623 0.964998 0.000000
vt 0.380476 0.951637 0.000000
vt 0.203082 0.364537 0.000000
vt 0.213781 0.361514 0.000000
vt 0.206983 0.363241 0.000000
vt 0.205025 0.364210 0.000000
vt 0.216256 0.362810 0.000000
vt 0.215507 0.363872 0.000000
vt 0.219726 0.371955 0.000000
vt 0.015957 0.021081 0.000000
vt 0.018874 0.046489 0.000000
vt 0.012391 0.031483 0.000000
vt 0.018681 0.045842 0.000000
vt 0.016285 0.020462 0.000000
vt 0.017974 0.013516 0.000000
vt 0.396424 0.977952 0.000000
vt 0.391801 0.965628 0.000000
vt 0.026623 0.754670 0.000000
vt 0.031022 0.760830 0.000000
vt 0.030638 0.760277 0.000000
vt 0.029777 0.759141 0.000000
vt 0.014391 0.021843 0.000000
vt 0.028994 0.757716 0.000000
vt 0.015653 0.021151 0.000000
vt 0.026393 0.755190 0.000000
vt 0.022593 0.748869 0.000000
vt 0.016149 0.019472 0.000000
vt 0.021246 0.749864 0.000000
vt 0.036574 0.773974 0.000000
vt 0.012086 0.753772 0.000000
vt 0.394672 0.978199 0.000000
vt 0.405826 0.968670 0.000000
vt 0.400813 0.963675 0.000000
vt 0.398719 0.964220 0.000000
vt 0.024559 0.558146 0.000000
vt 0.030265 0.546992 0.000000
vt 0.036644 0.560238 0.000000
vt 0.025153 0.557069 0.000000
vt 0.019741 0.541712 0.000000
vt 0.015179 0.542900 0.000000
vt 0.022737 0.533359 0.000000
vt 0.016612 0.534005 0.000000
vt 0.024968 0.532601 0.000000
vt 0.017859 0.540052 0.000000
vt 0.022474 0.532872 0.000000
vt 0.017939 0.538130 0.000000
vt 0.017389 0.540047 0.000000
vt 0.017683 0.540731 0.000000
vt 0.017190 0.539531 0.000000
vt 0.016882 0.540144 0.000000
vt 0.017171 0.538955 0.000000
vt 0.016754 0.538901 0.000000
vt 0.015334 0.541368 0.000000
vt 0.016546 0.539864 0.000000
vt 0.016441 0.539523 0.000000
vt 0.007884 0.537066 0.000000
vt 0.388153 0.937346 0.000000
vt 0.374155 0.891231 0.000000
vt 0.415655 0.910202 0.000000
vt 0.349127 0.906349 0.000000
vt 0.980701 0.786808 0.000000
vt 0.973855 0.767183 0.000000
vt 0.995742 0.798880 0.000000
vt 0.983309 0.796641 0.000000
vt 0.987984 0.806444 0.000000
vt 0.986978 0.817063 0.000000
vt 0.987070 0.805087 0.000000
vt 0.984382 0.799367 0.000000
vt 0.954413 0.821750 0.000000
vt 0.156084 0.390484 0.000000
vt 0.953154 0.821084 0.000000
vt 0.980033 0.785458 0.000000
vt 0.970361 0.772584 0.000000
vt 0.982726 0.795674 0.000000
vt 0.181331 0.372998 0.000000
vt 0.157825 0.390467 0.000000
vt 0.159660 0.389297 0.000000
vt 0.178994 0.373643 0.000000
vt 0.987117 0.834132 0.000000
vt 0.172799 0.384741 0.000000
vt 0.177619 0.382316 0.000000
vt 0.180151 0.377303 0.000000
vt 0.185410 0.373540 0.000000
vt 0.187558 0.373059 0.000000
vt 0.186759 0.373693 0.000000
vt 0.182784 0.376153 0.000000
vt 0.184394 0.375347 0.000000
vt 0.186309 0.374580 0.000000
vt 0.189387 0.376892 0.000000
vt 0.181102 0.377399 0.000000
vt 0.180203 0.377496 0.000000
vt 0.179270 0.377820 0.000000
vt 0.225536 0.386334 0.000000
vt 0.154474 0.453875 0.000000
vt 0.025480 0.964546 0.000000
vt 0.023471 0.964493 0.000000
vt 0.015345 0.949546 0.000000
vt 0.027452 0.965495 0.000000
vt 0.019953 0.962946 0.000000
vt 0.022185 0.965186 0.000000
vt 0.022491 0.966204 0.000000
vt 0.023769 0.966771 0.000000
vt 0.024147 0.967774 0.000000
vt 0.024901 0.968538 0.000000
vt 0.028924 0.966061 0.000000
vt 0.025635 0.972745 0.000000
vt 0.027389 0.969738 0.000000
vt 0.039981 0.972124 0.000000
vt 0.027655 0.974096 0.000000
vt 0.037143 0.972653 0.000000
vt 0.015291 0.942971 0.000000
vt 0.020713 0.978347 0.000000
vt 0.014477 0.952404 0.000000
vt 0.013477 0.949549 0.000000
vt 0.062755 0.939082 0.000000
vt 0.071613 0.972390 0.000000
vt 0.042006 0.972097 0.000000
vt 0.041471 0.972856 0.000000
vt 0.041235 0.972288 0.000000
vt 0.042110 0.973091 0.000000
vt 0.029135 0.978329 0.000000
vt 0.044854 0.972296 0.000000
vt 0.043811 0.972127 0.000000
vt 0.048871 0.974293 0.000000
vt 0.059228 0.975735 0.000000
vt 0.050514 0.974643 0.000000
vt 0.052615 0.975058 0.000000
vt 0.053474 0.975537 0.000000
vt 0.052903 0.975357 0.000000
vt 0.058703 0.975758 0.000000
vt 0.056947 0.975781 0.000000
vt 0.059514 0.981801 0.000000
vt 0.069117 0.977152 0.000000
vt 0.058122 0.975925 0.000000
vt 0.062348 0.975781 0.000000
vt 0.069432 0.976267 0.000000
vt 0.027328 0.977723 0.000000
vt 0.494718 0.953314 0.000000
vt 0.493970 0.955077 0.000000
vt 0.488679 0.955887 0.000000
vt 0.490826 0.956603 0.000000
vt 0.002153 0.880099 0.000000
vt 0.001154 0.884134 0.000000
vt 0.000498 0.880864 0.000000
vt 0.002763 0.879883 0.000000
vt 0.003744 0.882030 0.000000
vt 0.003807 0.882202 0.000000
vt 0.003836 0.879965 0.000000
vt 0.490702 0.958685 0.000000
vt 0.491688 0.958510 0.000000
vt 0.493061 0.958940 0.000000
vt 0.004730 0.880976 0.000000
vt 0.004803 0.882176 0.000000
vt 0.006152 0.881024 0.000000
vt 0.005506 0.880451 0.000000
vt 0.490502 0.956708 0.000000
vt 0.491295 0.957480 0.000000
vt 0.491542 0.958010 0.000000
vt 0.501590 0.985469 0.000000
vt 0.493454 0.958775 0.000000
vt 0.465372 0.948413 0.000000
vt 0.466957 0.947704 0.000000
vt 0.463681 0.947280 0.000000
vt 0.001561 0.884585 0.000000
vt 0.001544 0.885222 0.000000
vt 0.000119 0.888192 0.000000
vt 0.002805 0.886571 0.000000
vt 0.003386 0.886653 0.000000
vt 0.005136 0.887055 0.000000
vt 0.001214 0.890309 0.000000
vt 0.006686 0.882908 0.000000
vt 0.000099 0.178362 0.000000
vt 0.000365 0.177638 0.000000
vt 0.000987 0.177332 0.000000
vt 0.000789 0.179235 0.000000
vt 0.001390 0.178833 0.000000
vt 0.007231 0.882360 0.000000
vt 0.008062 0.884939 0.000000
vt 0.004549 0.179321 0.000000
vt 0.003309 0.887214 0.000000
vt 0.003959 0.887092 0.000000
vt 0.004706 0.887017 0.000000
vt 0.007686 0.885925 0.000000
vt 0.003276 0.181528 0.000000
vt 0.007587 0.883149 0.000000
vt 0.008048 0.882860 0.000000
vt 0.007836 0.883975 0.000000
vt 0.000402 0.180483 0.000000
vt 0.000801 0.181370 0.000000
vt 0.000086 0.181682 0.000000
vt 0.002216 0.181869 0.000000
vt 0.001133 0.182389 0.000000
vt 0.002627 0.182586 0.000000
vt 0.453016 0.084854 0.000000
vt 0.328915 0.086290 0.000000
vt 0.278951 0.952119 0.000000
vt 0.290847 0.932641 0.000000
vt 0.281271 0.948654 0.000000
vt 0.015957 0.941627 0.000000
vt 0.015708 0.942379 0.000000
vt 0.029879 0.926902 0.000000
vt 0.020441 0.934082 0.000000
vt 0.452274 0.958106 0.000000
vt 0.451628 0.958878 0.000000
vt 0.452808 0.957399 0.000000
vt 0.450451 0.956528 0.000000
vt 0.451487 0.959816 0.000000
vt 0.449863 0.962759 0.000000
vt 0.449330 0.968496 0.000000
vt 0.450338 0.965080 0.000000
vt 0.450418 0.966049 0.000000
vt 0.053401 0.915411 0.000000
vt 0.215005 0.951568 0.000000
vt 0.222939 0.923357 0.000000
vt 0.223650 0.924587 0.000000
vt 0.449704 0.970314 0.000000
vt 0.224277 0.927166 0.000000
vt 0.224021 0.927974 0.000000
vt 0.223875 0.928769 0.000000
vt 0.223834 0.929209 0.000000
vt 0.217378 0.946909 0.000000
vt 0.227810 0.935567 0.000000
vt 0.457663 0.949554 0.000000
vt 0.013659 0.942229 0.000000
vt 0.013470 0.942126 0.000000
vt 0.014213 0.941065 0.000000
vt 0.461705 0.949916 0.000000
vt 0.461154 0.950273 0.000000
vt 0.034759 0.471761 0.000000
vt 0.049345 0.471580 0.000000
vt 0.039182 0.476546 0.000000
vt 0.033317 0.286819 0.000000
vt 0.029505 0.300140 0.000000
vt 0.018309 0.285159 0.000000
vt 0.003570 0.295316 0.000000
vt 0.227657 0.940419 0.000000
vt 0.227582 0.945687 0.000000
vt 0.227761 0.943007 0.000000
vt 0.217210 0.947605 0.000000
vt 0.217871 0.936386 0.000000
vt 0.216863 0.946730 0.000000
vt 0.221241 0.952832 0.000000
vt 0.218955 0.950478 0.000000
vt 0.222163 0.953200 0.000000
vt 0.228070 0.948502 0.000000
vt 0.223903 0.960537 0.000000
vt 0.228561 0.960410 0.000000
vt 0.227920 0.952878 0.000000
vt 0.228636 0.954574 0.000000
vt 0.228514 0.959329 0.000000
vt 0.219917 0.933929 0.000000
vt 0.217103 0.946405 0.000000
vt 0.216401 0.944090 0.000000
vt 0.227402 0.937651 0.000000
vt 0.227846 0.939429 0.000000
vt 0.020914 0.468757 0.000000
vt 0.034153 0.471220 0.000000
vt 0.021128 0.459403 0.000000
vt 0.076346 0.978383 0.000000
vt 0.282437 0.951301 0.000000
vt 0.282486 0.947454 0.000000
vt 0.017326 0.465904 0.000000
vt 0.019770 0.468186 0.000000
vt 0.077993 0.981280 0.000000
vt 0.079368 0.980203 0.000000
vt 0.289620 0.959750 0.000000
vt 0.021329 0.497917 0.000000
vt 0.020681 0.497141 0.000000
vt 0.020581 0.495084 0.000000
vt 0.015426 0.501981 0.000000
vt 0.007218 0.468315 0.000000
vt 0.283068 0.962819 0.000000
vt 0.014369 0.500068 0.000000
vt 0.037581 0.518106 0.000000
vt 0.031218 0.519849 0.000000
vt 0.023671 0.470687 0.000000
vt 0.012162 0.465225 0.000000
vt 0.014347 0.463805 0.000000
vt 0.286677 0.966483 0.000000
vt 0.284755 0.963983 0.000000
vt 0.025969 0.076343 0.000000
vt 0.041970 0.099255 0.000000
vt 0.014232 0.098278 0.000000
vt 0.013156 0.072837 0.000000
vt 0.030562 0.477339 0.000000
vt 0.025761 0.473298 0.000000
vt 0.031428 0.477430 0.000000
vt 0.030986 0.477449 0.000000
vt 0.018961 0.481947 0.000000
vt 0.941319 0.959885 0.000000
vt 0.945806 0.970070 0.000000
vt 0.939959 0.960490 0.000000
vt 0.022089 0.486039 0.000000
vt 0.018526 0.484034 0.000000
vt 0.018956 0.485521 0.000000
vt 0.015123 0.484148 0.000000
vt 0.021012 0.485446 0.000000
vt 0.017049 0.481105 0.000000
vt 0.019465 0.485698 0.000000
vt 0.016360 0.480473 0.000000
vt 0.014138 0.478022 0.000000
vt 0.009833 0.464685 0.000000
vt 0.006352 0.466955 0.000000
vt 0.284216 0.966316 0.000000
vt 0.623806 0.942062 0.000000
vt 0.630571 0.938348 0.000000
vt 0.630537 0.939517 0.000000
vt 0.626333 0.941606 0.000000
vt 0.626431 0.941355 0.000000
vt 0.036676 0.078352 0.000000
vt 0.042013 0.094781 0.000000
vt 0.046152 0.080351 0.000000
vt 0.012301 0.476716 0.000000
vt 0.012190 0.074130 0.000000
vt 0.012161 0.073323 0.000000
vt 0.632875 0.939354 0.000000
vt 0.631775 0.939044 0.000000
vt 0.012239 0.502912 0.000000
vt 0.010652 0.501172 0.000000
vt 0.014437 0.503364 0.000000
vt 0.634466 0.954554 0.000000
vt 0.633871 0.954300 0.000000
vt 0.630792 0.953516 0.000000
vt 0.010601 0.502077 0.000000
vt 0.008670 0.501727 0.000000
vt 0.633323 0.955803 0.000000
vt 0.011399 0.502593 0.000000
vt 0.012814 0.505296 0.000000
vt 0.630645 0.955714 0.000000
vt 0.023805 0.522570 0.000000
vt 0.018963 0.518675 0.000000
vt 0.019120 0.516825 0.000000
vt 0.019232 0.511872 0.000000
vt 0.019295 0.515442 0.000000
vt 0.018667 0.512240 0.000000
vt 0.017305 0.513909 0.000000
vt 0.019140 0.513615 0.000000
vt 0.016514 0.513517 0.000000
vt 0.018068 0.518882 0.000000
vt 0.367505 0.062932 0.000000
vt 0.368667 0.063077 0.000000
vt 0.367835 0.063123 0.000000
vt 0.366491 0.063327 0.000000
vt 0.358392 0.064130 0.000000
vt 0.357418 0.064812 0.000000
vt 0.352932 0.065449 0.000000
vt 0.343199 0.070315 0.000000
vt 0.350911 0.065815 0.000000
vt 0.351630 0.065840 0.000000
vt 0.346254 0.070192 0.000000
vt 0.281264 0.948807 0.000000
vt 0.279808 0.951227 0.000000
vt 0.280977 0.954077 0.000000
vt 0.629570 0.951349 0.000000
vt 0.268562 0.965847 0.000000
vt 0.278254 0.955217 0.000000
vt 0.625711 0.941896 0.000000
vt 0.623006 0.942181 0.000000
vt 0.617833 0.942649 0.000000
vt 0.629817 0.955354 0.000000
vt 0.631638 0.952909 0.000000
vt 0.631634 0.951957 0.000000
vt 0.630579 0.952383 0.000000
vt 0.628804 0.953458 0.000000
vt 0.014434 0.504632 0.000000
vt 0.628279 0.953646 0.000000
vt 0.008966 0.504115 0.000000
vt 0.619243 0.975392 0.000000
vt 0.004926 0.526388 0.000000
vt 0.019838 0.285443 0.000000
vt 0.032884 0.271278 0.000000
vt 0.023051 0.281981 0.000000
vt 0.019525 0.267266 0.000000
vt 0.945206 0.970327 0.000000
vt 0.937016 0.965406 0.000000
vt 0.940036 0.971000 0.000000
vt 0.944808 0.971195 0.000000
vt 0.945722 0.970502 0.000000
vt 0.952663 0.970616 0.000000
vt 0.035214 0.280648 0.000000
vt 0.034579 0.281021 0.000000
vt 0.941140 0.971940 0.000000
vt 0.035994 0.280405 0.000000
vt 0.943851 0.973918 0.000000
vt 0.940422 0.973213 0.000000
vt 0.944005 0.980859 0.000000
vt 0.943679 0.975369 0.000000
vt 0.037907 0.278535 0.000000
vt 0.043757 0.279126 0.000000
vt 0.044330 0.278105 0.000000
vt 0.031355 0.281980 0.000000
vt 0.026067 0.282370 0.000000
vt 0.940548 0.972353 0.000000
vt 0.938734 0.972962 0.000000
vt 0.938428 0.971536 0.000000
vt 0.000983 0.171451 0.000000
vt 0.000856 0.171919 0.000000
vt 0.000770 0.171930 0.000000
vt 0.001263 0.171495 0.000000
vt 0.000306 0.172221 0.000000
vt 0.000779 0.172013 0.000000
vt 0.020569 0.489858 0.000000
vt 0.020573 0.490703 0.000000
vt 0.020394 0.489932 0.000000
vt 0.001277 0.172093 0.000000
vt 0.020857 0.489032 0.000000
vt 0.020633 0.489870 0.000000
vt 0.021067 0.488048 0.000000
vt 0.003101 0.171872 0.000000
vt 0.020283 0.488816 0.000000
vt 0.021607 0.487609 0.000000
vt 0.001841 0.170863 0.000000
vt 0.019886 0.489006 0.000000
vt 0.001862 0.168005 0.000000
vt 0.003723 0.170095 0.000000
vt 0.039602 0.277755 0.000000
vt 0.038059 0.277964 0.000000
vt 0.937704 0.972923 0.000000
vt 0.937388 0.975829 0.000000
vt 0.937026 0.976388 0.000000
vt 0.937531 0.981527 0.000000
vt 0.035161 0.274431 0.000000
vt 0.034904 0.271556 0.000000
vt 0.035318 0.272308 0.000000
vt 0.035184 0.271338 0.000000
vt 0.936181 0.961758 0.000000
vt 0.935951 0.977844 0.000000
vt 0.043592 0.277370 0.000000
vt 0.043760 0.277543 0.000000
vt 0.045888 0.277364 0.000000
vt 0.008661 0.281977 0.000000
vt 0.009080 0.277489 0.000000
vt 0.006625 0.283987 0.000000
vt 0.008480 0.281785 0.000000
vt 0.229559 0.961806 0.000000
vt 0.009677 0.273433 0.000000
vt 0.234468 0.962506 0.000000
vt 0.228821 0.955830 0.000000
vt 0.046973 0.061970 0.000000
vt 0.032769 0.068427 0.000000
vt 0.033839 0.065036 0.000000
vt 0.578302 0.940829 0.000000
vt 0.589192 0.938084 0.000000
vt 0.586894 0.943548 0.000000
vt 0.585989 0.943637 0.000000
vt 0.585246 0.945260 0.000000
vt 0.585399 0.947595 0.000000
vt 0.585981 0.945820 0.000000
vt 0.937616 0.958565 0.000000
vt 0.022673 0.487462 0.000000
vt 0.022688 0.490150 0.000000
vt 0.022395 0.489734 0.000000
vt 0.048222 0.077462 0.000000
vt 0.048999 0.077981 0.000000
vt 0.047773 0.064104 0.000000
vt 0.033994 0.269114 0.000000
vt 0.022124 0.487602 0.000000
vt 0.046135 0.076207 0.000000
vt 0.019657 0.488245 0.000000
vt 0.004134 0.172486 0.000000
vt 0.003030 0.172144 0.000000
vt 0.022028 0.489377 0.000000
vt 0.049492 0.077077 0.000000
vt 0.050579 0.075909 0.000000
vt 0.049704 0.077669 0.000000
vt 0.051377 0.075194 0.000000
vt 0.050004 0.075671 0.000000
vt 0.050652 0.075338 0.000000
vt 0.051635 0.074471 0.000000
vt 0.051646 0.074013 0.000000
vt 0.044915 0.091633 0.000000
vt 0.046433 0.085692 0.000000
vt 0.046677 0.086132 0.000000
vt 0.044847 0.093938 0.000000
vt 0.046620 0.086518 0.000000
vt 0.044927 0.096014 0.000000
vt 0.042107 0.097134 0.000000
vt 0.044582 0.096715 0.000000
vt 0.044905 0.095144 0.000000
vt 0.047584 0.096505 0.000000
vt 0.047410 0.097668 0.000000
vt 0.585414 0.946729 0.000000
vt 0.568855 0.967442 0.000000
vt 0.602579 0.941414 0.000000
vt 0.045178 0.277960 0.000000
vt 0.599413 0.939838 0.000000
vt 0.598251 0.939545 0.000000
vt 0.597630 0.939201 0.000000
vt 0.601084 0.940540 0.000000
vt 0.607547 0.942183 0.000000
vt 0.601801 0.941004 0.000000
vt 0.606213 0.942902 0.000000
vt 0.608007 0.942691 0.000000
vt 0.256827 0.965983 0.000000
vt 0.235096 0.962342 0.000000
vt 0.233653 0.967946 0.000000
vt 0.244780 0.968084 0.000000
vt 0.020441 0.523076 0.000000
vt 0.597168 0.975267 0.000000
vt 0.054466 0.372300 0.000000
vt 0.054294 0.376279 0.000000
vt 0.042511 0.385066 0.000000
vt 0.014473 0.114760 0.000000
vt 0.673509 0.977826 0.000000
vt 0.681840 0.979584 0.000000
vt 0.673159 0.978795 0.000000
vt 0.675234 0.970701 0.000000
vt 0.015706 0.520260 0.000000
vt 0.015357 0.519462 0.000000
vt 0.016883 0.520916 0.000000
vt 0.015173 0.518494 0.000000
vt 0.016662 0.521423 0.000000
vt 0.017136 0.525845 0.000000
vt 0.052984 0.371272 0.000000
vt 0.052885 0.372313 0.000000
vt 0.050172 0.370951 0.000000
vt 0.041059 0.379266 0.000000
vt 0.051397 0.371180 0.000000
vt 0.672968 0.966684 0.000000
vt 0.674004 0.968947 0.000000
vt 0.673228 0.967736 0.000000
vt 0.001075 0.865158 0.000000
vt 0.000943 0.866492 0.000000
vt 0.002697 0.866464 0.000000
vt 0.002364 0.870472 0.000000
vt 0.001284 0.865583 0.000000
vt 0.673063 0.976806 0.000000
vt 0.684905 0.973134 0.000000
vt 0.683117 0.971538 0.000000
vt 0.682973 0.969575 0.000000
vt 0.046291 0.356645 0.000000
vt 0.052496 0.365977 0.000000
vt 0.050028 0.368189 0.000000
vt 0.048725 0.371297 0.000000
vt 0.003503 0.866838 0.000000
vt 0.003636 0.869271 0.000000
vt 0.006003 0.873886 0.000000
vt 0.290890 0.044235 0.000000
vt 0.787267 0.967239 0.000000
vt 0.791832 0.987619 0.000000
vt 0.787998 0.971974 0.000000
vt 0.054236 0.005898 0.000000
vt 0.029661 0.390893 0.000000
vt 0.030981 0.392121 0.000000
vt 0.061556 0.007616 0.000000
vt 0.062128 0.008070 0.000000
vt 0.060355 0.002451 0.000000
vt 0.430308 0.979422 0.000000
vt 0.433645 0.980348 0.000000
vt 0.430457 0.978896 0.000000
vt 0.030042 0.393687 0.000000
vt 0.028301 0.392636 0.000000
vt 0.027399 0.393812 0.000000
vt 0.433402 0.977987 0.000000
vt 0.024479 0.392393 0.000000
vt 0.023600 0.395195 0.000000
vt 0.061345 0.000964 0.000000
vt 0.065319 0.007292 0.000000
vt 0.030292 0.391496 0.000000
vt 0.030123 0.391327 0.000000
vt 0.028552 0.390360 0.000000
vt 0.039672 0.379015 0.000000
vt 0.039277 0.378395 0.000000
vt 0.038379 0.377059 0.000000
vt 0.036893 0.377183 0.000000
vt 0.036882 0.379853 0.000000
vt 0.038357 0.378716 0.000000
vt 0.036574 0.380408 0.000000
vt 0.028166 0.389776 0.000000
vt 0.028421 0.388795 0.000000
vt 0.023581 0.391817 0.000000
vt 0.026455 0.387856 0.000000
vt 0.020469 0.388584 0.000000
vt 0.334060 0.069030 0.000000
vt 0.338047 0.067982 0.000000
vt 0.346222 0.066732 0.000000
vt 0.349239 0.066313 0.000000
vt 0.345279 0.066176 0.000000
vt 0.341191 0.067042 0.000000
vt 0.339531 0.067557 0.000000
vt 0.342565 0.070717 0.000000
vt 0.338760 0.067685 0.000000
vt 0.343024 0.070808 0.000000
vt 0.787082 0.974332 0.000000
vt 0.782232 0.986982 0.000000
vt 0.776800 0.991068 0.000000
vt 0.779079 0.987699 0.000000
vt 0.780946 0.982928 0.000000
vt 0.786870 0.975122 0.000000
vt 0.776532 0.991142 0.000000
vt 0.780008 0.985962 0.000000
vt 0.771430 0.976061 0.000000
vt 0.781226 0.981904 0.000000
vt 0.784591 0.972838 0.000000
vt 0.786879 0.973677 0.000000
vt 0.785214 0.972050 0.000000
vt 0.786910 0.970849 0.000000
vt 0.787040 0.972293 0.000000
vt 0.782745 0.966222 0.000000
vt 0.292032 0.046412 0.000000
vt 0.963385 0.977928 0.000000
vt 0.960930 0.970889 0.000000
vt 0.966687 0.978915 0.000000
vt 0.965293 0.968547 0.000000
vt 0.965645 0.969441 0.000000
vt 0.966809 0.969326 0.000000
vt 0.775302 0.949858 0.000000
vt 0.774390 0.945092 0.000000
vt 0.776641 0.947753 0.000000
vt 0.967856 0.968822 0.000000
vt 0.779803 0.965191 0.000000
vt 0.859036 0.738729 0.000000
vt 0.856103 0.736174 0.000000
vt 0.858502 0.728561 0.000000
vt 0.044872 0.102269 0.000000
vt 0.044788 0.100381 0.000000
vt 0.682110 0.978251 0.000000
vt 0.680927 0.978013 0.000000
vt 0.679356 0.974048 0.000000
vt 0.678866 0.973753 0.000000
vt 0.679669 0.974069 0.000000
vt 0.680229 0.973573 0.000000
vt 0.674980 0.969375 0.000000
vt 0.673959 0.967273 0.000000
vt 0.001341 0.872907 0.000000
vt 0.000211 0.872957 0.000000
vt 0.674246 0.967624 0.000000
vt 0.674894 0.967784 0.000000
vt 0.675820 0.969606 0.000000
vt 0.000807 0.866941 0.000000
vt 0.674633 0.968529 0.000000
vt 0.020596 0.523750 0.000000
vt 0.682728 0.979586 0.000000
vt 0.017000 0.374378 0.000000
vt 0.031789 0.339891 0.000000
vt 0.012793 0.785896 0.000000
vt 0.427355 0.973562 0.000000
vt 0.432947 0.975780 0.000000
vt 0.432710 0.961987 0.000000
vt 0.020086 0.389673 0.000000
vt 0.096318 0.969671 0.000000
vt 0.088011 0.971709 0.000000
vt 0.088135 0.959185 0.000000
vt 0.426099 0.973329 0.000000
vt 0.095958 0.976114 0.000000
vt 0.967060 0.741227 0.000000
vt 0.966429 0.743123 0.000000
vt 0.964068 0.739416 0.000000
vt 0.963311 0.737004 0.000000
vt 0.968520 0.740832 0.000000
vt 0.967233 0.743627 0.000000
vt 0.968735 0.740465 0.000000
vt 0.019965 0.383457 0.000000
vt 0.017494 0.388519 0.000000
vt 0.017979 0.387908 0.000000
vt 0.018182 0.388465 0.000000
vt 0.017761 0.384412 0.000000
vt 0.017595 0.387446 0.000000
vt 0.016540 0.383307 0.000000
vt 0.097972 0.971550 0.000000
vt 0.098039 0.981149 0.000000
vt 0.096377 0.977200 0.000000
vt 0.099722 0.979488 0.000000
vt 0.097654 0.969861 0.000000
vt 0.962910 0.737401 0.000000
vt 0.962340 0.737581 0.000000
vt 0.962556 0.736571 0.000000
vt 0.962809 0.738390 0.000000
vt 0.098333 0.970741 0.000000
vt 0.100101 0.981233 0.000000
vt 0.100593 0.979756 0.000000
vt 0.100203 0.977903 0.000000
vt 0.963266 0.738859 0.000000
vt 0.100761 0.977916 0.000000
vt 0.098439 0.976042 0.000000
vt 0.098748 0.976318 0.000000
vt 0.965741 0.743608 0.000000
vt 0.965357 0.743331 0.000000
vt 0.964793 0.743575 0.000000
vt 0.966907 0.748103 0.000000
vt 0.038542 0.378595 0.000000
vt 0.038350 0.378645 0.000000
vt 0.038795 0.378895 0.000000
vt 0.038579 0.378685 0.000000
vt 0.031283 0.565940 0.000000
vt 0.023277 0.561212 0.000000
vt 0.022845 0.562039 0.000000
vt 0.015378 0.563930 0.000000
vt 0.986399 0.763458 0.000000
vt 0.977121 0.757150 0.000000
vt 0.000591 0.756874 0.000000
vt 0.009325 0.360612 0.000000
vt 0.766064 0.905733 0.000000
vt 0.762106 0.928627 0.000000
vt 0.766507 0.934887 0.000000
vt 0.765210 0.934171 0.000000
vt 0.764852 0.934852 0.000000
vt 0.763737 0.945184 0.000000
vt 0.763451 0.946494 0.000000
vt 0.763403 0.945904 0.000000
vt 0.763596 0.947485 0.000000
vt 0.761300 0.950290 0.000000
vt 0.759892 0.949786 0.000000
vt 0.758911 0.949680 0.000000
vt 0.757834 0.949991 0.000000
vt 0.047541 0.886552 0.000000
vt 0.035514 0.909497 0.000000
vt 0.029559 0.886118 0.000000
vt 0.046485 0.911767 0.000000
vt 0.068819 0.895774 0.000000
vt 0.054276 0.888318 0.000000
vt 0.051842 0.889410 0.000000
vt 0.048666 0.887243 0.000000
vt 0.049147 0.886044 0.000000
vt 0.772399 0.953081 0.000000
vt 0.764659 0.950457 0.000000
vt 0.760931 0.952676 0.000000
vt 0.761574 0.955759 0.000000
vt 0.765701 0.952926 0.000000
vt 0.760699 0.954144 0.000000
vt 0.762403 0.956224 0.000000
vt 0.761068 0.954521 0.000000
vt 0.026329 0.884684 0.000000
vt 0.029011 0.886466 0.000000
vt 0.024288 0.883356 0.000000
vt 0.759830 0.956437 0.000000
vt 0.025582 0.882683 0.000000
vt 0.027452 0.882821 0.000000
vt 0.029100 0.883526 0.000000
vt 0.025841 0.884524 0.000000
vt 0.760866 0.954958 0.000000
vt 0.761541 0.957089 0.000000
vt 0.024917 0.883874 0.000000
vt 0.027282 0.875770 0.000000
vt 0.762911 0.963728 0.000000
vt 0.850188 0.915600 0.000000
vt 0.049761 0.883601 0.000000
vt 0.856059 0.871385 0.000000
vt 0.277955 0.973178 0.000000
vt 0.260029 0.988657 0.000000
vt 0.258693 0.970791 0.000000
vt 0.073956 0.860242 0.000000
vt 0.051998 0.888831 0.000000
vt 0.052087 0.885051 0.000000
vt 0.049863 0.884913 0.000000
vt 0.049798 0.884052 0.000000
vt 0.051845 0.884239 0.000000
vt 0.052872 0.885348 0.000000
vt 0.049152 0.885103 0.000000
vt 0.049359 0.885406 0.000000
vt 0.430654 0.957956 0.000000
vt 0.430665 0.958462 0.000000
vt 0.196827 0.044472 0.000000
vt 0.196740 0.043739 0.000000
vt 0.198656 0.043769 0.000000
vt 0.196504 0.042033 0.000000
vt 0.183564 0.040884 0.000000
vt 0.196231 0.041376 0.000000
vt 0.432050 0.959423 0.000000
vt 0.435399 0.956866 0.000000
vt 0.096744 0.968296 0.000000
vt 0.099057 0.958560 0.000000
vt 0.198622 0.030746 0.000000
vt 0.188946 0.038082 0.000000
vt 0.193548 0.033756 0.000000
vt 0.192597 0.029165 0.000000
vt 0.969970 0.739909 0.000000
vt 0.972651 0.736788 0.000000
vt 0.183082 0.039988 0.000000
vt 0.187804 0.038093 0.000000
vt 0.165991 0.000717 0.000000
vt 0.986938 0.751145 0.000000
vt 0.986428 0.750597 0.000000
vt 0.990625 0.746698 0.000000
vt 0.989064 0.753019 0.000000
vt 0.188961 0.008698 0.000000
vt 0.094099 0.354769 0.000000
vt 0.779865 0.371505 0.000000
vt 0.900188 0.254490 0.000000
vt 0.878369 0.375380 0.000000
vt 0.814301 0.264344 0.000000
vt 0.800870 0.262422 0.000000
vt 0.814529 0.263129 0.000000
vt 0.817097 0.258652 0.000000
vt 0.815023 0.262525 0.000000
vt 0.816554 0.259516 0.000000
vt 0.815780 0.260704 0.000000
vt 0.820976 0.234076 0.000000
vt 0.823462 0.247326 0.000000
vt 0.796651 0.288756 0.000000
vt 0.792307 0.275221 0.000000
vt 0.806300 0.280834 0.000000
vt 0.803298 0.287255 0.000000
vt 0.804374 0.285499 0.000000
vt 0.805194 0.283040 0.000000
vt 0.807176 0.279595 0.000000
vt 0.792727 0.274520 0.000000
vt 0.800424 0.263242 0.000000
vt 0.791751 0.275528 0.000000
vt 0.787814 0.273542 0.000000
vt 0.792815 0.273106 0.000000
vt 0.795531 0.289147 0.000000
vt 0.795982 0.290547 0.000000
vt 0.791731 0.295415 0.000000
vt 0.795024 0.290727 0.000000
vt 0.784255 0.292799 0.000000
vt 0.784326 0.292061 0.000000
vt 0.790034 0.283135 0.000000
vt 0.790785 0.296661 0.000000
vt 0.790683 0.280571 0.000000
vt 0.791328 0.276531 0.000000
vt 0.791964 0.275560 0.000000
vt 0.781697 0.286430 0.000000
vt 0.785019 0.270430 0.000000
vt 0.786137 0.281020 0.000000
vt 0.784142 0.272476 0.000000
vt 0.771958 0.263278 0.000000
vt 0.784481 0.271940 0.000000
vt 0.790024 0.261483 0.000000
vt 0.782811 0.280469 0.000000
vt 0.782475 0.281425 0.000000
vt 0.781132 0.284014 0.000000
vt 0.773459 0.279749 0.000000
vt 0.781066 0.287314 0.000000
vt 0.780915 0.287071 0.000000
vt 0.618633 0.328614 0.000000
vt 0.678676 0.299931 0.000000
vt 0.611069 0.368348 0.000000
vt 0.134465 0.908207 0.000000
vt 0.110548 0.906973 0.000000
vt 0.148300 0.899853 0.000000
vt 0.135632 0.909217 0.000000
vt 0.141760 0.910789 0.000000
vt 0.149140 0.907693 0.000000
vt 0.134181 0.909035 0.000000
vt 0.133296 0.912795 0.000000
vt 0.134453 0.910525 0.000000
vt 0.138864 0.917978 0.000000
vt 0.134380 0.913249 0.000000
vt 0.783026 0.296354 0.000000
vt 0.782782 0.296954 0.000000
vt 0.781953 0.299234 0.000000
vt 0.781267 0.300398 0.000000
vt 0.770670 0.297082 0.000000
vt 0.774367 0.306736 0.000000
vt 0.152538 0.909341 0.000000
vt 0.148810 0.916874 0.000000
vt 0.141672 0.911702 0.000000
vt 0.139987 0.917008 0.000000
vt 0.150990 0.925813 0.000000
vt 0.766737 0.304266 0.000000
vt 0.767175 0.303018 0.000000
vt 0.760665 0.313376 0.000000
vt 0.766529 0.303567 0.000000
vt 0.765253 0.305622 0.000000
vt 0.147494 0.918737 0.000000
vt 0.138041 0.928095 0.000000
vt 0.147817 0.918133 0.000000
vt 0.145760 0.923922 0.000000
vt 0.146603 0.922912 0.000000
vt 0.139404 0.928178 0.000000
vt 0.777082 0.312328 0.000000
vt 0.766649 0.330753 0.000000
vt 0.777023 0.311714 0.000000
vt 0.779356 0.308996 0.000000
vt 0.775836 0.305748 0.000000
vt 0.778106 0.310420 0.000000
vt 0.770656 0.310862 0.000000
vt 0.776200 0.312881 0.000000
vt 0.769932 0.319338 0.000000
vt 0.773487 0.315669 0.000000
vt 0.769113 0.313964 0.000000
vt 0.764476 0.307615 0.000000
vt 0.763492 0.309639 0.000000
vt 0.761822 0.312388 0.000000
vt 0.760223 0.314255 0.000000
vt 0.476485 0.938177 0.000000
vt 0.466967 0.930659 0.000000
vt 0.465572 0.929357 0.000000
vt 0.462072 0.929173 0.000000
vt 0.464567 0.928386 0.000000
vt 0.477101 0.937075 0.000000
vt 0.475303 0.908907 0.000000
vt 0.463438 0.927325 0.000000
vt 0.461479 0.925587 0.000000
vt 0.460916 0.925067 0.000000
vt 0.150632 0.198122 0.000000
vt 0.154176 0.210672 0.000000
vt 0.116369 0.211001 0.000000
vt 0.154348 0.211382 0.000000
vt 0.461399 0.929125 0.000000
vt 0.460467 0.927589 0.000000
vt 0.444974 0.930186 0.000000
vt 0.459753 0.927080 0.000000
vt 0.458852 0.925923 0.000000
vt 0.458052 0.925337 0.000000
vt 0.454501 0.920272 0.000000
vt 0.452519 0.915923 0.000000
vt 0.453919 0.919147 0.000000
vt 0.453337 0.917947 0.000000
vt 0.451021 0.914786 0.000000
vt 0.451773 0.915379 0.000000
vt 0.450833 0.914210 0.000000
vt 0.448150 0.907913 0.000000
vt 0.148282 0.936187 0.000000
vt 0.753837 0.324597 0.000000
vt 0.447512 0.905063 0.000000
vt 0.445395 0.900780 0.000000
vt 0.446994 0.903724 0.000000
vt 0.446237 0.901033 0.000000
vt 0.444693 0.896857 0.000000
vt 0.443656 0.895161 0.000000
vt 0.442513 0.893477 0.000000
vt 0.441271 0.891677 0.000000
vt 0.434166 0.885154 0.000000
vt 0.440611 0.889326 0.000000
vt 0.077946 0.089685 0.000000
vt 0.088426 0.046787 0.000000
vt 0.147891 0.034614 0.000000
vt 0.089623 0.046430 0.000000
vt 0.115449 0.032995 0.000000
vt 0.085916 0.042193 0.000000
vt 0.106870 0.034934 0.000000
vt 0.099246 0.037029 0.000000
vt 0.102986 0.035963 0.000000
vt 0.095483 0.037962 0.000000
vt 0.097275 0.036920 0.000000
vt 0.095417 0.038207 0.000000
vt 0.082295 0.043478 0.000000
vt 0.071572 0.047797 0.000000
vt 0.072367 0.047737 0.000000
vt 0.078352 0.044375 0.000000
vt 0.078529 0.042182 0.000000
vt 0.081629 0.042913 0.000000
vt 0.073627 0.046615 0.000000
vt 0.077057 0.042617 0.000000
vt 0.084816 0.040019 0.000000
vt 0.084694 0.042379 0.000000
vt 0.083784 0.040408 0.000000
vt 0.082814 0.042473 0.000000
vt 0.059132 0.030467 0.000000
vt 0.058653 0.033148 0.000000
vt 0.146928 0.032864 0.000000
vt 0.119645 0.031988 0.000000
vt 0.123249 0.030513 0.000000
vt 0.122309 0.030796 0.000000
vt 0.129682 0.027965 0.000000
vt 0.135681 0.027565 0.000000
vt 0.130787 0.027617 0.000000
vt 0.136866 0.026900 0.000000
vt 0.139045 0.026962 0.000000
vt 0.140431 0.026639 0.000000
vt 0.137795 0.026743 0.000000
vt 0.141683 0.026066 0.000000
vt 0.143834 0.026142 0.000000
vt 0.145105 0.025828 0.000000
vt 0.142786 0.025858 0.000000
vt 0.144198 0.025814 0.000000
vt 0.143018 0.193765 0.000000
vt 0.140866 0.193993 0.000000
vt 0.140862 0.186367 0.000000
vt 0.159253 0.208396 0.000000
vt 0.134410 0.194189 0.000000
vt 0.140828 0.194037 0.000000
vt 0.466670 0.933897 0.000000
vt 0.462403 0.929720 0.000000
vt 0.462186 0.929685 0.000000
vt 0.120615 0.031379 0.000000
vt 0.116939 0.032228 0.000000
vt 0.113361 0.033098 0.000000
vt 0.110707 0.033833 0.000000
vt 0.110796 0.033653 0.000000
vt 0.113131 0.029923 0.000000
vt 0.111961 0.030240 0.000000
vt 0.106971 0.034770 0.000000
vt 0.103029 0.035737 0.000000
vt 0.834440 0.959982 0.000000
vt 0.795207 0.963591 0.000000
vt 0.781307 0.958543 0.000000
vt 0.840058 0.943510 0.000000
vt 0.840539 0.941691 0.000000
vt 0.841736 0.939630 0.000000
vt 0.848368 0.932927 0.000000
vt 0.558856 0.744043 0.000000
vt 0.558661 0.740761 0.000000
vt 0.557878 0.743391 0.000000
vt 0.558780 0.739943 0.000000
vt 0.559706 0.741671 0.000000
vt 0.567901 0.733225 0.000000
vt 0.537503 0.736789 0.000000
vt 0.554870 0.751311 0.000000
vt 0.553356 0.753878 0.000000
vt 0.550316 0.725685 0.000000
vt 0.557773 0.744167 0.000000
vt 0.557193 0.744878 0.000000
vt 0.557698 0.745380 0.000000
vt 0.556197 0.747809 0.000000
vt 0.774913 0.254974 0.000000
vt 0.772943 0.256030 0.000000
vt 0.769467 0.250711 0.000000
vt 0.780815 0.251462 0.000000
vt 0.774128 0.257175 0.000000
vt 0.774266 0.255869 0.000000
vt 0.773961 0.258596 0.000000
vt 0.773832 0.260030 0.000000
vt 0.779288 0.258047 0.000000
vt 0.779528 0.257868 0.000000
vt 0.785462 0.258958 0.000000
vt 0.780224 0.256049 0.000000
vt 0.537929 0.735487 0.000000
vt 0.784712 0.249212 0.000000
vt 0.566208 0.731020 0.000000
vt 0.563221 0.726202 0.000000
vt 0.561720 0.731209 0.000000
vt 0.562464 0.731830 0.000000
vt 0.520746 0.723074 0.000000
vt 0.760675 0.219028 0.000000
vt 0.799455 0.240870 0.000000
vt 0.507198 0.743762 0.000000
vt 0.504080 0.744076 0.000000
vt 0.502928 0.748775 0.000000
vt 0.506441 0.742469 0.000000
vt 0.505557 0.740898 0.000000
vt 0.505571 0.739419 0.000000
vt 0.509974 0.738045 0.000000
vt 0.506648 0.738266 0.000000
vt 0.789239 0.247562 0.000000
vt 0.784357 0.249693 0.000000
vt 0.789707 0.248266 0.000000
vt 0.789269 0.246884 0.000000
vt 0.789784 0.246244 0.000000
vt 0.797562 0.242192 0.000000
vt 0.792166 0.244974 0.000000
vt 0.793911 0.249851 0.000000
vt 0.789424 0.252129 0.000000
vt 0.787544 0.257298 0.000000
vt 0.793023 0.250688 0.000000
vt 0.794200 0.256506 0.000000
vt 0.793540 0.244258 0.000000
vt 0.796233 0.249194 0.000000
vt 0.794701 0.249888 0.000000
vt 0.811724 0.240096 0.000000
vt 0.798388 0.248158 0.000000
vt 0.798795 0.241553 0.000000
vt 0.801155 0.240735 0.000000
vt 0.804067 0.243822 0.000000
vt 0.802838 0.241167 0.000000
vt 0.800825 0.246116 0.000000
vt 0.818762 0.255910 0.000000
vt 0.817071 0.258084 0.000000
vt 0.819208 0.255120 0.000000
vt 0.819610 0.253995 0.000000
vt 0.821780 0.250377 0.000000
vt 0.807619 0.242501 0.000000
vt 0.804725 0.245075 0.000000
vt 0.803740 0.245026 0.000000
vt 0.803195 0.245683 0.000000
vt 0.803416 0.239468 0.000000
vt 0.808227 0.240575 0.000000
vt 0.824141 0.227204 0.000000
vt 0.813943 0.239871 0.000000
vt 0.782817 0.255547 0.000000
vt 0.787513 0.257761 0.000000
vt 0.790718 0.258979 0.000000
vt 0.781444 0.256058 0.000000
vt 0.782364 0.251837 0.000000
vt 0.786595 0.252378 0.000000
vt 0.787624 0.252524 0.000000
vt 0.821730 0.249819 0.000000
vt 0.824745 0.226484 0.000000
vt 0.826824 0.230115 0.000000
vt 0.825594 0.232338 0.000000
vt 0.828165 0.222842 0.000000
vt 0.840559 0.221107 0.000000
vt 0.830566 0.220801 0.000000
vt 0.843702 0.212978 0.000000
vt 0.845468 0.212042 0.000000
vt 0.901234 0.169007 0.000000
vt 0.869235 0.209021 0.000000
vt 0.871185 0.208667 0.000000
vt 0.755860 0.168284 0.000000
vt 0.449461 0.728325 0.000000
vt 0.451201 0.726424 0.000000
vt 0.451732 0.724315 0.000000
vt 0.145676 0.954527 0.000000
vt 0.138322 0.952202 0.000000
vt 0.453344 0.720134 0.000000
vt 0.454446 0.717008 0.000000
vt 0.460134 0.695013 0.000000
vt 0.448141 0.686328 0.000000
vt 0.472255 0.747277 0.000000
vt 0.472132 0.746215 0.000000
vt 0.291369 0.741713 0.000000
vt 0.266338 0.771865 0.000000
vt 0.259503 0.756314 0.000000
vt 0.284103 0.729940 0.000000
vt 0.257091 0.743586 0.000000
vt 0.292124 0.748404 0.000000
vt 0.282721 0.772747 0.000000
vt 0.281672 0.774064 0.000000
vt 0.271019 0.792043 0.000000
vt 0.430923 0.739837 0.000000
vt 0.292419 0.746544 0.000000
vt 0.282979 0.726815 0.000000
vt 0.259386 0.678305 0.000000
vt 0.470267 0.895706 0.000000
vt 0.421762 0.857917 0.000000
vt 0.456566 0.878888 0.000000
vt 0.431413 0.843582 0.000000
vt 0.437800 0.883716 0.000000
vt 0.291156 0.740707 0.000000
vt 0.287706 0.728256 0.000000
vt 0.286928 0.726633 0.000000
vt 0.286419 0.723264 0.000000
vt 0.285073 0.718478 0.000000
vt 0.282171 0.723426 0.000000
vt 0.279561 0.712335 0.000000
vt 0.277248 0.707197 0.000000
vt 0.282899 0.714507 0.000000
vt 0.285857 0.721864 0.000000
vt 0.277387 0.705206 0.000000
vt 0.073724 0.250002 0.000000
vt 0.421274 0.922062 0.000000
vt 0.418233 0.924821 0.000000
vt 0.419916 0.919499 0.000000
vt 0.418883 0.916700 0.000000
vt 0.417628 0.913653 0.000000
vt 0.418142 0.915600 0.000000
vt 0.419005 0.911983 0.000000
vt 0.417636 0.914328 0.000000
vt 0.417196 0.908949 0.000000
vt 0.412146 0.902563 0.000000
vt 0.126576 0.246417 0.000000
vt 0.141894 0.259143 0.000000
vt 0.145818 0.262521 0.000000
vt 0.142727 0.259727 0.000000
vt 0.139607 0.255905 0.000000
vt 0.145429 0.261944 0.000000
vt 0.159077 0.273984 0.000000
vt 0.156346 0.270415 0.000000
vt 0.155558 0.269907 0.000000
vt 0.156215 0.269609 0.000000
vt 0.159142 0.274660 0.000000
vt 0.153634 0.268542 0.000000
vt 0.150861 0.266119 0.000000
vt 0.151880 0.266775 0.000000
vt 0.155423 0.268604 0.000000
vt 0.148504 0.264284 0.000000
vt 0.138575 0.254452 0.000000
vt 0.144684 0.261428 0.000000
vt 0.170541 0.225420 0.000000
vt 0.162563 0.220739 0.000000
vt 0.165522 0.224046 0.000000
vt 0.161327 0.220885 0.000000
vt 0.813393 0.973005 0.000000
vt 0.814656 0.973200 0.000000
vt 0.814576 0.970574 0.000000
vt 0.815916 0.970798 0.000000
vt 0.814264 0.971517 0.000000
vt 0.823651 0.965182 0.000000
vt 0.819302 0.968650 0.000000
vt 0.818293 0.969389 0.000000
vt 0.846656 0.984251 0.000000
vt 0.836484 0.959511 0.000000
vt 0.847434 0.953589 0.000000
vt 0.838074 0.958777 0.000000
vt 0.123536 0.244167 0.000000
vt 0.116827 0.238622 0.000000
vt 0.121546 0.242837 0.000000
vt 0.120519 0.241834 0.000000
vt 0.116079 0.237501 0.000000
vt 0.114910 0.236129 0.000000
vt 0.113639 0.235462 0.000000
vt 0.105220 0.228868 0.000000
vt 0.125691 0.245878 0.000000
vt 0.127524 0.246604 0.000000
vt 0.128550 0.247252 0.000000
vt 0.122424 0.243627 0.000000
vt 0.106725 0.231056 0.000000
vt 0.107414 0.231233 0.000000
vt 0.106071 0.229941 0.000000
vt 0.100183 0.224231 0.000000
vt 0.096374 0.223621 0.000000
vt 0.103105 0.226349 0.000000
vt 0.099826 0.223381 0.000000
vt 0.096357 0.220971 0.000000
vt 0.099294 0.223224 0.000000
vt 0.098530 0.222282 0.000000
vt 0.097424 0.221279 0.000000
vt 0.146491 0.226854 0.000000
vt 0.156126 0.222120 0.000000
vt 0.157036 0.221843 0.000000
vt 0.160008 0.223587 0.000000
vt 0.156068 0.224466 0.000000
vt 0.157212 0.224763 0.000000
vt 0.155912 0.225298 0.000000
vt 0.153399 0.225449 0.000000
vt 0.157951 0.224223 0.000000
vt 0.160883 0.223622 0.000000
vt 0.159870 0.224110 0.000000
vt 0.153174 0.225868 0.000000
vt 0.138880 0.255341 0.000000
vt 0.137393 0.253639 0.000000
vt 0.136122 0.252831 0.000000
vt 0.129829 0.248241 0.000000
vt 0.398157 0.888993 0.000000
vt 0.397910 0.888707 0.000000
vt 0.410742 0.901470 0.000000
vt 0.404601 0.894603 0.000000
vt 0.411972 0.901838 0.000000
vt 0.405795 0.893318 0.000000
vt 0.406098 0.894420 0.000000
vt 0.404568 0.892530 0.000000
vt 0.397413 0.884570 0.000000
vt 0.390325 0.878056 0.000000
vt 0.396120 0.886790 0.000000
vt 0.395651 0.886181 0.000000
vt 0.396534 0.884364 0.000000
vt 0.395424 0.884588 0.000000
vt 0.437516 0.882596 0.000000
vt 0.433885 0.884480 0.000000
vt 0.417333 0.853854 0.000000
vt 0.395517 0.862227 0.000000
vt 0.389357 0.878274 0.000000
vt 0.981658 0.790937 0.000000
vt 0.971910 0.773281 0.000000
vt 0.951683 0.725892 0.000000
vt 0.945066 0.765679 0.000000
vt 0.942360 0.765247 0.000000
vt 0.394085 0.881333 0.000000
vt 0.392186 0.880641 0.000000
vt 0.393015 0.880895 0.000000
vt 0.390331 0.880891 0.000000
vt 0.936701 0.766211 0.000000
vt 0.935462 0.766527 0.000000
vt 0.932310 0.732300 0.000000
vt 0.891932 0.760790 0.000000
vt 0.432376 0.868835 0.000000
vt 0.427157 0.862731 0.000000
vt 0.422159 0.858585 0.000000
vt 0.418979 0.855147 0.000000
vt 0.420691 0.856951 0.000000
vt 0.428168 0.840295 0.000000
vt 0.417633 0.853040 0.000000
vt 0.416781 0.852166 0.000000
vt 0.847198 0.768832 0.000000
vt 0.844980 0.768116 0.000000
vt 0.854380 0.751628 0.000000
vt 0.843497 0.767891 0.000000
vt 0.838422 0.766803 0.000000
vt 0.840015 0.766952 0.000000
vt 0.799334 0.075416 0.000000
vt 0.931431 0.026796 0.000000
vt 0.932774 0.031301 0.000000
vt 0.933489 0.058613 0.000000
vt 0.817542 0.788881 0.000000
vt 0.835796 0.792350 0.000000
vt 0.836632 0.766163 0.000000
vt 0.828645 0.763971 0.000000
vt 0.827727 0.763500 0.000000
vt 0.824176 0.762321 0.000000
vt 0.824656 0.734876 0.000000
vt 0.823279 0.761882 0.000000
vt 0.744974 0.687565 0.000000
vt 0.813972 0.119988 0.000000
vt 0.935433 0.131356 0.000000
vt 0.964178 0.446921 0.000000
vt 0.968654 0.444110 0.000000
vt 0.960494 0.449790 0.000000
vt 0.963445 0.448207 0.000000
vt 0.960985 0.451227 0.000000
vt 0.960078 0.451574 0.000000
vt 0.963341 0.448779 0.000000
vt 0.960021 0.450931 0.000000
vt 0.956997 0.454202 0.000000
vt 0.954410 0.455928 0.000000
vt 0.952135 0.457497 0.000000
vt 0.951416 0.458491 0.000000
vt 0.936843 0.466577 0.000000
vt 0.930284 0.475128 0.000000
vt 0.924180 0.480098 0.000000
vt 0.900671 0.439092 0.000000
vt 0.886398 0.420494 0.000000
vt 0.898595 0.438959 0.000000
vt 0.915371 0.486287 0.000000
vt 0.024634 0.610669 0.000000
vt 0.060118 0.604937 0.000000
vt 0.046066 0.618210 0.000000
vt 0.913803 0.486903 0.000000
vt 0.913471 0.487316 0.000000
vt 0.915404 0.513085 0.000000
vt 0.860965 0.466452 0.000000
vt 0.909548 0.818521 0.000000
vt 0.836569 0.823369 0.000000
vt 0.839407 0.811413 0.000000
vt 0.889086 0.798891 0.000000
vt 0.046285 0.560957 0.000000
vt 0.951028 0.529661 0.000000
vt 0.988469 0.545760 0.000000
vt 0.956027 0.535376 0.000000
vt 0.958892 0.523181 0.000000
vt 0.998708 0.512583 0.000000
vt 0.056916 0.658855 0.000000
vt 0.063421 0.622036 0.000000
vt 0.062817 0.619914 0.000000
vt 0.060063 0.357176 0.000000
vt 0.042293 0.627778 0.000000
vt 0.052043 0.616271 0.000000
vt 0.052850 0.616848 0.000000
vt 0.049624 0.618728 0.000000
vt 0.051564 0.617243 0.000000
vt 0.046729 0.618218 0.000000
vt 0.048374 0.619131 0.000000
vt 0.047878 0.619871 0.000000
vt 0.046043 0.619418 0.000000
vt 0.044312 0.619073 0.000000
vt 0.044764 0.620068 0.000000
vt 0.045291 0.623191 0.000000
vt 0.044228 0.624613 0.000000
vt 0.042100 0.625282 0.000000
vt 0.043414 0.625933 0.000000
vt 0.013765 0.604482 0.000000
vt 0.013611 0.650982 0.000000
vt 0.091333 0.356857 0.000000
vt 0.884628 0.402165 0.000000
vt 0.884793 0.430237 0.000000
vt 0.895522 0.439569 0.000000
vt 0.892840 0.439650 0.000000
vt 0.866337 0.456177 0.000000
vt 0.893449 0.439812 0.000000
vt 0.891682 0.440027 0.000000
vt 0.926310 0.768177 0.000000
vt 0.922911 0.765483 0.000000
vt 0.926991 0.765607 0.000000
vt 0.245925 0.438460 0.000000
vt 0.668507 0.772221 0.000000
vt 0.663882 0.781826 0.000000
vt 0.666943 0.771995 0.000000
vt 0.693522 0.678155 0.000000
vt 0.707970 0.788136 0.000000
vt 0.773702 0.785383 0.000000
vt 0.889522 0.797665 0.000000
vt 0.922723 0.765271 0.000000
vt 0.356230 0.567919 0.000000
vt 0.443663 0.439777 0.000000
vt 0.372435 0.582117 0.000000
vt 0.502076 0.469314 0.000000
vt 0.331611 0.525671 0.000000
vt 0.348781 0.433042 0.000000
vt 0.353658 0.650987 0.000000
vt 0.376111 0.694567 0.000000
vt 0.344501 0.650673 0.000000
vt 0.356843 0.651594 0.000000
vt 0.354369 0.650928 0.000000
vt 0.352194 0.650122 0.000000
vt 0.334806 0.647901 0.000000
vt 0.333964 0.647748 0.000000
vt 0.323331 0.646606 0.000000
vt 0.316853 0.641201 0.000000
vt 0.335438 0.647630 0.000000
vt 0.380953 0.627820 0.000000
vt 0.334368 0.647661 0.000000
vt 0.332131 0.647637 0.000000
vt 0.328230 0.647343 0.000000
vt 0.345509 0.648839 0.000000
vt 0.349012 0.649989 0.000000
vt 0.352717 0.650413 0.000000
vt 0.350012 0.649735 0.000000
vt 0.351054 0.649771 0.000000
vt 0.348200 0.649391 0.000000
vt 0.284283 0.675447 0.000000
vt 0.290340 0.652849 0.000000
vt 0.325079 0.647448 0.000000
vt 0.327075 0.647323 0.000000
vt 0.320703 0.646272 0.000000
vt 0.322560 0.647025 0.000000
vt 0.321140 0.646724 0.000000
vt 0.319821 0.646660 0.000000
vt 0.321832 0.646674 0.000000
vt 0.315458 0.646002 0.000000
vt 0.298138 0.637131 0.000000
vt 0.314604 0.646081 0.000000
vt 0.307246 0.644798 0.000000
vt 0.311860 0.645580 0.000000
vt 0.315380 0.645905 0.000000
vt 0.314177 0.645652 0.000000
vt 0.313286 0.645775 0.000000
vt 0.286848 0.628327 0.000000
vt 0.297898 0.637141 0.000000
vt 0.309342 0.645037 0.000000
vt 0.306268 0.644486 0.000000
vt 0.306942 0.644109 0.000000
vt 0.307802 0.644403 0.000000
vt 0.305543 0.643902 0.000000
vt 0.304276 0.643265 0.000000
vt 0.300773 0.641068 0.000000
vt 0.299299 0.626896 0.000000
vt 0.282759 0.609351 0.000000
vt 0.278834 0.617710 0.000000
vt 0.858555 0.838930 0.000000
vt 0.883982 0.834173 0.000000
vt 0.851761 0.844046 0.000000
vt 0.847961 0.844637 0.000000
vt 0.845488 0.844428 0.000000
vt 0.849032 0.844923 0.000000
vt 0.847770 0.844683 0.000000
vt 0.851503 0.845893 0.000000
vt 0.373765 0.589301 0.000000
vt 0.314245 0.596554 0.000000
vt 0.098089 0.595855 0.000000
vt 0.093514 0.574450 0.000000
vt 0.095700 0.574517 0.000000
vt 0.076933 0.577237 0.000000
vt 0.087036 0.567948 0.000000
vt 0.042023 0.392926 0.000000
vt 0.048664 0.453326 0.000000
vt 0.027149 0.446692 0.000000
vt 0.319703 0.485822 0.000000
vt 0.288904 0.435292 0.000000
vt 0.063892 0.391549 0.000000
vt 0.080534 0.409174 0.000000
vt 0.064381 0.387467 0.000000
vt 0.854056 0.844374 0.000000
vt 0.855566 0.847422 0.000000
vt 0.068478 0.578318 0.000000
vt 0.077002 0.578203 0.000000
vt 0.076813 0.579119 0.000000
vt 0.076825 0.580192 0.000000
vt 0.408461 0.670459 0.000000
vt 0.405257 0.667666 0.000000
vt 0.421570 0.672511 0.000000
vt 0.413935 0.672220 0.000000
vt 0.392563 0.655962 0.000000
vt 0.426246 0.681125 0.000000
vt 0.414795 0.673126 0.000000
vt 0.386872 0.661251 0.000000
vt 0.376991 0.657782 0.000000
vt 0.379273 0.658552 0.000000
vt 0.378740 0.656958 0.000000
vt 0.379738 0.657292 0.000000
vt 0.388696 0.661759 0.000000
vt 0.384882 0.660275 0.000000
vt 0.381347 0.659142 0.000000
vt 0.389662 0.660572 0.000000
vt 0.394073 0.662619 0.000000
vt 0.393014 0.661988 0.000000
vt 0.390570 0.661023 0.000000
vt 0.414236 0.632325 0.000000
vt 0.408559 0.669513 0.000000
vt 0.409579 0.669740 0.000000
vt 0.395264 0.662973 0.000000
vt 0.402213 0.666069 0.000000
vt 0.404548 0.667123 0.000000
vt 0.440304 0.645604 0.000000
vt 0.425726 0.673658 0.000000
vt 0.425082 0.679942 0.000000
vt 0.447324 0.679856 0.000000
vt 0.437078 0.683388 0.000000
vt 0.435694 0.683460 0.000000
vt 0.428230 0.682435 0.000000
vt 0.436237 0.685199 0.000000
vt 0.432462 0.686384 0.000000
vt 0.449580 0.646618 0.000000
vt 0.441280 0.645540 0.000000
vt 0.482134 0.664118 0.000000
vt 0.445644 0.646324 0.000000
vt 0.431230 0.630161 0.000000
vt 0.432480 0.630255 0.000000
vt 0.451681 0.646686 0.000000
vt 0.454661 0.646636 0.000000
vt 0.453653 0.646918 0.000000
vt 0.417505 0.632780 0.000000
vt 0.415162 0.632180 0.000000
vt 0.418710 0.632397 0.000000
vt 0.434504 0.619575 0.000000
vt 0.382021 0.627504 0.000000
vt 0.426857 0.629693 0.000000
vt 0.438035 0.630051 0.000000
vt 0.310716 0.984632 0.000000
vt 0.315445 0.932577 0.000000
vt 0.370694 0.984140 0.000000
vt 0.434467 0.630316 0.000000
vt 0.439464 0.630316 0.000000
vt 0.433687 0.630042 0.000000
vt 0.441434 0.630254 0.000000
vt 0.479168 0.624037 0.000000
vt 0.503013 0.457821 0.000000
vt 0.503479 0.471679 0.000000
vt 0.502271 0.470411 0.000000
vt 0.498911 0.497703 0.000000
vt 0.502939 0.484503 0.000000
vt 0.500279 0.495334 0.000000
vt 0.504379 0.474907 0.000000
vt 0.504145 0.477229 0.000000
vt 0.504441 0.473378 0.000000
vt 0.507404 0.475754 0.000000
vt 0.507958 0.480442 0.000000
vt 0.507808 0.477581 0.000000
vt 0.507728 0.474122 0.000000
vt 0.508031 0.485380 0.000000
vt 0.506840 0.482295 0.000000
vt 0.504538 0.481069 0.000000
vt 0.506510 0.485823 0.000000
vt 0.505661 0.484954 0.000000
vt 0.504165 0.484931 0.000000
vt 0.506278 0.485987 0.000000
vt 0.500861 0.500079 0.000000
vt 0.503782 0.488574 0.000000
vt 0.515231 0.461948 0.000000
vt 0.504593 0.482393 0.000000
vt 0.503727 0.483577 0.000000
vt 0.503460 0.483308 0.000000
vt 0.502841 0.488715 0.000000
vt 0.481233 0.523844 0.000000
vt 0.474398 0.532037 0.000000
vt 0.482141 0.522141 0.000000
vt 0.478393 0.527717 0.000000
vt 0.481019 0.527781 0.000000
vt 0.477082 0.531366 0.000000
vt 0.483266 0.525937 0.000000
vt 0.474807 0.535884 0.000000
vt 0.488636 0.515558 0.000000
vt 0.487939 0.528459 0.000000
vt 0.485242 0.519611 0.000000
vt 0.491156 0.510091 0.000000
vt 0.490976 0.513265 0.000000
vt 0.489912 0.517698 0.000000
vt 0.490164 0.514789 0.000000
vt 0.495070 0.507978 0.000000
vt 0.492216 0.510208 0.000000
vt 0.485309 0.520489 0.000000
vt 0.483534 0.523292 0.000000
vt 0.494001 0.506095 0.000000
vt 0.500522 0.495612 0.000000
vt 0.518500 0.488173 0.000000
vt 0.436688 0.688112 0.000000
vt 0.507108 0.461892 0.000000
vt 0.504194 0.458602 0.000000
vt 0.507568 0.457052 0.000000
vt 0.506214 0.466106 0.000000
vt 0.507102 0.469001 0.000000
vt 0.506730 0.469575 0.000000
vt 0.507859 0.472766 0.000000
vt 0.506263 0.470635 0.000000
vt 0.546734 0.486717 0.000000
vt 0.518623 0.486820 0.000000
vt 0.433665 0.687533 0.000000
vt 0.434976 0.688950 0.000000
vt 0.457601 0.647142 0.000000
vt 0.458914 0.646788 0.000000
vt 0.482922 0.635888 0.000000
vt 0.591621 0.561506 0.000000
vt 0.108041 0.639520 0.000000
vt 0.080134 0.661177 0.000000
vt 0.113445 0.597994 0.000000
vt 0.131453 0.620697 0.000000
vt 0.148642 0.620867 0.000000
vt 0.174172 0.603251 0.000000
vt 0.175490 0.608059 0.000000
vt 0.173789 0.603316 0.000000
vt 0.170682 0.603065 0.000000
vt 0.101381 0.649047 0.000000
vt 0.096769 0.653909 0.000000
vt 0.183146 0.590978 0.000000
vt 0.175571 0.523980 0.000000
vt 0.103660 0.646361 0.000000
vt 0.103912 0.645764 0.000000
vt 0.100910 0.649973 0.000000
vt 0.111549 0.644876 0.000000
vt 0.099555 0.652251 0.000000
vt 0.912808 0.930919 0.000000
vt 0.925826 0.927558 0.000000
vt 0.928165 0.931968 0.000000
vt 0.169729 0.603416 0.000000
vt 0.170211 0.602961 0.000000
vt 0.933608 0.943029 0.000000
vt 0.929719 0.929768 0.000000
vt 0.929618 0.926082 0.000000
vt 0.935807 0.942754 0.000000
vt 0.963097 0.910933 0.000000
vt 0.933634 0.938771 0.000000
vt 0.934497 0.942235 0.000000
vt 0.928987 0.933571 0.000000
vt 0.961069 0.962833 0.000000
vt 0.967469 0.947201 0.000000
vt 0.970139 0.943515 0.000000
vt 0.112199 0.643208 0.000000
vt 0.113420 0.643262 0.000000
vt 0.928810 0.928167 0.000000
vt 0.928330 0.927418 0.000000
vt 0.929024 0.928345 0.000000
vt 0.929284 0.929079 0.000000
vt 0.111979 0.645478 0.000000
vt 0.112495 0.643907 0.000000
vt 0.113685 0.645995 0.000000
vt 0.926666 0.928002 0.000000
vt 0.929999 0.930548 0.000000
vt 0.927338 0.929570 0.000000
vt 0.112129 0.644114 0.000000
vt 0.112537 0.643730 0.000000
vt 0.070391 0.628654 0.000000
vt 0.098799 0.596827 0.000000
vt 0.108144 0.598719 0.000000
vt 0.106717 0.599974 0.000000
vt 0.107487 0.599907 0.000000
vt 0.109319 0.597504 0.000000
vt 0.322375 0.924049 0.000000
vt 0.321702 0.923286 0.000000
vt 0.346072 0.923080 0.000000
vt 0.325159 0.927888 0.000000
vt 0.323468 0.924531 0.000000
vt 0.326082 0.929471 0.000000
vt 0.326414 0.930053 0.000000
vt 0.341888 0.943353 0.000000
vt 0.364718 0.972326 0.000000
vt 0.364701 0.971597 0.000000
vt 0.343256 0.944625 0.000000
vt 0.375136 0.965851 0.000000
vt 0.374131 0.984341 0.000000
vt 0.328994 0.498160 0.000000
vt 0.686246 0.651403 0.000000
vt 0.714771 0.641324 0.000000
vt 0.718172 0.651814 0.000000
vt 0.720593 0.654143 0.000000
vt 0.715746 0.643257 0.000000
vt 0.968112 0.162684 0.000000
vt 0.962098 0.157748 0.000000
vt 0.965692 0.160435 0.000000
vt 0.968985 0.162263 0.000000
vt 0.967717 0.162074 0.000000
vt 0.964802 0.159829 0.000000
vt 0.963684 0.157058 0.000000
vt 0.961832 0.154812 0.000000
vt 0.965313 0.142397 0.000000
vt 0.718357 0.622861 0.000000
vt 0.714234 0.634091 0.000000
vt 0.715255 0.642387 0.000000
vt 0.715225 0.641802 0.000000
vt 0.714629 0.639035 0.000000
vt 0.715095 0.640111 0.000000
vt 0.714721 0.638301 0.000000
vt 0.714899 0.637753 0.000000
vt 0.715106 0.634349 0.000000
vt 0.714725 0.633487 0.000000
vt 0.730039 0.654637 0.000000
vt 0.729139 0.615896 0.000000
vt 0.714300 0.633564 0.000000
vt 0.715125 0.631424 0.000000
vt 0.793698 0.542470 0.000000
vt 0.975619 0.102216 0.000000
vt 0.950394 0.110147 0.000000
vt 0.977886 0.106550 0.000000
vt 0.978392 0.106694 0.000000
vt 0.307849 0.912765 0.000000
vt 0.307814 0.915835 0.000000
vt 0.976587 0.102006 0.000000
vt 0.285514 0.911117 0.000000
vt 0.288119 0.912006 0.000000
vt 0.287686 0.910963 0.000000
vt 0.288750 0.914104 0.000000
vt 0.287912 0.914446 0.000000
vt 0.286793 0.914680 0.000000
vt 0.286394 0.914939 0.000000
vt 0.284978 0.916835 0.000000
vt 0.986528 0.073201 0.000000
vt 0.951969 0.034073 0.000000
vt 0.992539 0.043018 0.000000
vt 0.451570 0.560074 0.000000
vt 0.434377 0.586015 0.000000
vt 0.452373 0.557989 0.000000
vt 0.462025 0.546678 0.000000
vt 0.467531 0.540379 0.000000
vt 0.473064 0.534155 0.000000
vt 0.468060 0.540111 0.000000
vt 0.471647 0.536367 0.000000
vt 0.464691 0.544284 0.000000
vt 0.728978 0.614364 0.000000
vt 0.779442 0.654208 0.000000
vt 0.328206 0.496979 0.000000
vt 0.327689 0.496190 0.000000
vt 0.323658 0.491191 0.000000
vt 0.320811 0.487322 0.000000
vt 0.320985 0.489139 0.000000
vt 0.322809 0.490889 0.000000
vt 0.314691 0.486000 0.000000
vt 0.313800 0.485727 0.000000
vt 0.515890 0.899555 0.000000
vt 0.552532 0.909990 0.000000
vt 0.548764 0.910573 0.000000
vt 0.547554 0.911034 0.000000
vt 0.531443 0.913491 0.000000
vt 0.541062 0.910691 0.000000
vt 0.540272 0.910811 0.000000
vt 0.498507 0.896549 0.000000
vt 0.570679 0.934530 0.000000
vt 0.571822 0.936920 0.000000
vt 0.570704 0.936214 0.000000
vt 0.569616 0.935600 0.000000
vt 0.566739 0.932657 0.000000
vt 0.570995 0.943867 0.000000
vt 0.554329 0.930521 0.000000
vt 0.562540 0.932386 0.000000
vt 0.560225 0.931485 0.000000
vt 0.535798 0.929122 0.000000
vt 0.526037 0.927186 0.000000
vt 0.528069 0.929543 0.000000
vt 0.523558 0.927108 0.000000
vt 0.526985 0.929723 0.000000
vt 0.522490 0.929317 0.000000
vt 0.521504 0.929119 0.000000
vt 0.520987 0.929239 0.000000
vt 0.517340 0.929278 0.000000
vt 0.512193 0.929027 0.000000
vt 0.971284 0.894311 0.000000
vt 0.868272 0.916740 0.000000
vt 0.822162 0.534576 0.000000
vt 0.859105 0.649952 0.000000
vt 0.612687 0.387630 0.000000
vt 0.610405 0.365640 0.000000
vt 0.611778 0.386725 0.000000
vt 0.610109 0.362270 0.000000
vt 0.609387 0.358394 0.000000
vt 0.609638 0.356512 0.000000
vt 0.597577 0.381855 0.000000
vt 0.609218 0.354114 0.000000
vt 0.819070 0.858787 0.000000
vt 0.817667 0.860558 0.000000
vt 0.786835 0.860521 0.000000
vt 0.843469 0.858058 0.000000
vt 0.837258 0.835043 0.000000
vt 0.277843 0.619828 0.000000
vt 0.276428 0.619127 0.000000
vt 0.824281 0.853444 0.000000
vt 0.827877 0.846049 0.000000
vt 0.826751 0.848594 0.000000
vt 0.828564 0.834444 0.000000
vt 0.830158 0.844996 0.000000
vt 0.825974 0.830104 0.000000
vt 0.827421 0.831468 0.000000
vt 0.614365 0.399759 0.000000
vt 0.612923 0.388933 0.000000
vt 0.620045 0.407815 0.000000
vt 0.621772 0.422774 0.000000
vt 0.617640 0.413276 0.000000
vt 0.623711 0.425119 0.000000
vt 0.620999 0.409937 0.000000
vt 0.620494 0.411039 0.000000
vt 0.617568 0.410162 0.000000
vt 0.613127 0.396106 0.000000
vt 0.614732 0.401502 0.000000
vt 0.613119 0.390862 0.000000
vt 0.613302 0.392131 0.000000
vt 0.613474 0.395772 0.000000
vt 0.617082 0.509454 0.000000
vt 0.638623 0.446462 0.000000
vt 0.637607 0.445024 0.000000
vt 0.624056 0.427040 0.000000
vt 0.630580 0.440352 0.000000
vt 0.632174 0.444567 0.000000
vt 0.632928 0.445777 0.000000
vt 0.635468 0.449568 0.000000
vt 0.636169 0.450992 0.000000
vt 0.636664 0.451517 0.000000
vt 0.646108 0.467591 0.000000
vt 0.648959 0.473318 0.000000
vt 0.625634 0.428713 0.000000
vt 0.626251 0.430389 0.000000
vt 0.621150 0.412686 0.000000
vt 0.619128 0.416143 0.000000
vt 0.618772 0.416578 0.000000
vt 0.617633 0.411947 0.000000
vt 0.622575 0.424258 0.000000
vt 0.815693 0.812185 0.000000
vt 0.101969 0.572113 0.000000
vt 0.103038 0.573766 0.000000
vt 0.117270 0.583187 0.000000
vt 0.142787 0.599231 0.000000
vt 0.085500 0.558765 0.000000
vt 0.085903 0.558898 0.000000
vt 0.087728 0.561189 0.000000
vt 0.092197 0.560864 0.000000
vt 0.092646 0.561732 0.000000
vt 0.089991 0.564856 0.000000
vt 0.087595 0.550227 0.000000
vt 0.100663 0.568909 0.000000
vt 0.090758 0.553320 0.000000
vt 0.090215 0.565587 0.000000
vt 0.093109 0.562672 0.000000
vt 0.100160 0.567996 0.000000
vt 0.095042 0.558415 0.000000
vt 0.089425 0.551558 0.000000
vt 0.097607 0.556288 0.000000
vt 0.098103 0.557124 0.000000
vt 0.101353 0.543913 0.000000
vt 0.569081 0.452583 0.000000
vt 0.529878 0.412896 0.000000
vt 0.571248 0.453500 0.000000
vt 0.557708 0.476151 0.000000
vt 0.572179 0.453899 0.000000
vt 0.756641 0.415870 0.000000
vt 0.647173 0.468781 0.000000
vt 0.674745 0.495382 0.000000
vt 0.671089 0.492820 0.000000
vt 0.648031 0.471287 0.000000
vt 0.652860 0.478343 0.000000
vt 0.676654 0.512041 0.000000
vt 0.671886 0.493449 0.000000
vt 0.686032 0.498115 0.000000
vt 0.707863 0.499044 0.000000
vt 0.692583 0.501769 0.000000
vt 0.708969 0.503891 0.000000
vt 0.699117 0.503381 0.000000
vt 0.698416 0.503539 0.000000
vt 0.708960 0.499862 0.000000
vt 0.707984 0.504441 0.000000
vt 0.710537 0.504129 0.000000
vt 0.713497 0.504899 0.000000
vt 0.712209 0.504951 0.000000
vt 0.686435 0.500032 0.000000
vt 0.692130 0.501980 0.000000
vt 0.681166 0.498387 0.000000
vt 0.681994 0.498839 0.000000
vt 0.898344 0.198445 0.000000
vt 0.900981 0.197373 0.000000
vt 0.901903 0.189278 0.000000
vt 0.752019 0.490457 0.000000
vt 0.757211 0.487872 0.000000
vt 0.767746 0.491724 0.000000
vt 0.753877 0.489533 0.000000
vt 0.748520 0.492883 0.000000
vt 0.737658 0.499518 0.000000
vt 0.736845 0.498349 0.000000
vt 0.742340 0.496538 0.000000
vt 0.739418 0.498106 0.000000
vt 0.735161 0.499745 0.000000
vt 0.726263 0.504148 0.000000
vt 0.724738 0.504781 0.000000
vt 0.766292 0.517774 0.000000
vt 0.758377 0.569615 0.000000
vt 0.996198 0.347551 0.000000
vt 0.997709 0.349863 0.000000
vt 0.996855 0.351031 0.000000
vt 0.963737 0.914170 0.000000
vt 0.969802 0.924353 0.000000
vt 0.970379 0.925788 0.000000
vt 0.970994 0.924110 0.000000
vt 0.971799 0.924264 0.000000
vt 0.972525 0.925782 0.000000
vt 0.973693 0.925921 0.000000
vt 0.973468 0.923915 0.000000
vt 0.980845 0.918829 0.000000
vt 0.975610 0.925288 0.000000
vt 0.985279 0.927365 0.000000
vt 0.982399 0.916762 0.000000
vt 0.982195 0.919722 0.000000
vt 0.104569 0.898257 0.000000
vt 0.089470 0.904084 0.000000
vt 0.090696 0.902106 0.000000
vt 0.120535 0.890953 0.000000
vt 0.097618 0.840190 0.000000
vt 0.157725 0.889687 0.000000
vt 0.088077 0.899915 0.000000
vt 0.077983 0.881457 0.000000
vt 0.085103 0.896247 0.000000
vt 0.083836 0.894296 0.000000
vt 0.083090 0.892980 0.000000
vt 0.082788 0.890626 0.000000
vt 0.081400 0.886244 0.000000
vt 0.122968 0.807645 0.000000
vt 0.091557 0.823163 0.000000
vt 0.991764 0.341355 0.000000
vt 0.996539 0.385112 0.000000
vt 0.075623 0.835685 0.000000
vt 0.075082 0.835559 0.000000
vt 0.097770 0.837977 0.000000
vt 0.967798 0.948198 0.000000
vt 0.990628 0.937681 0.000000
vt 0.995169 0.961565 0.000000
vt 0.975723 0.963749 0.000000
vt 0.157744 0.895645 0.000000
vt 0.157818 0.896989 0.000000
vt 0.974009 0.941156 0.000000
vt 0.976475 0.939071 0.000000
vt 0.979921 0.937093 0.000000
vt 0.981084 0.936102 0.000000
vt 0.159359 0.883519 0.000000
vt 0.166610 0.862342 0.000000
vt 0.083720 0.870484 0.000000
vt 0.082259 0.881379 0.000000
vt 0.084276 0.869088 0.000000
vt 0.135565 0.618724 0.000000
vt 0.138264 0.617457 0.000000
vt 0.114754 0.596815 0.000000
vt 0.139834 0.616812 0.000000
vt 0.142605 0.615820 0.000000
vt 0.144160 0.615447 0.000000
vt 0.147301 0.615169 0.000000
vt 0.149010 0.614691 0.000000
vt 0.156080 0.615013 0.000000
vt 0.971029 0.904313 0.000000
vt 0.122152 0.588040 0.000000
vt 0.115358 0.585306 0.000000
vt 0.122042 0.587730 0.000000
vt 0.117836 0.583684 0.000000
vt 0.112388 0.582982 0.000000
vt 0.570318 0.453238 0.000000
vt 0.574989 0.491085 0.000000
vt 0.576232 0.491287 0.000000
vt 0.582253 0.491856 0.000000
vt 0.572657 0.492339 0.000000
vt 0.559962 0.492757 0.000000
vt 0.978235 0.896249 0.000000
vt 0.578972 0.491993 0.000000
vt 0.957478 0.340650 0.000000
vt 0.960503 0.365105 0.000000
vt 0.079970 0.881718 0.000000
vt 0.081082 0.877758 0.000000
vt 0.978714 0.388640 0.000000
vt 0.975902 0.389164 0.000000
vt 0.959513 0.377171 0.000000
vt 0.617194 0.511082 0.000000
vt 0.617614 0.512128 0.000000
vt 0.618591 0.528359 0.000000
vt 0.617705 0.513554 0.000000
vt 0.619530 0.520287 0.000000
vt 0.093836 0.812414 0.000000
vt 0.079554 0.806988 0.000000
vt 0.093558 0.811535 0.000000
vt 0.082113 0.803057 0.000000
vt 0.619853 0.521555 0.000000
vt 0.124262 0.788750 0.000000
vt 0.122245 0.805269 0.000000
vt 0.124752 0.806913 0.000000
vt 0.122334 0.803482 0.000000
vt 0.121777 0.801338 0.000000
vt 0.122109 0.802144 0.000000
vt 0.167160 0.799146 0.000000
vt 0.620447 0.522767 0.000000
vt 0.620780 0.524336 0.000000
vt 0.081386 0.800466 0.000000
vt 0.074940 0.786162 0.000000
vt 0.733336 0.022962 0.000000
vt 0.723121 0.012795 0.000000
vt 0.817850 0.006973 0.000000
vt 0.737252 0.027447 0.000000
vt 0.751596 0.051862 0.000000
vt 0.799349 0.074598 0.000000
vt 0.095599 0.774133 0.000000
vt 0.074798 0.784783 0.000000
vt 0.264004 0.173647 0.000000
vt 0.265153 0.174041 0.000000
vt 0.259385 0.174950 0.000000
vt 0.263160 0.173235 0.000000
vt 0.259250 0.148038 0.000000
vt 0.255866 0.174583 0.000000
vt 0.227021 0.191431 0.000000
vt 0.254713 0.174616 0.000000
vt 0.271443 0.123457 0.000000
vt 0.257171 0.146632 0.000000
vt 0.244504 0.147292 0.000000
vt 0.257563 0.148434 0.000000
vt 0.256877 0.148336 0.000000
vt 0.254265 0.149585 0.000000
vt 0.254730 0.145350 0.000000
vt 0.251104 0.146725 0.000000
vt 0.255971 0.150383 0.000000
vt 0.255654 0.149743 0.000000
vt 0.253100 0.149804 0.000000
vt 0.253062 0.149929 0.000000
vt 0.252329 0.149403 0.000000
vt 0.247989 0.149278 0.000000
vt 0.249332 0.147785 0.000000
vt 0.218329 0.100355 0.000000
vt 0.243584 0.100818 0.000000
vt 0.246345 0.147125 0.000000
vt 0.235738 0.149228 0.000000
vt 0.236449 0.148924 0.000000
vt 0.246581 0.149202 0.000000
vt 0.245501 0.149191 0.000000
vt 0.246659 0.149273 0.000000
vt 0.246613 0.149303 0.000000
vt 0.244270 0.148776 0.000000
vt 0.238566 0.147036 0.000000
vt 0.233856 0.149289 0.000000
vt 0.237402 0.147121 0.000000
vt 0.233462 0.147373 0.000000
vt 0.231525 0.147893 0.000000
vt 0.230433 0.147696 0.000000
vt 0.231120 0.148281 0.000000
vt 0.229491 0.148433 0.000000
vt 0.247829 0.176991 0.000000
vt 0.240464 0.178275 0.000000
vt 0.246841 0.176832 0.000000
vt 0.239865 0.178647 0.000000
vt 0.203249 0.174943 0.000000
vt 0.204330 0.175599 0.000000
vt 0.169617 0.059415 0.000000
vt 0.637633 0.275917 0.000000
vt 0.627135 0.286278 0.000000
vt 0.875430 0.859227 0.000000
vt 0.883366 0.863179 0.000000
vt 0.874083 0.858626 0.000000
vt 0.873031 0.857737 0.000000
vt 0.871693 0.856639 0.000000
vt 0.870543 0.856302 0.000000
vt 0.869149 0.854915 0.000000
vt 0.822177 0.818061 0.000000
vt 0.083315 0.552518 0.000000
vt 0.081545 0.554145 0.000000
vt 0.081547 0.555330 0.000000
vt 0.085073 0.556887 0.000000
vt 0.270737 0.606525 0.000000
vt 0.094757 0.539232 0.000000
vt 0.085786 0.558369 0.000000
vt 0.085448 0.557894 0.000000
vt 0.083886 0.563219 0.000000
vt 0.644553 0.268784 0.000000
vt 0.632703 0.257122 0.000000
vt 0.072966 0.386590 0.000000
vt 0.064234 0.390519 0.000000
vt 0.071457 0.384626 0.000000
vt 0.496384 0.900836 0.000000
vt 0.492338 0.896268 0.000000
vt 0.495012 0.904046 0.000000
vt 0.492532 0.910935 0.000000
vt 0.494554 0.904580 0.000000
vt 0.494118 0.905760 0.000000
vt 0.496226 0.901524 0.000000
vt 0.493803 0.906933 0.000000
vt 0.068375 0.048796 0.000000
vt 0.064867 0.049850 0.000000
vt 0.809753 0.120025 0.000000
vt 0.421548 0.709115 0.000000
vt 0.781110 0.101478 0.000000
vt 0.770889 0.092032 0.000000
vt 0.800467 0.123978 0.000000
vt 0.804561 0.111458 0.000000
vt 0.804426 0.116345 0.000000
vt 0.788619 0.123228 0.000000
vt 0.778247 0.111344 0.000000
vt 0.775097 0.127069 0.000000
vt 0.778851 0.103101 0.000000
vt 0.777577 0.107728 0.000000
vt 0.780069 0.101156 0.000000
vt 0.777803 0.101849 0.000000
vt 0.776662 0.108475 0.000000
vt 0.774875 0.108705 0.000000
vt 0.777406 0.106871 0.000000
vt 0.778000 0.103944 0.000000
vt 0.776640 0.102833 0.000000
vt 0.774912 0.108448 0.000000
vt 0.805364 0.122160 0.000000
vt 0.885380 0.524626 0.000000
vt 0.846849 0.530175 0.000000
vt 0.858575 0.526710 0.000000
vt 0.880182 0.537404 0.000000
vt 0.886113 0.524428 0.000000
vt 0.864159 0.525438 0.000000
vt 0.903157 0.520854 0.000000
vt 0.903219 0.532272 0.000000
vt 0.902972 0.506827 0.000000
vt 0.804850 0.117333 0.000000
vt 0.174114 0.213460 0.000000
vt 0.698648 0.658539 0.000000
vt 0.896542 0.649320 0.000000
vt 0.879703 0.537494 0.000000
vt 0.848878 0.533739 0.000000
vt 0.201616 0.537355 0.000000
vt 0.193932 0.531582 0.000000
vt 0.197817 0.534103 0.000000
vt 0.200286 0.535692 0.000000
vt 0.204931 0.531310 0.000000
vt 0.205996 0.530488 0.000000
vt 0.205866 0.531693 0.000000
vt 0.204302 0.533695 0.000000
vt 0.195702 0.531680 0.000000
vt 0.204060 0.530081 0.000000
vt 0.202969 0.537262 0.000000
vt 0.201266 0.538807 0.000000
vt 0.203274 0.538715 0.000000
vt 0.207401 0.528075 0.000000
vt 0.206899 0.528080 0.000000
vt 0.207449 0.527146 0.000000
vt 0.208842 0.525646 0.000000
vt 0.206385 0.529325 0.000000
vt 0.206345 0.540801 0.000000
vt 0.207531 0.526796 0.000000
vt 0.234093 0.546725 0.000000
vt 0.207533 0.524888 0.000000
vt 0.164254 0.494310 0.000000
vt 0.255669 0.490512 0.000000
vt 0.194024 0.530866 0.000000
vt 0.189657 0.527244 0.000000
vt 0.188090 0.525620 0.000000
vt 0.186675 0.524098 0.000000
vt 0.185322 0.522552 0.000000
vt 0.183881 0.521001 0.000000
vt 0.189855 0.530215 0.000000
vt 0.187623 0.531498 0.000000
vt 0.175248 0.523193 0.000000
vt 0.209633 0.470867 0.000000
vt 0.225372 0.449707 0.000000
vt 0.210580 0.470189 0.000000
vt 0.170507 0.504061 0.000000
vt 0.465237 0.688483 0.000000
vt 0.466439 0.683606 0.000000
vt 0.467841 0.681732 0.000000
vt 0.162786 0.496639 0.000000
vt 0.946906 0.017706 0.000000
vt 0.952064 0.022460 0.000000
vt 0.950179 0.021700 0.000000
vt 0.949404 0.011852 0.000000
vt 0.466773 0.681690 0.000000
vt 0.952891 0.022170 0.000000
vt 0.952006 0.023599 0.000000
vt 0.952348 0.024362 0.000000
vt 0.951934 0.024305 0.000000
vt 0.465539 0.682385 0.000000
vt 0.466751 0.681957 0.000000
vt 0.971816 0.015320 0.000000
vt 0.996496 0.967286 0.000000
vt 0.984187 0.968463 0.000000
vt 0.178290 0.514720 0.000000
vt 0.172200 0.513362 0.000000
vt 0.172075 0.506429 0.000000
vt 0.968888 0.951918 0.000000
vt 0.183187 0.520175 0.000000
vt 0.181814 0.518620 0.000000
vt 0.180427 0.517035 0.000000
vt 0.178965 0.515492 0.000000
vt 0.168827 0.515943 0.000000
vt 0.170720 0.504704 0.000000
vt 0.969954 0.958813 0.000000
vt 0.969718 0.956264 0.000000
vt 0.969354 0.954488 0.000000
vt 0.969620 0.957106 0.000000
vt 0.970001 0.961586 0.000000
vt 0.969841 0.959678 0.000000
vt 0.158862 0.897619 0.000000
vt 0.158904 0.895932 0.000000
vt 0.995449 0.962495 0.000000
vt 0.996598 0.965436 0.000000
vt 0.162134 0.899308 0.000000
vt 0.163105 0.899454 0.000000
vt 0.164139 0.900108 0.000000
vt 0.172769 0.892159 0.000000
vt 0.165569 0.900483 0.000000
vt 0.163625 0.902771 0.000000
vt 0.166543 0.901009 0.000000
vt 0.167449 0.901445 0.000000
vt 0.955226 0.007341 0.000000
vt 0.168630 0.901535 0.000000
vt 0.168976 0.900770 0.000000
vt 0.169126 0.899980 0.000000
vt 0.955982 0.006427 0.000000
vt 0.171861 0.903790 0.000000
vt 0.169754 0.900397 0.000000
vt 0.965176 0.007188 0.000000
vt 0.170655 0.899258 0.000000
vt 0.171510 0.899040 0.000000
vt 0.172380 0.902560 0.000000
vt 0.172971 0.901742 0.000000
vt 0.171577 0.899077 0.000000
vt 0.172900 0.898174 0.000000
vt 0.173345 0.893292 0.000000
vt 0.175484 0.897494 0.000000
vt 0.212271 0.549866 0.000000
vt 0.208664 0.580747 0.000000
vt 0.210888 0.549052 0.000000
vt 0.213975 0.550755 0.000000
vt 0.213017 0.544469 0.000000
vt 0.227895 0.551377 0.000000
vt 0.215681 0.551636 0.000000
vt 0.214912 0.551345 0.000000
vt 0.262084 0.572594 0.000000
vt 0.252411 0.590283 0.000000
vt 0.183534 0.591327 0.000000
vt 0.182758 0.589841 0.000000
vt 0.202630 0.618610 0.000000
vt 0.201891 0.617708 0.000000
vt 0.184210 0.593066 0.000000
vt 0.201889 0.645749 0.000000
vt 0.197175 0.615189 0.000000
vt 0.227512 0.633077 0.000000
vt 0.179081 0.536105 0.000000
vt 0.209677 0.548492 0.000000
vt 0.207244 0.546832 0.000000
vt 0.207890 0.547270 0.000000
vt 0.210137 0.543105 0.000000
vt 0.203925 0.539554 0.000000
vt 0.205619 0.540649 0.000000
vt 0.207693 0.541328 0.000000
vt 0.204943 0.540154 0.000000
vt 0.208881 0.541919 0.000000
vt 0.179593 0.535263 0.000000
vt 0.968255 0.950112 0.000000
vt 0.969421 0.953667 0.000000
vt 0.209819 0.542435 0.000000
vt 0.213206 0.544835 0.000000
vt 0.211211 0.543333 0.000000
vt 0.210863 0.543398 0.000000
vt 0.260527 0.571136 0.000000
vt 0.231117 0.551580 0.000000
vt 0.234721 0.546791 0.000000
vt 0.266090 0.550521 0.000000
vt 0.229005 0.551078 0.000000
vt 0.229520 0.551436 0.000000
vt 0.232905 0.552263 0.000000
vt 0.231323 0.552201 0.000000
vt 0.238524 0.552539 0.000000
vt 0.228632 0.551822 0.000000
vt 0.230573 0.551757 0.000000
vt 0.237587 0.553337 0.000000
vt 0.241800 0.553757 0.000000
vt 0.243232 0.553770 0.000000
vt 0.249194 0.554639 0.000000
vt 0.248344 0.553428 0.000000
vt 0.251272 0.554016 0.000000
vt 0.246190 0.554168 0.000000
vt 0.267169 0.550971 0.000000
vt 0.252176 0.555266 0.000000
vt 0.255201 0.555539 0.000000
vt 0.256187 0.555862 0.000000
vt 0.253488 0.555415 0.000000
vt 0.261683 0.558619 0.000000
vt 0.258471 0.557246 0.000000
vt 0.269625 0.553029 0.000000
vt 0.261075 0.557776 0.000000
vt 0.260169 0.557937 0.000000
vt 0.262373 0.558681 0.000000
vt 0.260968 0.558209 0.000000
vt 0.260953 0.558213 0.000000
vt 0.260971 0.558235 0.000000
vt 0.271603 0.553916 0.000000
vt 0.265078 0.560339 0.000000
vt 0.263259 0.559675 0.000000
vt 0.262609 0.559260 0.000000
vt 0.264451 0.561460 0.000000
vt 0.265336 0.561011 0.000000
vt 0.270152 0.566135 0.000000
vt 0.270065 0.553577 0.000000
vt 0.272179 0.554541 0.000000
vt 0.276560 0.571603 0.000000
vt 0.270618 0.565293 0.000000
vt 0.879262 0.923815 0.000000
vt 0.895834 0.949166 0.000000
vt 0.871098 0.944848 0.000000
vt 0.886791 0.921297 0.000000
vt 0.892782 0.966816 0.000000
vt 0.869912 0.943235 0.000000
vt 0.255568 0.590300 0.000000
vt 0.863203 0.981507 0.000000
vt 0.866596 0.926733 0.000000
vt 0.872888 0.922136 0.000000
vt 0.261325 0.593851 0.000000
vt 0.261105 0.594324 0.000000
vt 0.258335 0.590431 0.000000
vt 0.869016 0.924592 0.000000
vt 0.253115 0.589685 0.000000
vt 0.254156 0.588532 0.000000
vt 0.254747 0.588143 0.000000
vt 0.901068 0.944441 0.000000
vt 0.278551 0.595096 0.000000
vt 0.279706 0.594508 0.000000
vt 0.274606 0.595822 0.000000
vt 0.261598 0.592471 0.000000
vt 0.262705 0.591329 0.000000
vt 0.260336 0.583667 0.000000
vt 0.258342 0.584035 0.000000
vt 0.259583 0.591179 0.000000
vt 0.260192 0.591185 0.000000
vt 0.260840 0.591057 0.000000
vt 0.263043 0.590725 0.000000
vt 0.262743 0.590512 0.000000
vt 0.262424 0.589376 0.000000
vt 0.263482 0.590462 0.000000
vt 0.262762 0.573060 0.000000
vt 0.256930 0.585451 0.000000
vt 0.258889 0.589657 0.000000
vt 0.870050 0.923220 0.000000
vt 0.257416 0.589480 0.000000
vt 0.257541 0.585058 0.000000
vt 0.259686 0.589383 0.000000
vt 0.261046 0.586465 0.000000
vt 0.259492 0.589633 0.000000
vt 0.259851 0.589808 0.000000
vt 0.261548 0.586360 0.000000
vt 0.263759 0.584285 0.000000
vt 0.266216 0.584549 0.000000
vt 0.274262 0.593297 0.000000
vt 0.277763 0.594029 0.000000
vt 0.277036 0.593495 0.000000
vt 0.289194 0.588896 0.000000
vt 0.275261 0.587306 0.000000
vt 0.267084 0.584467 0.000000
vt 0.274635 0.588050 0.000000
vt 0.268156 0.584374 0.000000
vt 0.276929 0.585339 0.000000
vt 0.274005 0.587829 0.000000
vt 0.276918 0.586183 0.000000
vt 0.278266 0.594455 0.000000
vt 0.275424 0.594054 0.000000
vt 0.275296 0.594696 0.000000
vt 0.270957 0.565983 0.000000
vt 0.273460 0.568986 0.000000
vt 0.271728 0.567104 0.000000
vt 0.277968 0.579051 0.000000
vt 0.299388 0.557263 0.000000
vt 0.274990 0.570275 0.000000
vt 0.279027 0.573861 0.000000
vt 0.275382 0.570841 0.000000
vt 0.271729 0.584220 0.000000
vt 0.274449 0.582463 0.000000
vt 0.275116 0.582048 0.000000
vt 0.277960 0.572699 0.000000
vt 0.278990 0.581622 0.000000
vt 0.279744 0.581205 0.000000
vt 0.281504 0.574649 0.000000
vt 0.279650 0.575677 0.000000
vt 0.288920 0.573401 0.000000
vt 0.277080 0.585751 0.000000
vt 0.277260 0.585117 0.000000
vt 0.275633 0.586665 0.000000
vt 0.277595 0.583635 0.000000
vt 0.256630 0.490733 0.000000
vt 0.255655 0.490498 0.000000
vt 0.302025 0.489190 0.000000
vt 0.315624 0.510498 0.000000
vt 0.100113 0.704925 0.000000
vt 0.117114 0.673575 0.000000
vt 0.163700 0.696187 0.000000
vt 0.317826 0.528874 0.000000
vt 0.653192 0.962901 0.000000
vt 0.649504 0.963813 0.000000
vt 0.641487 0.940684 0.000000
vt 0.649451 0.964534 0.000000
vt 0.645466 0.984799 0.000000
vt 0.666395 0.960392 0.000000
vt 0.151234 0.662233 0.000000
vt 0.138594 0.653163 0.000000
vt 0.141529 0.766253 0.000000
vt 0.098663 0.691091 0.000000
vt 0.105632 0.682679 0.000000
vt 0.098721 0.685762 0.000000
vt 0.098091 0.686374 0.000000
vt 0.097623 0.691630 0.000000
vt 0.096656 0.689188 0.000000
vt 0.094581 0.693864 0.000000
vt 0.089414 0.687015 0.000000
vt 0.093404 0.694366 0.000000
vt 0.590753 0.319459 0.000000
vt 0.577438 0.326119 0.000000
vt 0.578381 0.322060 0.000000
vt 0.580058 0.315750 0.000000
vt 0.581577 0.309011 0.000000
vt 0.579682 0.316241 0.000000
vt 0.575005 0.301093 0.000000
vt 0.579366 0.317431 0.000000
vt 0.579869 0.316200 0.000000
vt 0.578542 0.321154 0.000000
vt 0.573777 0.325333 0.000000
vt 0.311431 0.554435 0.000000
vt 0.309382 0.557195 0.000000
vt 0.301991 0.562714 0.000000
vt 0.300075 0.557020 0.000000
vt 0.323857 0.530224 0.000000
vt 0.315393 0.550481 0.000000
vt 0.313118 0.553901 0.000000
vt 0.315192 0.551523 0.000000
vt 0.316998 0.558852 0.000000
vt 0.318176 0.548167 0.000000
vt 0.317167 0.549286 0.000000
vt 0.318310 0.547368 0.000000
vt 0.284990 0.568298 0.000000
vt 0.286980 0.574023 0.000000
vt 0.300040 0.563655 0.000000
vt 0.296565 0.565328 0.000000
vt 0.296775 0.565304 0.000000
vt 0.301432 0.563268 0.000000
vt 0.300696 0.563325 0.000000
vt 0.294491 0.567079 0.000000
vt 0.293410 0.567818 0.000000
vt 0.307933 0.566009 0.000000
vt 0.290424 0.571957 0.000000
vt 0.290731 0.571487 0.000000
vt 0.305565 0.560769 0.000000
vt 0.307747 0.558761 0.000000
vt 0.311232 0.556024 0.000000
vt 0.310229 0.556999 0.000000
vt 0.309397 0.565565 0.000000
vt 0.316558 0.559296 0.000000
vt 0.323192 0.552293 0.000000
vt 0.648193 0.969387 0.000000
vt 0.653138 0.976522 0.000000
vt 0.653175 0.978895 0.000000
vt 0.649132 0.969154 0.000000
vt 0.649641 0.968631 0.000000
vt 0.650280 0.968015 0.000000
vt 0.651060 0.967620 0.000000
vt 0.651190 0.968398 0.000000
vt 0.652230 0.967207 0.000000
vt 0.652562 0.968225 0.000000
vt 0.651867 0.980329 0.000000
vt 0.643884 0.977462 0.000000
vt 0.647481 0.982238 0.000000
vt 0.643769 0.978444 0.000000
vt 0.653720 0.963858 0.000000
vt 0.653179 0.967625 0.000000
vt 0.654697 0.963313 0.000000
vt 0.656166 0.963661 0.000000
vt 0.660961 0.973258 0.000000
vt 0.661712 0.977958 0.000000
vt 0.662547 0.977596 0.000000
vt 0.666078 0.968849 0.000000
vt 0.667165 0.967646 0.000000
vt 0.646917 0.982578 0.000000
vt 0.645307 0.980678 0.000000
vt 0.648550 0.983572 0.000000
vt 0.648014 0.982885 0.000000
vt 0.648545 0.982459 0.000000
vt 0.649548 0.984092 0.000000
vt 0.660431 0.979757 0.000000
vt 0.322790 0.530162 0.000000
vt 0.652510 0.979952 0.000000
vt 0.324556 0.530020 0.000000
vt 0.742925 0.964902 0.000000
vt 0.750340 0.961351 0.000000
vt 0.748145 0.964044 0.000000
vt 0.741164 0.966908 0.000000
vt 0.754723 0.967561 0.000000
vt 0.748205 0.969544 0.000000
vt 0.752670 0.958406 0.000000
vt 0.745844 0.974494 0.000000
vt 0.754609 0.968960 0.000000
vt 0.325272 0.534545 0.000000
vt 0.152473 0.640576 0.000000
vt 0.150931 0.638088 0.000000
vt 0.151413 0.638172 0.000000
vt 0.322441 0.541303 0.000000
vt 0.153094 0.634074 0.000000
vt 0.152645 0.635106 0.000000
vt 0.152660 0.634795 0.000000
vt 0.152593 0.634404 0.000000
vt 0.153290 0.633475 0.000000
vt 0.154827 0.627980 0.000000
vt 0.151914 0.636072 0.000000
vt 0.154136 0.626950 0.000000
vt 0.154962 0.627379 0.000000
vt 0.151718 0.637112 0.000000
vt 0.323246 0.540937 0.000000
vt 0.324877 0.539292 0.000000
vt 0.325967 0.538966 0.000000
vt 0.325908 0.539049 0.000000
vt 0.151445 0.638112 0.000000
vt 0.646940 0.009398 0.000000
vt 0.553509 0.026040 0.000000
vt 0.618454 0.009960 0.000000
vt 0.653730 0.968180 0.000000
vt 0.661169 0.974042 0.000000
vt 0.147811 0.643068 0.000000
vt 0.149012 0.640877 0.000000
vt 0.140559 0.648420 0.000000
vt 0.763484 0.974709 0.000000
vt 0.648961 0.006933 0.000000
vt 0.647655 0.009296 0.000000
vt 0.751841 0.959114 0.000000
vt 0.661887 0.978574 0.000000
vt 0.752225 0.957426 0.000000
vt 0.751949 0.957806 0.000000
vt 0.663291 0.978317 0.000000
vt 0.751583 0.959090 0.000000
vt 0.751949 0.957702 0.000000
vt 0.752325 0.957317 0.000000
vt 0.663585 0.978162 0.000000
vt 0.663529 0.978192 0.000000
vt 0.752145 0.957393 0.000000
vt 0.663402 0.978363 0.000000
vt 0.663688 0.978224 0.000000
vt 0.143792 0.648055 0.000000
vt 0.142870 0.648232 0.000000
vt 0.141201 0.649870 0.000000
vt 0.140778 0.650338 0.000000
vt 0.138374 0.652614 0.000000
vt 0.654782 0.006165 0.000000
vt 0.655584 0.006260 0.000000
vt 0.137480 0.652990 0.000000
vt 0.137104 0.653560 0.000000
vt 0.123267 0.660759 0.000000
vt 0.122149 0.666804 0.000000
vt 0.119239 0.671370 0.000000
vt 0.658548 0.010446 0.000000
vt 0.659732 0.010041 0.000000
vt 0.674080 0.010005 0.000000
vt 0.680191 0.034525 0.000000
vt 0.121795 0.667648 0.000000
vt 0.118854 0.670994 0.000000
vt 0.726767 0.026316 0.000000
vt 0.117242 0.671238 0.000000
vt 0.115763 0.672111 0.000000
vt 0.115997 0.671482 0.000000
vt 0.114978 0.676492 0.000000
vt 0.110757 0.673424 0.000000
vt 0.696911 0.016923 0.000000
vt 0.111683 0.679246 0.000000
vt 0.114569 0.675251 0.000000
vt 0.113572 0.674654 0.000000
vt 0.111151 0.676598 0.000000
vt 0.111615 0.677902 0.000000
vt 0.110316 0.677717 0.000000
vt 0.104736 0.680038 0.000000
vt 0.682447 0.036394 0.000000
vt 0.642235 0.173506 0.000000
vt 0.055357 0.597829 0.000000
vt 0.010350 0.580635 0.000000
vt 0.055770 0.570861 0.000000
vt 0.045359 0.597090 0.000000
vt 0.474410 0.648355 0.000000
vt 0.479346 0.629812 0.000000
vt 0.203418 0.619391 0.000000
vt 0.200889 0.644574 0.000000
vt 0.197988 0.615769 0.000000
vt 0.200867 0.617312 0.000000
vt 0.159485 0.514161 0.000000
vt 0.148471 0.490021 0.000000
vt 0.160736 0.514228 0.000000
vt 0.165605 0.527137 0.000000
vt 0.907106 0.969800 0.000000
vt 0.895522 0.963582 0.000000
vt 0.901685 0.961182 0.000000
vt 0.901842 0.960261 0.000000
vt 0.894994 0.974926 0.000000
vt 0.929193 0.967481 0.000000
vt 0.907328 0.969418 0.000000
vt 0.906113 0.971470 0.000000
vt 0.905047 0.977889 0.000000
vt 0.902084 0.957202 0.000000
vt 0.903125 0.954145 0.000000
vt 0.905785 0.971908 0.000000
vt 0.905838 0.972457 0.000000
vt 0.905509 0.973302 0.000000
vt 0.894179 0.966863 0.000000
vt 0.896056 0.949687 0.000000
vt 0.893318 0.971792 0.000000
vt 0.904985 0.976768 0.000000
vt 0.892907 0.973334 0.000000
vt 0.168088 0.554400 0.000000
vt 0.168531 0.555266 0.000000
vt 0.167717 0.565012 0.000000
vt 0.173163 0.565697 0.000000
vt 0.480755 0.630004 0.000000
vt 0.460553 0.823105 0.000000
vt 0.444787 0.825940 0.000000
vt 0.449539 0.818885 0.000000
vt 0.427896 0.830333 0.000000
vt 0.484088 0.891329 0.000000
vt 0.524339 0.813517 0.000000
vt 0.543999 0.812021 0.000000
vt 0.549913 0.851253 0.000000
vt 0.013489 0.871598 0.000000
vt 0.011722 0.869106 0.000000
vt 0.039713 0.856242 0.000000
vt 0.117347 0.517917 0.000000
vt 0.525667 0.083138 0.000000
vt 0.524934 0.084592 0.000000
vt 0.519012 0.079719 0.000000
vt 0.487132 0.870695 0.000000
vt 0.518049 0.886664 0.000000
vt 0.487790 0.872101 0.000000
vt 0.522794 0.884490 0.000000
vt 0.544422 0.813731 0.000000
vt 0.126921 0.549634 0.000000
vt 0.154358 0.565333 0.000000
vt 0.112641 0.494014 0.000000
vt 0.110635 0.489395 0.000000
vt 0.116401 0.513742 0.000000
vt 0.117295 0.519498 0.000000
vt 0.119224 0.548293 0.000000
vt 0.116273 0.514919 0.000000
vt 0.118035 0.526279 0.000000
vt 0.122659 0.538014 0.000000
vt 0.118592 0.527918 0.000000
vt 0.126656 0.546225 0.000000
vt 0.124680 0.541282 0.000000
vt 0.126424 0.547953 0.000000
vt 0.540991 0.860753 0.000000
vt 0.108933 0.502634 0.000000
vt 0.095715 0.501982 0.000000
vt 0.552108 0.851007 0.000000
vt 0.550479 0.851572 0.000000
vt 0.112052 0.493264 0.000000
vt 0.111020 0.492205 0.000000
vt 0.107912 0.501699 0.000000
vt 0.542764 0.861497 0.000000
vt 0.541607 0.861259 0.000000
vt 0.106843 0.501178 0.000000
vt 0.542173 0.874237 0.000000
vt 0.117336 0.519218 0.000000
vt 0.091298 0.521195 0.000000
vt 0.512025 0.115109 0.000000
vt 0.812456 0.526253 0.000000
vt 0.812746 0.533737 0.000000
vt 0.523255 0.884749 0.000000
vt 0.553699 0.897590 0.000000
vt 0.816152 0.534194 0.000000
vt 0.818556 0.534034 0.000000
vt 0.816324 0.534082 0.000000
vt 0.826796 0.534328 0.000000
vt 0.837745 0.508105 0.000000
vt 0.826448 0.525562 0.000000
vt 0.846075 0.530451 0.000000
vt 0.827314 0.525684 0.000000
vt 0.836456 0.527174 0.000000
vt 0.833485 0.535524 0.000000
vt 0.835629 0.535347 0.000000
vt 0.839337 0.527163 0.000000
vt 0.855394 0.525684 0.000000
vt 0.844715 0.527057 0.000000
vt 0.843303 0.527109 0.000000
vt 0.843828 0.533827 0.000000
vt 0.846697 0.527152 0.000000
vt 0.854064 0.526744 0.000000
vt 0.856378 0.527118 0.000000
vt 0.888200 0.507345 0.000000
vt 0.851096 0.513806 0.000000
vt 0.856889 0.526620 0.000000
vt 0.863855 0.524227 0.000000
vt 0.852947 0.514652 0.000000
vt 0.853655 0.517298 0.000000
vt 0.852686 0.517137 0.000000
vt 0.854075 0.514649 0.000000
vt 0.854813 0.515371 0.000000
vt 0.855860 0.516751 0.000000
vt 0.850545 0.515537 0.000000
vt 0.850239 0.514043 0.000000
vt 0.852425 0.514497 0.000000
vt 0.850658 0.515135 0.000000
vt 0.852607 0.514342 0.000000
vt 0.169124 0.562509 0.000000
vt 0.165554 0.570476 0.000000
vt 0.508580 0.046261 0.000000
vt 0.510843 0.053090 0.000000
vt 0.510349 0.046529 0.000000
vt 0.510053 0.046639 0.000000
vt 0.508434 0.046441 0.000000
vt 0.508227 0.047118 0.000000
vt 0.508824 0.048204 0.000000
vt 0.511585 0.050304 0.000000
vt 0.532813 0.034239 0.000000
vt 0.522025 0.061244 0.000000
vt 0.523641 0.037409 0.000000
vt 0.509420 0.048724 0.000000
vt 0.518490 0.056184 0.000000
vt 0.512831 0.051226 0.000000
vt 0.513833 0.052158 0.000000
vt 0.551677 0.052867 0.000000
vt 0.555882 0.052704 0.000000
vt 0.555127 0.055390 0.000000
vt 0.549794 0.054501 0.000000
vt 0.556959 0.052923 0.000000
vt 0.557026 0.056105 0.000000
vt 0.559146 0.055903 0.000000
vt 0.606304 0.067681 0.000000
vt 0.135457 0.559142 0.000000
vt 0.138460 0.562329 0.000000
vt 0.131990 0.557275 0.000000
vt 0.547637 0.060472 0.000000
vt 0.547931 0.058273 0.000000
vt 0.519052 0.056946 0.000000
vt 0.132811 0.557513 0.000000
vt 0.127452 0.552563 0.000000
vt 0.126652 0.551147 0.000000
vt 0.549202 0.055253 0.000000
vt 0.548503 0.056617 0.000000
vt 0.551397 0.057038 0.000000
vt 0.553072 0.055948 0.000000
vt 0.557628 0.057106 0.000000
vt 0.555228 0.056183 0.000000
vt 0.558149 0.057323 0.000000
vt 0.127234 0.553248 0.000000
vt 0.127084 0.552142 0.000000
vt 0.374664 0.857541 0.000000
vt 0.394628 0.825678 0.000000
vt 0.398862 0.849792 0.000000
vt 0.386219 0.754998 0.000000
vt 0.259180 0.805426 0.000000
vt 0.513537 0.214221 0.000000
vt 0.557837 0.202911 0.000000
vt 0.564257 0.203734 0.000000
vt 0.568285 0.204151 0.000000
vt 0.572830 0.204825 0.000000
vt 0.626951 0.257105 0.000000
vt 0.971512 0.016530 0.000000
vt 0.991658 0.035071 0.000000
vt 0.992875 0.036091 0.000000
vt 0.976593 0.018102 0.000000
vt 0.981554 0.021121 0.000000
vt 0.977986 0.018484 0.000000
vt 0.165995 0.877028 0.000000
vt 0.175467 0.895333 0.000000
vt 0.964340 0.005363 0.000000
vt 0.174735 0.893735 0.000000
vt 0.175380 0.895305 0.000000
vt 0.173979 0.893814 0.000000
vt 0.170956 0.888109 0.000000
vt 0.168057 0.880824 0.000000
vt 0.966670 0.009442 0.000000
vt 0.974682 0.013340 0.000000
vt 0.984691 0.012521 0.000000
vt 0.984252 0.021569 0.000000
vt 0.986267 0.023581 0.000000
vt 0.175911 0.857049 0.000000
vt 0.178744 0.850872 0.000000
vt 0.995834 0.031617 0.000000
vt 0.990359 0.027116 0.000000
vt 0.991127 0.027356 0.000000
vt 0.989578 0.026311 0.000000
vt 0.177843 0.853562 0.000000
vt 0.176859 0.855657 0.000000
vt 0.178746 0.852927 0.000000
vt 0.179488 0.851487 0.000000
vt 0.180989 0.849155 0.000000
vt 0.560007 0.202818 0.000000
vt 0.559887 0.197942 0.000000
vt 0.181287 0.848431 0.000000
vt 0.182442 0.845480 0.000000
vt 0.188909 0.804803 0.000000
vt 0.183283 0.847340 0.000000
vt 0.183630 0.845157 0.000000
vt 0.562014 0.197245 0.000000
vt 0.563487 0.197711 0.000000
vt 0.561382 0.203028 0.000000
vt 0.183834 0.844063 0.000000
vt 0.563286 0.196942 0.000000
vt 0.564826 0.197298 0.000000
vt 0.566165 0.197495 0.000000
vt 0.565843 0.196552 0.000000
vt 0.567408 0.197108 0.000000
vt 0.590420 0.162557 0.000000
vt 0.568493 0.196296 0.000000
vt 0.572612 0.196381 0.000000
vt 0.575219 0.205395 0.000000
vt 0.579656 0.186083 0.000000
vt 0.573203 0.188425 0.000000
vt 0.578792 0.186440 0.000000
vt 0.575262 0.195884 0.000000
vt 0.592086 0.191867 0.000000
vt 0.595027 0.190194 0.000000
vt 0.580490 0.185271 0.000000
vt 0.625161 0.193808 0.000000
vt 0.596146 0.189982 0.000000
vt 0.616994 0.163909 0.000000
vt 0.600151 0.187910 0.000000
vt 0.603641 0.183186 0.000000
vt 0.627446 0.192043 0.000000
vt 0.278336 0.081565 0.000000
vt 0.280783 0.085783 0.000000
vt 0.279914 0.085218 0.000000
vt 0.278582 0.082919 0.000000
vt 0.170089 0.797367 0.000000
vt 0.276998 0.082469 0.000000
vt 0.276213 0.080502 0.000000
vt 0.275026 0.082542 0.000000
vt 0.276217 0.088733 0.000000
vt 0.275683 0.087164 0.000000
vt 0.274302 0.087414 0.000000
vt 0.276360 0.086460 0.000000
vt 0.273704 0.085740 0.000000
vt 0.273507 0.083574 0.000000
vt 0.276904 0.082646 0.000000
vt 0.596072 0.188807 0.000000
vt 0.602009 0.186570 0.000000
vt 0.600508 0.186898 0.000000
vt 0.249276 0.059709 0.000000
vt 0.281976 0.062813 0.000000
vt 0.553542 0.593688 0.000000
vt 0.575328 0.702560 0.000000
vt 0.604966 0.186011 0.000000
vt 0.608635 0.181336 0.000000
vt 0.606503 0.181927 0.000000
vt 0.607664 0.181834 0.000000
vt 0.608745 0.180836 0.000000
vt 0.620137 0.178574 0.000000
vt 0.608820 0.179430 0.000000
vt 0.611033 0.178217 0.000000
vt 0.612385 0.178044 0.000000
vt 0.613237 0.178819 0.000000
vt 0.613530 0.177891 0.000000
vt 0.620541 0.179049 0.000000
vt 0.613843 0.178295 0.000000
vt 0.617005 0.178371 0.000000
vt 0.658632 0.172804 0.000000
vt 0.624614 0.178006 0.000000
vt 0.625551 0.176607 0.000000
vt 0.624681 0.176615 0.000000
vt 0.627009 0.175018 0.000000
vt 0.627266 0.171721 0.000000
vt 0.625229 0.171822 0.000000
vt 0.267097 0.088736 0.000000
vt 0.264127 0.087808 0.000000
vt 0.245042 0.083619 0.000000
vt 0.628090 0.169137 0.000000
vt 0.624787 0.170029 0.000000
vt 0.627801 0.174221 0.000000
vt 0.625074 0.171689 0.000000
vt 0.627447 0.172604 0.000000
vt 0.626343 0.170076 0.000000
vt 0.530006 0.025127 0.000000
vt 0.526633 0.027682 0.000000
vt 0.529316 0.023982 0.000000
vt 0.683025 0.167779 0.000000
vt 0.692446 0.236122 0.000000
vt 0.691899 0.241132 0.000000
vt 0.692209 0.244635 0.000000
vt 0.692305 0.242998 0.000000
vt 0.695513 0.241652 0.000000
vt 0.695826 0.242312 0.000000
vt 0.694746 0.235148 0.000000
vt 0.696737 0.237435 0.000000
vt 0.695945 0.239529 0.000000
vt 0.696719 0.238600 0.000000
vt 0.697958 0.235323 0.000000
vt 0.695968 0.240760 0.000000
vt 0.697021 0.236697 0.000000
vt 0.699183 0.239937 0.000000
vt 0.699188 0.236389 0.000000
vt 0.696468 0.234276 0.000000
vt 0.700089 0.238002 0.000000
vt 0.702410 0.235861 0.000000
vt 0.701568 0.185910 0.000000
vt 0.700736 0.231877 0.000000
vt 0.706883 0.231858 0.000000
vt 0.706491 0.191482 0.000000
vt 0.701088 0.183843 0.000000
vt 0.706567 0.191298 0.000000
vt 0.706560 0.192404 0.000000
vt 0.728214 0.151331 0.000000
vt 0.704990 0.231218 0.000000
vt 0.728544 0.216712 0.000000
vt 0.251763 0.083507 0.000000
vt 0.252521 0.095734 0.000000
vt 0.252833 0.096412 0.000000
vt 0.245765 0.096659 0.000000
vt 0.246250 0.085193 0.000000
vt 0.249967 0.086056 0.000000
vt 0.246438 0.095385 0.000000
vt 0.241597 0.096387 0.000000
vt 0.242949 0.085499 0.000000
vt 0.252441 0.094555 0.000000
vt 0.241354 0.097790 0.000000
vt 0.242302 0.100688 0.000000
vt 0.214890 0.087125 0.000000
vt 0.217185 0.108990 0.000000
vt 0.219156 0.107007 0.000000
vt 0.217254 0.110345 0.000000
vt 0.218738 0.105190 0.000000
vt 0.216532 0.105650 0.000000
vt 0.217065 0.109190 0.000000
vt 0.212244 0.080108 0.000000
vt 0.216820 0.094485 0.000000
vt 0.216353 0.095462 0.000000
vt 0.215358 0.091867 0.000000
vt 0.215161 0.087563 0.000000
vt 0.214611 0.087108 0.000000
vt 0.213032 0.088894 0.000000
vt 0.217032 0.099807 0.000000
vt 0.216114 0.102022 0.000000
vt 0.215912 0.102529 0.000000
vt 0.214660 0.097281 0.000000
vt 0.215983 0.104467 0.000000
vt 0.214219 0.096118 0.000000
vt 0.216076 0.095584 0.000000
vt 0.212685 0.087941 0.000000
vt 0.214171 0.085304 0.000000
vt 0.210177 0.077277 0.000000
vt 0.528857 0.020435 0.000000
vt 0.529311 0.022135 0.000000
vt 0.528087 0.022250 0.000000
vt 0.527673 0.021059 0.000000
vt 0.527814 0.020678 0.000000
vt 0.527144 0.020107 0.000000
vt 0.524788 0.022009 0.000000
vt 0.527121 0.018206 0.000000
vt 0.525408 0.020361 0.000000
vt 0.524411 0.018144 0.000000
vt 0.523688 0.020515 0.000000
vt 0.517942 0.018697 0.000000
vt 0.507955 0.036733 0.000000
vt 0.523461 0.018915 0.000000
vt 0.515239 0.018276 0.000000
vt 0.508019 0.018637 0.000000
vt 0.500390 0.014070 0.000000
vt 0.515191 0.018302 0.000000
vt 0.513574 0.018352 0.000000
vt 0.506996 0.018816 0.000000
vt 0.234177 0.055699 0.000000
vt 0.235086 0.055076 0.000000
vt 0.211466 0.065570 0.000000
vt 0.214671 0.057798 0.000000
vt 0.229037 0.053512 0.000000
vt 0.208277 0.067116 0.000000
vt 0.212165 0.059649 0.000000
vt 0.207232 0.055836 0.000000
vt 0.211233 0.066887 0.000000
vt 0.211167 0.061006 0.000000
vt 0.207803 0.064763 0.000000
vt 0.208259 0.067644 0.000000
vt 0.211133 0.066673 0.000000
vt 0.206909 0.066154 0.000000
vt 0.698864 0.180362 0.000000
vt 0.691616 0.171236 0.000000
vt 0.692643 0.172341 0.000000
vt 0.687959 0.167197 0.000000
vt 0.207245 0.064460 0.000000
vt 0.204616 0.060859 0.000000
vt 0.688123 0.165715 0.000000
vt 0.204051 0.058440 0.000000
vt 0.204252 0.060053 0.000000
vt 0.203516 0.056936 0.000000
vt 0.698138 0.180465 0.000000
vt 0.700802 0.184083 0.000000
vt 0.701079 0.183542 0.000000
vt 0.677664 0.705570 0.000000
vt 0.635579 0.574345 0.000000
vt 0.676720 0.594821 0.000000
vt 0.677176 0.596696 0.000000
vt 0.679467 0.603348 0.000000
vt 0.678494 0.592800 0.000000
vt 0.675084 0.591400 0.000000
vt 0.572746 0.339229 0.000000
vt 0.578405 0.322676 0.000000
vt 0.577970 0.324099 0.000000
vt 0.574846 0.326219 0.000000
vt 0.575861 0.330506 0.000000
vt 0.575249 0.332410 0.000000
vt 0.568738 0.349886 0.000000
vt 0.570102 0.346195 0.000000
vt 0.570791 0.344717 0.000000
vt 0.569382 0.347689 0.000000
vt 0.567955 0.350244 0.000000
vt 0.565423 0.356051 0.000000
vt 0.565003 0.357737 0.000000
vt 0.560841 0.364521 0.000000
vt 0.554152 0.376128 0.000000
vt 0.548346 0.379376 0.000000
vt 0.555714 0.372983 0.000000
vt 0.553776 0.376751 0.000000
vt 0.551226 0.379646 0.000000
vt 0.553262 0.376986 0.000000
vt 0.555304 0.373528 0.000000
vt 0.550246 0.381540 0.000000
vt 0.548693 0.383390 0.000000
vt 0.547435 0.380589 0.000000
vt 0.681071 0.618192 0.000000
vt 0.680814 0.615904 0.000000
vt 0.681018 0.616452 0.000000
vt 0.547857 0.384665 0.000000
vt 0.547655 0.385221 0.000000
vt 0.547557 0.385112 0.000000
vt 0.539436 0.393885 0.000000
vt 0.531749 0.400022 0.000000
vt 0.530381 0.400007 0.000000
vt 0.709958 0.284768 0.000000
vt 0.695549 0.251421 0.000000
vt 0.696727 0.249371 0.000000
vt 0.696042 0.243767 0.000000
vt 0.696531 0.245102 0.000000
vt 0.697901 0.251189 0.000000
vt 0.701319 0.253052 0.000000
vt 0.702554 0.253525 0.000000
vt 0.704153 0.253158 0.000000
vt 0.707801 0.253404 0.000000
vt 0.709834 0.251763 0.000000
vt 0.714829 0.244259 0.000000
vt 0.701437 0.237611 0.000000
vt 0.709881 0.243337 0.000000
vt 0.708945 0.232311 0.000000
vt 0.705745 0.237325 0.000000
vt 0.708260 0.232918 0.000000
vt 0.714947 0.241063 0.000000
vt 0.723948 0.237095 0.000000
vt 0.714557 0.237452 0.000000
vt 0.710214 0.245389 0.000000
vt 0.714951 0.239130 0.000000
vt 0.714523 0.237721 0.000000
vt 0.728680 0.217727 0.000000
vt 0.724377 0.217735 0.000000
vt 0.725349 0.218695 0.000000
vt 0.727899 0.225402 0.000000
vt 0.729083 0.227592 0.000000
vt 0.731184 0.231832 0.000000
vt 0.732143 0.233125 0.000000
vt 0.734789 0.231018 0.000000
vt 0.733002 0.234624 0.000000
vt 0.755192 0.281636 0.000000
vt 0.734709 0.236950 0.000000
vt 0.736100 0.232849 0.000000
vt 0.675863 0.590067 0.000000
vt 0.759553 0.293253 0.000000
vt 0.749983 0.283148 0.000000
vt 0.676279 0.592168 0.000000
vt 0.761950 0.295326 0.000000
vt 0.760663 0.295285 0.000000
vt 0.677831 0.590364 0.000000
vt 0.678430 0.591642 0.000000
vt 0.679387 0.591151 0.000000
vt 0.756231 0.289990 0.000000
vt 0.757691 0.290649 0.000000
vt 0.755516 0.289098 0.000000
vt 0.757438 0.290283 0.000000
vt 0.753363 0.283442 0.000000
vt 0.529908 0.401227 0.000000
vt 0.411274 0.422727 0.000000
vt 0.438274 0.379967 0.000000
vt 0.430719 0.381312 0.000000
vt 0.218752 0.117570 0.000000
vt 0.221051 0.129284 0.000000
vt 0.218176 0.118532 0.000000
vt 0.217779 0.111356 0.000000
vt 0.293351 0.365064 0.000000
vt 0.363720 0.287682 0.000000
vt 0.353010 0.297001 0.000000
vt 0.289000 0.312207 0.000000
vt 0.290564 0.289422 0.000000
vt 0.363473 0.274022 0.000000
vt 0.416586 0.249880 0.000000
vt 0.364055 0.274064 0.000000
vt 0.366459 0.276699 0.000000
vt 0.364579 0.283098 0.000000
vt 0.365133 0.282116 0.000000
vt 0.367307 0.274651 0.000000
vt 0.366398 0.274991 0.000000
vt 0.367301 0.275414 0.000000
vt 0.364198 0.286485 0.000000
vt 0.352998 0.296143 0.000000
vt 0.435375 0.381347 0.000000
vt 0.434208 0.381486 0.000000
vt 0.434974 0.381256 0.000000
vt 0.434074 0.381164 0.000000
vt 0.432971 0.378928 0.000000
vt 0.437371 0.381180 0.000000
vt 0.436862 0.381094 0.000000
vt 0.434351 0.378918 0.000000
usemtl ParaMeshAtf_1
f 3472/1 3605/2 3415/3
f 3472/1 3535/4 3605/2
f 3535/4 3472/1 3415/3
f 2870/5 3415/3 3605/2
f 3520/6 3415/7 3848/8
f 3532/9 3415/10 3520/11
f 3532/9 3535/12 3415/10
f 3793/13 3848/8 3415/7
f 3535/4 2870/5 3605/2
f 3535/4 3033/14 2870/5
f 3415/3 2870/5 3625/15
f 3033/14 3625/15 2870/5
f 3366/16 3464/17 3377/18
f 3901/19 3415/3 3625/15
f 4631/20 3366/21 3011/22
f 3937/23 3415/7 3901/24
f 3535/4 3844/25 3033/14
f 3844/25 3625/15 3033/14
f 3535/4 3625/15 3844/25
f 3535/4 3901/19 3625/15
f 3377/18 3947/26 3932/27
f 3288/28 3947/26 3464/17
f 3464/17 3947/26 3377/18
f 3223/29 4020/30 3288/28
f 3051/31 4020/30 3223/29
f 3454/32 3223/29 3288/28
f 3454/32 3288/28 3580/33
f 3947/26 4020/30 3932/27
f 3288/28 4020/30 3947/26
f 3932/27 4020/30 4663/34
f 3366/16 3288/28 3464/17
f 3580/33 3288/28 3366/16
f 3437/35 3580/33 3366/16
f 3140/36 3223/29 3454/32
f 3047/37 3223/29 3140/36
f 3051/31 3223/29 3047/37
f 3140/36 3454/32 3370/38
f 3370/38 3454/32 3580/33
f 3369/39 3140/36 3370/38
f 3047/37 3140/36 3369/39
f 2958/40 3051/31 3047/37
f 3437/35 3370/38 3580/33
f 2958/40 3047/37 3369/39
f 3437/35 3369/39 3370/38
f 3366/16 3369/39 3437/35
f 3156/41 3050/42 2958/40
f 3287/43 2958/44 3369/45
f 4606/46 3156/47 2958/44
f 4606/46 2958/44 3287/43
f 3216/48 3156/47 4606/46
f 3161/49 3216/48 4606/46
f 3051/31 3883/50 4020/30
f 3902/51 3051/31 3378/52
f 3902/51 3883/50 3051/31
f 3050/42 3051/31 2958/40
f 3050/42 3280/53 3051/31
f 3051/31 3280/53 3091/54
f 3378/52 3051/31 3091/54
f 3050/42 3156/41 3280/53
f 3156/41 3484/55 3280/53
f 3393/56 3280/53 3484/55
f 3393/56 3484/55 3156/41
f 3156/47 3216/48 3161/49
f 3146/57 3091/54 3280/53
f 3146/57 3280/53 3393/56
f 3378/52 3091/54 3146/57
f 3378/52 3146/57 3393/56
f 3586/58 3279/59 3366/21
f 3287/43 3369/45 3323/60
f 3279/59 3323/60 3369/45
f 3323/60 4606/46 3287/43
f 3586/58 4606/46 3323/60
f 3279/59 3369/45 3366/21
f 3289/61 3156/47 3161/49
f 3393/62 3156/47 3289/61
f 4606/46 3289/61 3161/49
f 4606/46 3393/62 3289/61
f 3586/58 3323/60 3279/59
f 3471/63 3586/58 3488/64
f 3488/64 3586/58 3366/21
f 4606/46 3586/58 3471/63
f 4606/46 3378/65 3393/62
f 3367/66 3471/63 3488/64
f 3469/67 3471/63 3367/66
f 3469/67 4606/46 3471/63
f 3461/68 3367/66 3488/64
f 3328/69 3469/67 3367/66
f 3488/64 3366/21 4631/20
f 3620/70 3488/64 4631/20
f 4631/20 3011/22 4712/71
f 3620/70 3461/68 3488/64
f 3557/72 3558/73 3461/68
f 3620/70 3557/72 3461/68
f 3358/74 3557/72 3620/70
f 3290/75 3367/66 3461/68
f 3290/75 3328/69 3367/66
f 3469/67 3328/69 3290/75
f 3503/76 3469/67 3283/77
f 3283/77 3469/67 3290/75
f 3283/77 3290/75 3461/68
f 3503/76 4606/46 3469/67
f 3558/73 3283/77 3461/68
f 3283/77 3558/73 3503/76
f 3557/72 3503/76 3558/73
f 3358/74 3503/76 3557/72
f 3620/70 4631/20 4764/78
f 3620/70 4764/78 3358/74
f 3358/74 4764/78 4278/79
f 4278/79 4764/78 4258/80
f 3686/81 3503/76 3358/74
f 4060/82 4258/80 4764/78
f 3839/83 3378/65 4606/46
f 3686/81 4606/46 3503/76
f 4175/84 4060/82 4764/78
f 4242/85 4175/84 4764/78
f 4701/86 4175/84 4242/85
f 4008/87 4175/84 4701/86
f 4218/88 4175/84 4008/87
f 4095/89 4175/84 4218/88
f 4095/89 4131/90 4175/84
f 4325/91 4218/88 4008/87
f 4325/91 4095/89 4218/88
f 4311/92 4620/93 4196/94
f 4311/92 4701/86 4620/93
f 4145/95 4620/93 4727/96
f 4145/95 4196/94 4620/93
f 4145/95 4311/92 4196/94
f 4325/91 4701/86 4311/92
f 4145/95 4325/91 4311/92
f 4145/95 4200/97 4325/91
f 4325/91 4200/97 4068/98
f 4325/91 4008/87 4701/86
f 3867/99 4068/98 4200/97
f 3686/81 3358/74 4278/79
f 3686/81 4278/79 3805/100
f 3805/100 4278/79 3707/101
f 3707/101 4278/79 4118/102
f 4278/79 4258/80 4060/82
f 3786/103 3805/100 3707/101
f 3707/101 4118/102 3786/103
f 4278/79 4060/82 4118/102
f 4118/102 4060/82 4191/104
f 4131/90 4060/82 4175/84
f 4131/90 4191/104 4060/82
f 4191/104 4006/105 4118/102
f 4810/106 4006/105 4191/104
f 4810/106 4191/104 4131/90
f 3880/107 4810/106 4131/90
f 4068/98 4095/89 4325/91
f 4068/98 4131/90 4095/89
f 3880/107 4131/90 4068/98
f 3676/108 3880/107 4068/98
f 3955/109 3880/107 3553/110
f 3676/108 4068/98 3867/99
f 3554/111 3553/110 3676/108
f 4158/112 3553/110 3554/111
f 3553/110 3880/107 3676/108
f 4158/112 3955/109 3553/110
f 4145/95 3670/113 4200/97
f 3670/113 3867/99 4200/97
f 3711/114 3810/115 3867/99
f 3670/113 3711/114 3867/99
f 3614/116 3554/111 3711/114
f 3810/115 3676/108 3867/99
f 3554/111 3676/108 3810/115
f 3711/114 3554/111 3810/115
f 4158/112 3554/111 3614/116
f 3614/116 3711/114 3670/113
f 3481/117 3614/116 3760/118
f 3760/118 3614/116 3670/113
f 3481/117 4158/112 3614/116
f 3686/81 3805/100 4606/46
f 4606/46 3805/100 3786/103
f 4118/102 4006/105 3786/103
f 3786/103 4006/105 4384/119
f 3798/120 4219/121 3880/107
f 4219/121 4343/122 3880/107
f 3831/123 4219/121 3798/120
f 3955/109 3798/120 3880/107
f 3831/123 3798/120 3955/109
f 3831/123 3973/124 4219/121
f 3786/103 4384/119 4606/46
f 3973/124 4384/119 4219/121
f 3973/124 4606/46 4384/119
f 3831/123 4045/125 3973/124
f 4045/125 4606/46 3973/124
f 4606/46 4045/125 3831/123
f 3831/123 3955/109 4158/112
f 4389/126 4606/46 3831/123
f 4567/127 4606/46 4389/126
f 4567/127 4805/128 4606/46
f 4389/126 3831/123 4158/112
f 3883/50 4663/34 4020/30
f 3377/18 3932/27 3872/129
f 4663/34 3691/130 3932/27
f 3366/16 3377/18 3011/131
f 3932/27 3691/130 3872/129
f 3011/131 3377/18 3872/129
f 3883/50 3872/129 4663/34
f 3883/50 2971/132 3872/129
f 3902/51 2971/132 3883/50
f 4619/133 2971/132 3902/51
f 4277/134 2971/132 4619/133
f 4173/135 4355/136 4277/134
f 4173/135 4277/134 4619/133
f 4277/134 4355/136 2971/132
f 4619/133 3902/51 3011/131
f 4252/137 4355/136 4173/135
f 4252/137 4173/135 4619/133
f 4619/133 3176/138 4252/137
f 3176/138 4355/136 4252/137
f 3011/131 3397/139 4619/133
f 3011/140 3902/141 3378/142
f 3910/143 3011/140 3378/142
f 3691/130 4663/34 3872/129
f 2971/132 3397/139 3872/129
f 3397/139 2971/132 4355/136
f 3011/131 3872/129 3397/139
f 4355/136 3176/138 3397/139
f 4619/133 3397/139 3176/138
f 4361/144 3011/140 3910/143
f 4361/144 3910/143 4089/145
f 4052/146 3910/143 3378/142
f 4089/145 3910/143 4052/146
f 3458/147 4089/145 4052/146
f 3458/147 4052/146 3378/142
f 3458/147 4361/144 4089/145
f 3458/148 3378/65 3839/83
f 3458/147 3011/140 4361/144
f 4660/149 3011/140 3458/147
f 4712/71 4332/150 4631/20
f 4332/150 4712/71 3858/151
f 4764/78 4631/20 4332/150
f 4712/71 3011/22 3858/151
f 4332/150 3858/151 3671/152
f 3858/151 3011/22 3671/152
f 3011/22 3807/153 3671/152
f 3011/22 4100/154 3807/153
f 4583/155 4332/150 3671/152
f 3671/152 3807/153 4283/156
f 4283/156 3807/153 4100/154
f 4283/156 4100/154 4407/157
f 4283/156 4407/157 3171/158
f 3070/159 4283/156 3171/158
f 4265/160 4283/156 3070/159
f 4265/160 4387/161 4283/156
f 4265/160 3070/159 4387/161
f 4100/154 3929/162 2878/163
f 4100/154 2878/163 4407/157
f 4407/157 2878/163 3171/158
f 4387/161 2878/163 3427/164
f 3070/159 3171/158 2878/163
f 4387/161 3070/159 2878/163
f 3981/165 3427/164 2878/163
f 3981/165 2878/163 3929/162
f 3427/164 3183/166 2875/167
f 4387/161 3427/164 2875/167
f 3183/166 3427/164 3981/165
f 3285/168 3183/166 3981/165
f 3285/168 3981/165 3659/169
f 4186/170 3671/152 4283/156
f 4186/170 4283/156 4387/161
f 4583/155 3671/152 4186/170
f 3188/171 4387/161 2875/167
f 4186/170 4387/161 2977/172
f 3385/173 2875/167 3183/166
f 3188/171 2875/167 3385/173
f 3285/168 3385/173 3183/166
f 3188/171 3385/173 3269/174
f 3269/174 3385/173 3285/168
f 4100/154 3011/22 3929/162
f 3929/162 3011/22 4660/175
f 3981/165 3929/162 4660/175
f 3659/169 3981/165 4660/175
f 4451/176 4660/177 4454/178
f 4606/46 4780/179 3839/83
f 4055/180 3458/148 3839/83
f 3564/181 3458/182 3575/183
f 3575/184 3458/148 4055/180
f 3608/185 3575/184 4055/180
f 3608/185 4815/186 3575/184
f 4454/178 3660/187 4543/188
f 4454/178 4660/177 3458/182
f 4454/178 3458/182 3564/181
f 4454/178 3564/181 3660/187
f 3660/187 3564/181 3717/189
f 3660/187 3717/189 4102/190
f 3717/189 3564/181 3575/183
f 4242/85 4764/78 4510/191
f 4764/78 4332/150 4510/191
f 4510/191 4332/150 4583/155
f 4510/191 4583/155 4745/192
f 4727/96 4811/193 4517/194
f 4620/93 4701/86 4727/96
f 4701/86 4242/85 4727/96
f 4727/96 4242/85 4811/193
f 4811/193 4242/85 4510/191
f 4510/191 4745/192 4811/193
f 4745/192 3943/195 4811/193
f 4517/194 4811/193 3943/195
f 4583/155 4186/170 2977/172
f 4317/196 4583/155 2977/172
f 4427/197 4583/155 4317/196
f 4427/197 4317/196 2886/198
f 3314/199 4387/161 3188/171
f 3314/199 3188/171 3269/174
f 3314/199 3269/174 3285/168
f 2977/172 4387/161 3314/199
f 3395/200 3314/199 3285/168
f 2977/172 3314/199 3395/200
f 4326/201 3395/200 2886/198
f 4317/196 4326/201 2886/198
f 2977/172 3395/200 2983/202
f 4326/201 2983/202 3395/200
f 4326/201 4317/196 2977/172
f 3943/195 4745/192 4583/155
f 3943/195 4583/155 4427/197
f 3943/195 4427/197 2886/198
f 4517/194 3943/195 2886/198
f 2882/203 4517/194 2886/198
f 4517/194 2882/203 4166/204
f 2882/203 2886/198 4660/175
f 4166/204 2882/203 3275/205
f 3275/205 2882/203 4660/175
f 4145/95 4727/96 4517/194
f 4517/194 4166/204 4443/206
f 4443/206 4166/204 3275/205
f 3060/207 4443/206 3275/205
f 3060/207 3275/205 3329/208
f 4194/209 4517/194 4443/206
f 4443/206 3060/207 4194/209
f 3063/210 4194/209 3060/207
f 3063/210 3060/207 3702/211
f 3702/211 3060/207 3329/208
f 3256/212 4194/209 3063/210
f 3256/212 3063/210 3702/211
f 3395/200 3285/168 3659/169
f 2886/198 3395/200 4660/175
f 4660/175 3395/200 3659/169
f 3329/208 3275/205 4660/175
f 3720/213 4660/177 3662/214
f 3662/214 4660/177 3715/215
f 3715/215 4660/177 4617/216
f 4617/216 4099/217 3715/215
f 3662/214 4099/217 3720/213
f 3715/215 4099/217 3662/214
f 3720/218 3329/208 4660/175
f 4326/201 2977/172 2983/202
f 4810/106 4343/122 4006/105
f 4006/105 4343/122 4384/119
f 4219/121 4384/119 4343/122
f 4343/122 4810/106 3880/107
f 4815/186 4780/179 4606/46
f 4328/219 4805/128 4567/127
f 4815/186 3839/83 4780/179
f 4815/186 4055/180 3839/83
f 4805/128 4815/186 4606/46
f 4328/219 4815/186 4805/128
f 4389/126 4328/219 4567/127
f 4389/126 4815/186 4328/219
f 4815/186 3608/185 4055/180
f 4428/220 4451/176 4454/178
f 4454/178 4543/188 4099/217
f 4617/216 4660/177 4451/176
f 4451/176 4099/217 4617/216
f 4451/176 4428/220 4099/217
f 4428/220 4454/178 4099/217
f 4543/188 4102/190 4220/221
f 4099/217 4543/188 4220/221
f 4815/222 4102/190 3717/189
f 4815/222 3717/189 3575/183
f 4137/223 3863/224 2094/225
f 4424/226 4213/227 4137/228
f 4424/226 4137/228 4455/229
f 4292/230 4424/226 4455/229
f 3863/224 3923/231 2168/232
f 4137/223 2609/233 3863/224
f 3923/231 3863/224 3231/234
f 3863/224 2609/233 3231/234
f 2609/233 2231/235 3231/234
f 3923/231 3231/234 2168/232
f 3231/234 2231/235 2168/232
f 3863/224 2168/232 2094/225
f 4213/227 4286/236 4137/228
f 4286/236 2609/237 4137/228
f 3750/238 4286/236 4213/227
f 3750/238 4213/227 4424/226
f 3751/239 4424/226 4292/230
f 3751/239 3750/238 4424/226
f 4286/236 2809/240 2609/237
f 4888/241 4286/236 3750/238
f 4888/241 3750/238 4329/242
f 4851/243 4286/236 4888/241
f 2567/244 4286/236 4851/243
f 4329/242 3750/238 3751/239
f 4329/242 4851/243 4888/241
f 4866/245 4851/243 4329/242
f 4329/242 3751/239 9/246
f 4329/242 9/246 4866/245
f 2567/244 4851/243 4866/245
f 9/246 2567/244 4866/245
f 2567/244 2809/240 4286/236
f 4241/247 4455/229 4137/228
f 4370/248 4455/229 4241/247
f 4370/248 4292/230 4455/229
f 4346/249 4292/230 4370/248
f 3748/250 4241/247 4137/228
f 4417/251 4346/249 4370/248
f 3956/252 4417/251 4370/248
f 4275/253 3956/252 4370/248
f 4618/254 4275/253 4370/248
f 3748/255 4137/223 2094/225
f 3956/252 4292/230 4346/249
f 3953/256 3751/239 4292/230
f 4417/251 3956/252 4346/249
f 2567/244 9/246 3751/239
f 3953/256 2567/244 3751/239
f 2094/225 2168/232 2795/257
f 2231/235 2795/257 2168/232
f 2795/257 2231/235 2094/225
f 2609/233 2094/225 2231/235
f 2094/225 2609/233 2606/258
f 2118/259 2809/240 2567/244
f 2118/259 2307/260 2809/240
f 2199/261 2809/262 2307/263
f 2715/264 2606/265 2809/262
f 2259/266 2606/265 2715/264
f 2809/262 2606/265 2609/267
f 2058/268 2606/269 2259/270
f 2188/271 2459/272 2303/273
f 2303/273 2459/272 2343/274
f 2303/273 2343/274 2250/275
f 2343/274 2459/272 2188/271
f 2188/271 2303/273 2351/276
f 2351/276 2303/273 2250/275
f 2455/277 2250/275 2343/274
f 2351/276 2250/275 2455/277
f 2188/271 2351/276 2466/278
f 2188/271 2466/278 2220/279
f 2351/276 2450/280 2466/278
f 2351/276 2455/277 2450/280
f 2220/279 2728/281 2188/271
f 2199/261 2715/264 2809/262
f 2450/280 2715/264 2199/261
f 2455/277 2343/274 2450/280
f 2220/279 2466/278 2450/280
f 2220/279 2450/280 2728/281
f 2682/282 2450/280 2199/261
f 2343/274 2259/266 2715/264
f 2450/280 2343/274 2715/264
f 2058/283 2259/266 2343/274
f 2188/271 2728/281 2343/274
f 2728/281 2058/283 2343/274
f 2442/284 2058/283 2728/281
f 2682/282 2058/283 2442/284
f 2728/281 2450/280 2682/282
f 2682/282 2199/261 2307/263
f 2682/282 2442/284 2728/281
f 2307/263 2058/283 2682/282
f 669/285 2058/268 2307/260
f 669/285 2606/269 2058/268
f 2152/286 2307/260 2118/259
f 2152/286 669/285 2307/260
f 4688/287 4618/254 4370/248
f 4241/247 4688/287 4370/248
f 4632/288 4618/254 4688/287
f 4746/289 4618/254 4632/288
f 4632/288 4688/287 4241/247
f 4477/290 4746/289 4632/288
f 4337/291 4632/288 4241/247
f 4224/292 4241/247 3748/250
f 4224/292 4337/291 4241/247
f 4390/293 4477/290 4632/288
f 4746/289 4477/290 4390/293
f 4684/294 4746/289 4390/293
f 4312/295 4632/288 4337/291
f 4312/295 4390/293 4632/288
f 4684/294 4390/293 4312/295
f 3956/252 4275/253 4178/296
f 4178/296 4275/253 4746/289
f 4746/289 4275/253 4618/254
f 3953/256 4292/230 3956/252
f 3903/297 3953/256 3956/252
f 2355/298 2567/244 3953/256
f 4684/294 4178/296 4746/289
f 3956/252 4178/296 4684/294
f 3903/297 3956/252 4684/294
f 4312/295 4337/291 4528/299
f 4528/299 4337/291 4224/292
f 3780/300 4312/295 4528/299
f 3854/301 4528/299 4224/292
f 3748/250 3854/301 4224/292
f 3780/300 4528/299 3854/301
f 3926/302 3780/300 3854/301
f 2/303 3926/302 4901/304
f 4901/304 3854/301 3748/250
f 4901/304 3926/302 3854/301
f 4402/305 4684/294 4312/295
f 4402/305 4312/295 3780/300
f 3838/306 4684/294 4402/305
f 3838/306 4402/305 4667/307
f 3926/302 4402/305 3780/300
f 3838/306 3903/297 4684/294
f 4667/307 4402/305 3926/302
f 4667/307 3926/302 2/303
f 4181/308 4340/309 3903/297
f 4181/308 3903/297 3838/306
f 3903/297 4376/310 3953/256
f 3903/297 4340/309 4376/310
f 4209/311 3953/256 4376/310
f 3849/312 3953/256 4209/311
f 3838/306 4209/311 4181/308
f 4181/308 4376/310 4340/309
f 4209/311 4376/310 4181/308
f 3849/312 4209/311 3838/306
f 4667/307 3849/312 3838/306
f 755/313 2355/298 3953/256
f 755/313 3953/256 3849/312
f 2761/314 3748/255 2391/315
f 2761/314 2371/316 3748/255
f 3748/255 2371/316 2574/317
f 2574/317 2371/316 2761/314
f 2574/317 2391/315 2241/318
f 2574/317 2761/314 2391/315
f 2241/318 2391/315 2094/225
f 2477/319 2241/318 2094/225
f 3748/255 2094/225 2391/315
f 2009/320 669/285 2152/286
f 335/321 669/285 2009/320
f 2009/320 2152/286 2742/322
f 2567/244 2355/298 2118/259
f 2742/322 2152/286 2118/259
f 2118/259 2355/298 2742/322
f 2094/225 582/323 2477/319
f 755/313 335/321 2742/322
f 335/321 2009/320 2742/322
f 755/313 2742/322 2355/298
f 3833/324 3922/325 4448/326
f 4448/326 3922/325 3832/327
f 3922/325 4860/328 3832/327
f 4448/326 3832/327 4012/329
f 3964/330 4282/331 4876/332
f 3832/327 4860/328 4245/333
f 4025/334 3964/330 4876/332
f 4115/335 4012/329 4245/333
f 4012/329 3832/327 4245/333
f 3833/324 4448/326 4377/336
f 4472/337 3833/324 4377/336
f 4472/337 4377/336 3784/338
f 4472/337 3784/338 3959/339
f 4025/334 4876/332 2001/340
f 4091/341 4012/329 4018/342
f 3784/338 4377/336 4012/329
f 3784/338 4012/329 4091/341
f 4056/343 3784/338 4091/341
f 4377/336 4448/326 4012/329
f 4396/344 3833/324 4472/337
f 4/345 4901/304 3748/250
f 2/303 4901/304 4/345
f 755/313 2/303 4/345
f 4282/331 2866/346 4876/332
f 4282/331 4875/347 2866/346
f 3964/330 4875/347 4282/331
f 4245/333 4875/347 3964/330
f 4860/328 2811/348 4875/347
f 4245/333 4860/328 4875/347
f 4667/307 2/303 755/313
f 4667/307 755/313 3849/312
f 3922/325 755/313 4860/328
f 3833/324 755/313 3922/325
f 4858/349 3833/324 4396/344
f 4861/350 3833/324 4858/349
f 4885/351 3833/324 4861/350
f 4251/352 3833/324 4885/351
f 4012/329 4115/335 3964/330
f 4115/335 4245/333 3964/330
f 4018/342 3964/330 4025/334
f 4091/341 4018/342 4025/334
f 4018/342 4012/329 3964/330
f 4056/343 4091/341 4025/334
f 4056/343 4025/334 2001/340
f 4890/353 4858/349 4396/344
f 4872/354 4890/353 4396/344
f 4396/344 3/355 4872/354
f 3/355 4861/350 4872/354
f 4885/351 4861/350 3/355
f 4396/344 4251/352 4885/351
f 4396/344 4885/351 3/355
f 2866/346 2811/348 2313/356
f 2811/348 3748/250 2759/357
f 2866/346 2313/356 3138/358
f 3138/358 2313/356 2488/359
f 4860/328 4/345 3748/250
f 755/313 4/345 4860/328
f 2811/348 4860/328 3748/250
f 4876/332 4871/360 3045/361
f 4871/360 2866/346 3045/361
f 3045/361 2866/346 3138/358
f 4876/332 3045/361 3138/358
f 2001/340 4876/332 3138/358
f 4876/332 2866/346 4871/360
f 2478/362 2001/340 3138/358
f 4875/347 2811/348 2866/346
f 4872/354 4858/349 4890/353
f 4861/350 4858/349 4872/354
f 2438/363 3833/324 4251/352
f 1165/364 4251/352 4396/344
f 4220/221 4102/190 4225/365
f 4482/366 4220/221 4225/365
f 4220/221 4482/366 4351/367
f 4117/368 4220/221 4351/367
f 4117/368 4351/367 4815/222
f 4798/369 4220/221 4117/368
f 3720/213 4099/217 4638/370
f 4099/217 4220/221 4798/369
f 4447/371 4638/370 4099/217
f 4447/371 4099/217 4798/369
f 4038/372 4638/370 4447/371
f 4113/373 4447/371 4798/369
f 4122/374 4038/372 4447/371
f 4122/374 4447/371 4113/373
f 4122/374 4638/370 4038/372
f 4122/374 4113/373 4638/370
f 3660/187 4102/190 4543/188
f 4225/365 4102/190 4815/222
f 4225/365 4815/222 4482/366
f 4351/367 4482/366 4815/222
f 4798/369 4814/375 4669/376
f 4638/370 4113/373 4468/377
f 4246/378 4117/368 4815/222
f 4801/379 4117/368 4246/378
f 4798/369 4117/368 4801/379
f 4798/369 4801/379 4815/222
f 4815/222 4801/379 4246/378
f 4814/375 4798/369 4815/222
f 4669/376 4814/375 4815/222
f 4843/380 4798/369 4669/376
f 4113/373 4798/369 4388/381
f 4388/381 4798/369 4843/380
f 4556/382 4113/373 4388/381
f 4468/377 4113/373 4556/382
f 4843/380 4669/376 4815/222
f 4388/381 4843/380 4815/222
f 4468/377 4556/382 4388/381
f 4468/377 4388/381 4815/222
f 4180/383 3959/339 3784/338
f 3946/384 3959/339 4180/383
f 3959/339 3946/384 4472/337
f 3980/385 3946/384 4180/383
f 4472/337 3946/384 3980/385
f 3979/386 4472/337 3980/385
f 4472/337 3979/386 3808/387
f 4483/388 4056/343 2001/340
f 4483/388 3784/338 4056/343
f 4180/383 3784/338 4483/388
f 4347/389 4483/388 2001/340
f 4342/390 4347/389 2001/340
f 4180/383 4347/389 4342/390
f 4347/389 4180/383 4483/388
f 4264/391 4180/383 4342/390
f 3979/386 3980/385 4180/383
f 3808/387 3979/386 4180/383
f 3896/392 3808/393 4180/394
f 3896/392 4180/394 4882/395
f 3777/396 3896/392 4882/395
f 4472/397 3896/392 3777/396
f 4472/397 3777/396 3768/398
f 4472/397 3808/393 3896/392
f 3916/399 3768/398 4882/395
f 3768/398 3777/396 4882/395
f 4472/397 3768/398 3916/399
f 3890/400 4472/397 3916/399
f 3890/400 4883/401 4472/397
f 4264/391 4342/390 2001/340
f 4180/383 4264/391 2001/340
f 4882/395 2001/402 4898/403
f 4882/395 4180/394 2001/402
f 22/404 5/405 4472/397
f 22/404 15/406 4857/407
f 22/404 3539/408 15/406
f 3539/408 3307/409 15/406
f 22/404 4472/397 4883/401
f 4867/410 4873/411 4898/403
f 4882/395 4898/403 4873/411
f 3890/400 3916/399 4882/395
f 3890/400 4882/395 4873/411
f 4867/410 3890/400 4873/411
f 3141/412 1126/413 4883/401
f 3141/412 4883/401 3890/400
f 4472/337 1165/364 4396/344
f 21/414 1165/364 4472/337
f 5/405 21/415 4472/397
f 21/414 2893/416 1165/364
f 1165/364 2893/416 3460/417
f 3225/418 1165/364 3460/417
f 3460/417 2871/419 3225/418
f 2893/416 3007/420 2910/421
f 3225/418 2871/419 2910/421
f 3072/422 4251/352 1165/364
f 2500/423 2438/363 4251/352
f 2464/424 2500/423 4251/352
f 2464/424 4251/352 3072/422
f 2398/425 2500/423 2464/424
f 2687/426 2396/427 3072/422
f 3072/422 2396/427 2464/424
f 3225/418 3072/422 1165/364
f 2631/428 3072/422 3225/418
f 3072/422 2631/428 2687/426
f 2631/428 2396/427 2687/426
f 2767/429 2631/428 3225/418
f 2910/421 2767/429 3225/418
f 2910/421 2810/430 2767/429
f 2767/429 2810/430 2631/428
f 2810/430 2013/431 2631/428
f 22/404 4857/407 5/405
f 22/404 3307/409 3539/408
f 4857/407 21/415 5/405
f 4857/407 15/406 21/415
f 15/406 3307/409 21/415
f 22/404 3002/432 3307/409
f 3307/409 3002/432 21/415
f 21/414 3002/433 2893/416
f 4883/401 20/434 22/404
f 20/434 3002/432 22/404
f 1207/435 1093/436 4883/401
f 1093/436 20/434 4883/401
f 3002/433 3007/420 2893/416
f 3460/417 2893/416 2871/419
f 2893/416 2910/421 2871/419
f 2471/437 3007/420 3002/433
f 3106/438 20/434 1093/436
f 1093/436 1207/435 3106/438
f 20/434 3106/438 3002/432
f 3359/439 3002/432 3106/438
f 2474/440 3359/439 3106/438
f 2474/440 3002/432 3359/439
f 2910/421 3007/420 2810/430
f 2474/441 2276/442 3002/433
f 3106/438 1207/435 2474/440
f 1207/435 4883/401 1126/413
f 3222/443 1207/435 1126/413
f 1126/413 3141/412 3222/443
f 3141/412 2678/444 3222/443
f 1207/435 3222/443 2678/444
f 1207/435 2678/444 2474/440
f 2552/445 2474/440 2678/444
f 3141/412 2552/445 2678/444
f 3040/446 2552/445 3141/412
f 3040/446 3083/447 2552/445
f 2737/448 2474/440 2552/445
f 3083/447 2633/449 2552/445
f 2633/449 2737/448 2552/445
f 2921/450 3040/446 3141/412
f 2633/449 3083/447 3040/446
f 2921/450 2633/449 3040/446
f 525/451 2633/449 2921/450
f 2697/452 3748/250 2574/453
f 2759/357 3748/250 2697/452
f 2574/317 2241/318 2294/454
f 2267/455 2241/318 2477/319
f 2650/456 2267/455 2477/319
f 2204/457 2267/455 2650/456
f 2294/454 2241/318 2267/455
f 2592/458 2759/357 2697/452
f 2592/458 2697/452 2574/453
f 2620/459 2759/357 2592/458
f 2495/460 2620/459 2592/458
f 2759/357 2620/459 2495/460
f 2811/348 2759/357 2313/356
f 2313/356 2759/357 2744/461
f 2759/357 2495/460 2744/461
f 2656/462 2744/463 2495/464
f 2313/356 2744/461 2478/362
f 2294/454 2267/455 2365/465
f 2365/465 2267/455 2204/457
f 2294/454 2365/465 2197/466
f 2417/467 2574/317 2294/454
f 2447/468 2592/458 2574/453
f 2447/469 2574/317 2417/467
f 2197/466 2365/465 2204/457
f 2204/457 2294/454 2197/466
f 2170/470 2294/454 2204/457
f 2170/470 2204/457 2530/471
f 2133/472 2170/470 2223/473
f 2656/462 2575/474 2133/472
f 2476/475 2447/469 2575/474
f 2575/474 2447/469 2417/467
f 2592/458 2447/468 2495/460
f 2495/464 2447/469 2476/475
f 2170/470 2417/467 2294/454
f 2575/474 2417/467 2170/470
f 2476/475 2575/474 2495/464
f 2575/474 2656/462 2495/464
f 2133/472 2575/474 2170/470
f 2204/457 2650/456 2746/476
f 2650/456 2477/319 2565/477
f 2579/478 2223/473 2170/470
f 2579/478 2727/479 2223/473
f 2530/471 2204/457 2746/476
f 2530/471 2746/476 2565/477
f 2565/477 2746/476 2650/456
f 2727/479 2530/471 2565/477
f 2170/470 2530/471 2579/478
f 2579/478 2530/471 2727/479
f 2727/479 2565/477 582/323
f 2223/473 582/323 1947/480
f 2565/477 2477/319 582/323
f 2223/473 2727/479 582/323
f 3138/358 2488/359 2478/362
f 2478/362 2744/461 2561/481
f 2488/359 2313/356 2478/362
f 2649/482 2744/463 2656/462
f 2193/483 2133/472 2786/484
f 2491/485 2133/472 2193/483
f 2491/485 2411/486 2133/472
f 2411/486 2656/462 2133/472
f 2561/487 2744/463 2649/482
f 2491/485 2656/462 2411/486
f 2649/482 2656/462 2491/485
f 2818/488 2561/487 2649/482
f 2818/488 2649/482 2491/485
f 2818/488 2491/485 2233/489
f 2233/489 2491/485 2193/483
f 2786/484 2133/472 2223/473
f 2305/490 2223/473 1947/480
f 2786/484 2223/473 2305/490
f 2233/489 2193/483 2786/484
f 2110/491 2233/489 2786/484
f 3833/324 2438/363 755/313
f 335/321 755/313 2438/363
f 335/321 2438/363 2734/492
f 2001/340 2478/362 2561/481
f 2755/493 2561/487 2818/488
f 2012/494 2002/495 2786/484
f 2524/496 2012/494 2786/484
f 2524/496 2786/484 2305/490
f 2175/497 2524/496 2702/498
f 2561/487 2755/493 2175/497
f 2539/499 2561/487 2175/497
f 2539/499 2175/497 2132/500
f 2132/500 2175/497 2702/498
f 2211/501 2561/487 2539/499
f 2211/501 2539/499 2132/500
f 2211/501 2132/500 2561/487
f 2347/502 2561/487 2132/500
f 2305/490 2702/498 2524/496
f 2352/503 2702/498 2305/490
f 2132/500 2702/498 2660/504
f 2660/504 2702/498 2352/503
f 2352/503 2132/500 2660/504
f 2001/505 2561/487 2347/502
f 2022/506 2132/500 2352/503
f 2347/502 2132/500 2022/506
f 2183/507 2347/502 2022/506
f 2361/508 2347/502 2183/507
f 2361/508 2405/509 2347/502
f 2518/510 2347/502 2405/509
f 2001/505 2347/502 2518/510
f 2142/511 2001/505 2518/510
f 2289/512 2526/513 2001/402
f 2289/512 2001/402 2142/514
f 2334/515 2001/402 2526/513
f 2289/512 2306/516 2526/513
f 2526/513 2306/516 2227/517
f 2526/513 2227/517 2591/518
f 2591/518 2227/517 2534/519
f 2317/520 2352/503 2305/490
f 2209/521 2352/503 2317/520
f 2209/521 2022/506 2352/503
f 2183/507 2022/506 2209/521
f 2361/508 2183/507 2209/521
f 2405/509 2361/508 2209/521
f 2082/522 2209/521 2317/520
f 2518/510 2405/509 2082/522
f 2082/522 2405/509 2209/521
f 2142/511 2518/510 2082/522
f 2289/512 2142/514 2306/516
f 2142/514 2082/523 2306/516
f 2227/517 2306/516 2082/523
f 2227/517 2082/523 2534/519
f 2534/519 2082/523 2781/524
f 2534/519 2781/524 2535/525
f 2781/524 2082/523 1812/526
f 2082/522 2317/520 1585/527
f 1585/527 2317/520 2305/490
f 2755/493 2818/488 2658/528
f 2755/493 2658/528 2175/497
f 2658/528 2110/491 2002/495
f 2002/495 2110/491 2786/484
f 2012/494 2658/528 2002/495
f 2175/497 2658/528 2524/496
f 2524/496 2658/528 2012/494
f 2818/488 2233/489 2658/528
f 2658/528 2233/489 2110/491
f 3007/420 2471/437 2810/430
f 2810/430 2471/437 2815/529
f 3002/433 2821/530 2471/437
f 2276/442 2821/530 3002/433
f 2013/431 2501/531 2631/428
f 2810/430 2815/529 2013/431
f 2821/530 2566/532 2471/437
f 2821/530 2717/533 2566/532
f 2013/431 2815/529 2471/437
f 2566/532 2578/534 2471/437
f 2200/535 2500/423 2398/425
f 2464/424 2098/536 2398/425
f 2098/536 2200/535 2398/425
f 2396/427 2098/536 2464/424
f 2631/428 2501/531 2396/427
f 2013/431 2471/437 2439/537
f 2471/437 2578/534 2439/537
f 2032/538 2566/532 2717/533
f 2280/539 2566/532 2032/538
f 2566/532 2123/540 2578/534
f 2280/539 2123/540 2566/532
f 2280/539 2577/541 2123/540
f 2028/542 2577/541 2032/538
f 2439/537 2578/534 2734/492
f 2737/543 2243/544 2474/441
f 2474/441 2821/530 2276/442
f 2424/545 2821/530 2474/441
f 2474/441 2243/544 2424/545
f 2717/533 2821/530 2424/545
f 525/451 2737/448 2633/449
f 525/546 2117/547 2737/543
f 2737/543 2117/547 2243/544
f 2243/544 2032/538 2424/545
f 2424/545 2032/538 2717/533
f 2117/547 2032/538 2243/544
f 2117/547 2805/548 2032/538
f 2028/542 2032/538 2805/548
f 525/546 2805/548 2117/547
f 525/546 2028/542 2805/548
f 2200/535 2438/363 2500/423
f 2501/531 2438/363 2200/535
f 2098/536 2501/531 2200/535
f 2501/531 2098/536 2396/427
f 2013/431 2438/363 2501/531
f 2734/492 2438/363 2013/431
f 2439/537 2734/492 2013/431
f 2123/540 2734/492 2578/534
f 2577/541 2734/492 2123/540
f 2577/541 2280/539 2032/538
f 2028/542 2734/492 2577/541
f 525/546 2734/492 2028/542
f 525/546 335/321 2734/492
f 3848/549 3752/550 3520/11
f 3701/551 3752/550 3848/549
f 3739/552 3520/11 3752/550
f 3739/552 3532/9 3520/11
f 3801/553 3848/8 3330/554
f 3727/555 3801/553 3330/554
f 3330/554 3848/8 3413/556
f 3727/555 3330/554 2868/557
f 3330/554 2883/558 2868/557
f 3873/559 3701/551 3848/549
f 3739/552 3752/550 3701/551
f 3873/559 3739/552 3701/551
f 3801/560 3873/559 3848/549
f 3801/560 3864/561 3873/559
f 3739/552 3873/559 3864/561
f 3694/562 3739/552 3864/561
f 3739/552 3694/562 3679/563
f 3679/563 3864/561 3801/560
f 3679/563 3694/562 3864/561
f 3801/560 3840/564 3679/563
f 3727/565 3840/564 3801/560
f 3793/13 3415/7 3937/23
f 3413/556 3848/8 3793/13
f 3413/556 3793/13 3490/566
f 3685/567 3793/13 3396/568
f 3513/569 2883/558 3396/568
f 3490/566 3793/13 3685/567
f 3490/566 3685/567 2883/558
f 3685/567 3396/568 2883/558
f 3392/570 3420/571 2883/558
f 3420/571 3392/570 3754/572
f 2883/558 3571/573 3392/570
f 3754/572 3392/570 3571/573
f 2868/557 2883/558 2861/574
f 2861/574 2883/558 3374/575
f 3827/576 2868/557 2955/577
f 2955/577 2868/557 2861/574
f 3330/554 3413/556 2883/558
f 3413/556 3490/566 2883/558
f 3374/575 2883/558 3420/571
f 2861/574 3374/575 3273/578
f 2955/577 2861/574 3273/578
f 3492/579 3793/13 3937/23
f 3513/569 3492/579 3829/580
f 3492/579 3937/23 3829/580
f 3829/580 3937/23 3976/581
f 2883/558 3829/580 3571/573
f 2883/558 3513/569 3829/580
f 3396/568 3793/13 3492/579
f 3396/568 3492/579 3513/569
f 3812/582 3407/583 3591/584
f 3812/582 3591/584 3638/585
f 3657/586 3812/582 3638/585
f 3571/573 3829/580 3487/587
f 3976/581 3487/587 3829/580
f 3754/572 3571/573 3430/588
f 3430/588 3571/573 3487/587
f 3754/572 3430/588 3812/582
f 3812/582 3430/588 3407/583
f 3430/588 3487/587 3638/585
f 3638/585 3487/587 3976/581
f 3407/583 3430/588 3638/585
f 3407/583 3638/585 3591/584
f 3852/589 3739/552 3679/563
f 3739/552 3852/589 3668/590
f 3852/589 3679/563 3878/591
f 3878/591 3679/563 3599/592
f 3414/593 3878/591 3599/592
f 3414/593 3599/592 3601/594
f 3668/590 3852/589 3414/593
f 3668/590 3414/593 3380/595
f 3852/589 3878/591 3414/593
f 3380/595 3414/593 3547/596
f 3601/594 3599/592 3547/596
f 3547/596 3414/593 3601/594
f 3840/564 3599/592 3679/563
f 3624/597 3739/552 3668/590
f 3624/597 3532/9 3739/552
f 3547/596 3599/592 3681/598
f 3681/598 3599/592 3755/599
f 2939/600 3599/592 3840/564
f 2864/601 3755/599 3599/592
f 2939/600 2864/601 3599/592
f 3681/598 3755/599 3746/602
f 3547/596 3681/598 3746/602
f 3755/599 2864/601 3746/602
f 3737/603 3746/602 2864/601
f 3818/604 3535/12 3532/9
f 3532/9 3624/597 3818/604
f 3859/605 3535/12 3818/604
f 4188/606 3901/607 3535/12
f 4555/608 3901/607 4188/606
f 3763/609 3535/12 3859/605
f 3763/609 4188/606 3535/12
f 3588/610 3727/555 3827/576
f 3727/565 3457/611 3840/564
f 3727/555 3588/610 3457/612
f 3457/612 3588/610 3827/576
f 3457/612 3827/576 3507/613
f 3791/614 3765/615 3504/616
f 3791/614 3504/616 3507/613
f 3574/617 3840/564 3457/611
f 3457/611 3788/618 3574/617
f 3788/618 3404/619 3574/617
f 3788/618 3447/620 3404/619
f 3655/621 3457/612 3507/613
f 3788/622 3457/612 3655/621
f 3727/555 2868/557 3827/576
f 3507/613 3827/576 3035/623
f 3507/613 3035/623 3791/614
f 3765/615 3035/623 3159/624
f 3791/614 3035/623 3765/615
f 3159/624 3035/623 3827/576
f 3159/624 3827/576 2955/577
f 3159/624 3313/625 3357/626
f 3655/621 3507/613 3504/616
f 3498/627 3655/621 3504/616
f 3498/627 3504/616 3765/615
f 3788/622 3655/621 3498/627
f 3637/628 3788/622 3498/627
f 3765/615 3159/624 3825/629
f 3789/630 3374/575 3420/571
f 3411/631 3374/575 3789/630
f 2955/577 3273/578 3244/632
f 3789/630 3420/571 3754/572
f 3789/630 3754/572 3812/582
f 3374/575 3244/632 3273/578
f 3159/624 2955/577 3244/632
f 3159/624 3244/632 3313/625
f 3313/625 3244/632 3480/633
f 3374/575 3480/633 3244/632
f 3497/634 3411/631 3590/635
f 3374/575 3411/631 3497/634
f 3374/575 3497/634 3480/633
f 3459/636 3497/634 3590/635
f 3303/637 3480/633 3497/634
f 3357/626 3303/637 3159/624
f 3459/636 3834/638 3159/624
f 3459/636 3495/639 3834/638
f 3459/636 3590/635 3495/639
f 3159/624 3303/637 3459/636
f 3303/637 3497/634 3459/636
f 3357/626 3480/633 3303/637
f 3357/626 3313/625 3480/633
f 3590/635 3411/631 3789/630
f 3724/640 3789/630 3812/582
f 3724/640 3590/635 3789/630
f 3724/640 3812/582 3635/641
f 3495/639 3590/635 3724/640
f 3724/640 3635/641 3495/639
f 3635/641 3812/582 3688/642
f 3688/642 3812/582 3703/643
f 3688/642 3495/639 3635/641
f 3495/639 3483/644 3834/638
f 3450/645 3834/638 3483/644
f 3450/645 3483/644 3703/643
f 3688/642 3483/644 3495/639
f 3483/644 3688/642 3703/643
f 3743/646 3812/582 3657/586
f 3743/646 3657/586 3638/585
f 3638/585 3976/581 4034/647
f 3703/643 3812/582 3743/646
f 4034/647 3743/646 3638/585
f 3703/643 3743/646 4034/647
f 3703/643 4034/647 3731/648
f 3450/645 3703/643 3731/648
f 3450/645 3731/648 3877/649
f 4034/647 4276/650 3731/648
f 3731/648 4276/650 3877/649
f 3450/645 3877/649 4168/651
f 3877/649 4276/650 4168/651
f 3159/624 3834/638 3825/629
f 3825/629 3834/638 3572/652
f 3572/652 3834/638 3450/645
f 3572/652 3450/645 3803/653
f 3825/629 3572/652 3790/654
f 3915/655 3825/629 3790/654
f 3790/654 3572/652 3803/653
f 3915/655 3790/654 3803/653
f 3668/590 3380/595 3624/597
f 3624/597 3380/595 3447/620
f 3447/620 3559/656 3404/619
f 2939/600 3840/564 3574/617
f 3404/619 2939/600 3574/617
f 3869/657 2939/600 3404/619
f 3559/656 3869/657 3404/619
f 3423/658 3380/595 3547/596
f 3423/658 3547/596 3708/659
f 3447/620 3423/658 3559/656
f 3447/620 3380/595 3423/658
f 3547/596 3746/602 3708/659
f 3783/660 3559/656 3737/603
f 3708/659 3746/602 3737/603
f 3423/658 3708/659 3559/656
f 3559/656 3783/660 3869/657
f 3559/656 3708/659 3737/603
f 3737/603 2864/601 2939/600
f 3783/660 2939/600 3869/657
f 3783/660 3737/603 2939/600
f 3788/618 3624/597 3447/620
f 3788/618 3818/604 3624/597
f 2959/661 3818/604 3788/618
f 2959/661 3859/605 3818/604
f 4259/662 3859/605 2959/661
f 4259/662 3763/609 3859/605
f 3637/628 3498/627 3765/615
f 3637/628 3765/615 3806/663
f 3224/664 2863/665 3806/663
f 2954/666 2863/665 3224/664
f 2863/665 3637/628 3806/663
f 3637/628 2863/665 2954/666
f 3700/667 3637/668 2954/669
f 3180/670 2954/669 3224/671
f 3180/670 3220/672 2954/669
f 2954/669 3220/672 3302/673
f 3180/670 3302/673 3220/672
f 3306/674 2954/669 3302/673
f 3034/675 2873/676 3180/670
f 2873/676 3302/673 3180/670
f 4077/677 3825/629 3915/655
f 4077/677 3915/655 4230/678
f 4230/678 3915/655 3803/653
f 4230/678 3803/653 4288/679
f 4288/679 3803/653 4310/680
f 4077/677 4230/678 4288/679
f 3803/653 3450/645 4381/681
f 4310/680 3803/653 4381/681
f 3765/615 3825/629 3806/663
f 3806/663 3825/629 4077/677
f 4154/682 4288/679 4310/680
f 4077/677 4288/679 4154/682
f 4154/682 4211/683 4077/677
f 4154/682 4310/680 4381/681
f 4211/683 4154/682 4412/684
f 3806/663 4077/677 4324/685
f 4324/685 4077/677 4211/683
f 4324/685 4211/683 4373/686
f 4373/686 4211/683 4456/687
f 4211/683 4412/684 4456/687
f 4373/686 4456/687 4458/688
f 2959/661 3788/618 3637/668
f 3690/689 2959/661 3637/668
f 3067/690 3305/691 3690/689
f 3221/692 3067/690 3690/689
f 3700/667 3690/689 3637/668
f 2954/669 3306/674 3361/693
f 2873/676 3306/674 3302/673
f 2873/676 3361/693 3306/674
f 3700/667 2954/669 3039/694
f 2954/669 3361/693 3039/694
f 3690/689 3308/695 3131/696
f 3221/692 3039/694 2964/697
f 3305/691 3308/695 3690/689
f 3221/692 3305/691 3067/690
f 3308/695 3253/698 3131/696
f 3221/692 2964/697 3130/699
f 3305/691 3122/700 3308/695
f 3308/695 3122/700 3119/701
f 3122/700 3305/691 3221/692
f 3221/692 3119/701 3122/700
f 3087/702 3253/698 3308/695
f 3308/695 3119/701 3087/702
f 3130/699 3119/701 3221/692
f 3131/696 3253/698 3087/702
f 3131/696 3087/702 3130/699
f 3130/699 3087/702 3119/701
f 3690/689 3003/703 2959/661
f 2964/697 2959/661 3003/703
f 3690/689 3131/696 3003/703
f 2959/661 2964/697 3039/694
f 3131/696 3130/699 3003/703
f 2964/697 3003/703 3130/699
f 3039/694 3690/689 3700/667
f 3039/694 3221/692 3690/689
f 2959/661 3039/694 3214/704
f 3039/694 3361/693 3214/704
f 3214/704 4259/662 2959/661
f 4453/705 3763/609 4259/662
f 2960/706 2874/707 2873/676
f 2874/707 3361/693 2873/676
f 2957/708 3361/693 2874/707
f 2960/706 2957/708 2874/707
f 2957/708 3214/704 3361/693
f 2960/706 3076/709 2957/708
f 3076/709 3214/704 2957/708
f 3217/710 3214/704 3076/709
f 3076/709 3573/711 3217/710
f 3573/711 3214/704 3217/710
f 3573/711 3855/712 3214/704
f 3855/712 4259/662 3214/704
f 3855/712 4291/713 4259/662
f 3855/712 4082/714 4291/713
f 4082/714 3855/712 3573/711
f 4082/714 4013/715 4291/713
f 4291/713 4013/715 4259/662
f 4013/715 4314/716 4259/662
f 3937/23 3901/24 4570/717
f 4570/717 3901/24 4562/718
f 3976/581 3937/23 3021/719
f 4555/720 4562/718 3901/24
f 4570/717 4562/718 4555/720
f 3937/23 4570/717 4555/720
f 3021/719 3937/23 4555/720
f 3021/721 4555/608 4188/606
f 3763/609 3021/721 4188/606
f 4650/722 3021/721 3763/609
f 4034/647 3976/581 4276/650
f 4276/650 3976/581 4168/651
f 4168/651 3976/581 3021/719
f 3641/723 4145/95 4517/194
f 4758/724 4145/95 3641/723
f 2979/725 4517/194 4194/209
f 3383/726 4194/209 3522/727
f 2979/725 4194/209 3383/726
f 3500/728 2979/725 3383/726
f 3500/728 3383/726 3610/729
f 3641/723 4517/194 2979/725
f 3641/723 2979/725 3500/728
f 3641/723 3500/728 3893/730
f 3882/731 4758/724 3641/723
f 3771/732 3729/733 4009/734
f 3450/645 4168/651 3908/735
f 3908/735 4168/651 3951/736
f 4381/681 3450/645 3908/735
f 4154/682 4381/681 4412/684
f 4381/681 3908/735 3951/736
f 4412/684 4381/681 3951/736
f 4458/688 4412/684 3951/736
f 4456/687 4412/684 4458/688
f 3951/736 4168/651 3021/719
f 3951/736 3021/719 3232/737
f 3320/738 3951/736 3232/737
f 4453/705 3899/739 3763/609
f 4650/722 3763/609 3899/739
f 4584/740 4650/722 4516/741
f 4516/741 4650/722 3899/739
f 4314/716 4527/742 4453/705
f 4314/716 4453/705 4259/662
f 4453/705 4527/742 4442/743
f 4314/716 4244/744 4527/742
f 4013/715 4244/744 4314/716
f 4013/715 4046/745 4244/744
f 4527/742 4244/744 4442/743
f 4244/744 3921/746 4442/743
f 3899/739 4453/705 4442/743
f 4046/745 3921/746 4244/744
f 4046/745 3899/739 3921/746
f 4046/745 4516/741 3899/739
f 4584/740 4516/741 4046/745
f 4442/743 3921/746 3899/739
f 4707/747 4046/745 4013/715
f 4467/748 4707/747 4013/715
f 4707/747 4584/740 4046/745
f 4734/749 4707/747 4467/748
f 4734/749 4413/750 4707/747
f 3320/738 3232/737 3508/751
f 3508/751 3232/737 3021/719
f 4650/722 4584/740 3021/721
f 2806/752 3021/721 4584/740
f 3508/753 3021/721 2806/752
f 2806/752 4584/740 4707/747
f 4156/754 4587/755 4462/756
f 4640/757 4405/758 3771/732
f 4587/755 4640/757 3771/732
f 4462/756 3771/732 4616/759
f 4156/754 4462/756 4616/759
f 4462/756 4587/755 3771/732
f 4145/95 3760/118 3670/113
f 4335/760 3481/117 3760/118
f 4335/760 3760/118 4145/95
f 4504/761 4335/760 4145/95
f 3522/727 4194/209 3256/212
f 3371/762 3702/211 3909/763
f 3371/762 3256/212 3702/211
f 3522/727 3256/212 3371/762
f 3610/729 3383/726 3522/727
f 3610/729 3522/727 3322/764
f 3322/764 3522/727 3371/762
f 3485/765 3610/729 3322/764
f 3319/766 3610/729 3485/765
f 3909/763 3322/764 3371/762
f 3485/765 3322/764 3909/763
f 3319/766 3485/765 3909/763
f 4437/767 4145/95 4758/724
f 4414/768 4437/767 4758/724
f 4270/769 3882/731 3027/770
f 4270/769 3027/770 3089/771
f 4270/769 3089/771 3730/772
f 4504/761 4145/95 4437/767
f 4460/773 3481/117 4335/760
f 4444/774 4335/760 4504/761
f 4444/774 4504/761 4437/767
f 4460/773 4335/760 4444/774
f 4460/773 4444/774 4437/767
f 4484/775 4460/773 4437/767
f 4460/773 4484/775 4471/776
f 4484/775 4437/767 4414/768
f 4471/776 4484/775 4414/768
f 4460/773 4158/112 3481/117
f 4389/126 4158/112 4460/773
f 4758/724 4270/769 4414/768
f 4391/777 4460/773 4471/776
f 4758/724 3882/731 4270/769
f 4414/768 4270/769 4471/776
f 3730/772 4471/776 4270/769
f 3730/772 4761/778 4471/776
f 4641/779 4761/778 3730/772
f 4391/777 4471/776 4761/778
f 4391/777 4761/778 4641/779
f 4391/777 4641/779 3704/780
f 4391/777 3758/781 3683/782
f 4391/777 3704/780 3758/781
f 3758/781 3704/780 4641/779
f 3799/783 3758/781 3939/784
f 3758/781 3799/783 3683/782
f 3730/772 3758/781 4641/779
f 3730/772 3939/784 3758/781
f 2887/785 4036/786 3802/787
f 3939/788 3730/789 3722/790
f 3698/791 3939/788 3722/790
f 3661/792 3939/788 3698/791
f 4344/793 3939/788 3661/792
f 3683/782 3799/783 3835/794
f 3683/782 4460/773 4391/777
f 4207/795 3835/794 3799/783
f 4207/795 3799/783 3939/784
f 3779/796 3683/782 3835/794
f 4207/795 3779/796 3835/794
f 4207/795 3648/797 3779/796
f 3865/798 3648/797 4207/795
f 3913/799 3939/784 4344/800
f 3939/784 3865/798 4207/795
f 3939/784 3913/799 3865/798
f 3779/796 4460/773 3683/782
f 3779/796 4389/126 4460/773
f 3779/796 4815/186 4389/126
f 3648/797 3082/801 3779/796
f 3779/796 3082/801 4815/186
f 3643/802 3729/733 3771/732
f 3643/802 3971/803 3729/733
f 3971/803 4171/804 3729/733
f 3729/733 4022/805 3736/806
f 4022/805 3730/789 3736/806
f 3971/803 3730/789 4171/804
f 4248/807 3730/789 4022/805
f 3729/733 4248/807 4022/805
f 4171/804 3730/789 4248/807
f 4171/804 4248/807 3729/733
f 3736/806 3967/808 3729/733
f 3967/808 4036/786 3729/733
f 3736/806 3730/789 3967/808
f 3967/808 3730/789 4036/786
f 4036/786 2887/785 3729/733
f 2887/785 3802/787 3729/733
f 3775/809 3773/810 3643/802
f 3643/802 3773/810 3667/811
f 3643/802 3667/811 3971/803
f 3667/811 3730/789 3971/803
f 4284/812 3775/809 4714/813
f 4284/812 3722/790 3775/809
f 3773/810 3730/789 3667/811
f 3722/790 3730/789 3773/810
f 3775/809 3722/790 3773/810
f 4156/754 4284/812 4714/813
f 3643/802 4714/813 3775/809
f 4284/812 3682/814 3722/790
f 3682/814 3698/791 3722/790
f 3682/814 3661/792 3698/791
f 4423/815 4344/793 4284/812
f 4284/812 4344/793 3682/814
f 4344/793 3661/792 3682/814
f 4156/754 4423/815 4284/812
f 4664/816 3643/802 3771/732
f 4664/816 4714/813 3643/802
f 4156/754 4714/813 4664/816
f 4405/758 4664/816 3771/732
f 4156/754 4664/816 4405/758
f 4156/754 4405/758 4640/757
f 4156/754 4640/757 4587/755
f 3948/817 4423/815 4156/754
f 3948/817 3907/818 4423/815
f 3658/819 4156/754 4457/820
f 3658/819 4457/820 3907/818
f 4423/815 3907/818 4344/793
f 3907/818 4457/820 4344/793
f 4457/821 4229/822 3126/823
f 3126/823 2985/824 4457/821
f 4457/821 2985/824 3081/825
f 3391/826 2985/824 3126/823
f 3391/826 3081/825 2985/824
f 3081/827 3233/828 4457/829
f 4457/829 3233/828 2908/830
f 4457/829 2908/830 4344/831
f 2908/830 3233/828 3081/827
f 3391/826 2908/832 3081/825
f 3948/817 4156/754 3658/819
f 3948/817 3658/819 3907/818
f 4156/833 4229/822 4457/821
f 3885/834 4229/822 4156/833
f 3975/835 3885/834 4156/833
f 3975/835 3446/836 3885/834
f 3885/834 3126/823 4229/822
f 3391/826 3126/823 3885/834
f 3446/836 3391/826 3885/834
f 2961/837 3909/763 3720/218
f 3759/838 3500/728 3610/729
f 3893/730 3500/728 3994/839
f 3994/839 3500/728 3759/838
f 2961/840 3720/841 3904/842
f 3893/730 3994/839 3823/843
f 3816/844 3909/763 2961/837
f 3823/843 3816/844 3893/730
f 3990/845 3816/844 2961/837
f 2961/840 3904/842 2877/846
f 2912/847 2961/840 2877/846
f 2912/847 2877/846 3904/842
f 2912/847 3904/842 3720/841
f 3860/848 3641/723 3893/730
f 3893/730 3816/844 3954/849
f 3632/850 3990/845 2961/837
f 3893/730 3954/849 3632/850
f 3954/849 3990/845 3632/850
f 3893/730 3632/850 2978/851
f 2984/852 3860/848 2978/851
f 3969/853 3893/730 2978/851
f 3860/848 3893/730 3969/853
f 2978/851 3860/848 3969/853
f 2978/851 3632/850 2961/837
f 2961/840 2912/847 3074/854
f 3909/763 3610/729 3319/766
f 3759/838 3610/729 3909/763
f 3994/839 3759/838 3909/763
f 3823/843 3994/839 3909/763
f 3823/843 3909/763 3816/844
f 3954/849 3816/844 3990/845
f 3702/211 3329/208 3909/763
f 3909/763 3329/208 3720/218
f 3882/731 3641/723 3860/848
f 3882/731 3860/848 3027/770
f 3027/770 3860/848 2984/852
f 2978/851 2961/837 2984/852
f 3027/855 2961/840 3074/854
f 3027/770 2984/852 2961/837
f 3730/772 3089/771 2830/856
f 3089/857 3027/855 3185/858
f 2853/859 3089/857 3185/858
f 3089/857 2853/859 2975/860
f 2853/859 3185/858 3577/861
f 2975/860 2853/859 3577/861
f 3089/857 2975/860 3001/862
f 3399/863 3001/862 2975/860
f 3399/863 2975/860 3577/861
f 2997/864 3001/862 3399/863
f 3089/857 3001/862 2997/864
f 3089/857 2997/864 3271/865
f 2993/866 3730/772 2830/856
f 2993/866 2830/856 3089/771
f 3271/865 2997/864 3399/863
f 3977/867 3399/863 3577/861
f 3709/868 3399/863 3977/867
f 3918/869 3399/863 3709/868
f 3089/857 3271/865 2907/870
f 3730/772 2993/866 2907/871
f 3089/771 2907/871 2993/866
f 3271/865 3399/863 3270/872
f 3924/873 3918/869 3709/868
f 2907/870 3271/865 3270/872
f 3270/872 3399/863 3813/874
f 3813/874 3399/863 3918/869
f 3074/854 2912/847 3027/855
f 3185/858 3027/855 4687/875
f 3577/861 3185/858 4687/875
f 3577/861 4687/875 4634/876
f 4634/876 4687/875 4552/877
f 4687/875 3027/855 4552/877
f 3977/867 3577/861 4634/876
f 3709/868 3977/867 4634/876
f 3924/873 3709/868 4634/876
f 3826/878 3648/797 3865/798
f 4552/877 3027/855 4634/876
f 4634/876 3027/855 4263/879
f 4824/880 4385/881 4398/882
f 3648/797 3826/878 3082/801
f 3826/878 3663/883 3082/801
f 4824/884 4526/885 4550/886
f 4824/884 4398/887 4526/885
f 4398/882 4385/881 4815/888
f 3082/801 3663/883 4815/186
f 3663/883 3940/889 4815/186
f 3826/878 3940/889 3663/883
f 4550/886 3940/889 3826/878
f 3940/889 4550/886 4815/186
f 4550/886 4526/885 4815/186
f 4526/885 4398/887 4815/186
f 4796/890 4638/370 4793/891
f 4654/892 4796/890 4803/893
f 4742/894 4796/890 4654/892
f 3720/213 4638/370 4706/895
f 4706/895 4638/370 4796/890
f 4706/895 4796/890 4742/894
f 3720/213 4706/895 4755/896
f 4806/897 4706/895 4742/894
f 4806/897 4742/894 4711/898
f 4706/895 4806/897 4711/898
f 4755/896 4706/895 4711/898
f 4380/899 4638/370 4468/377
f 4793/891 4380/899 4468/377
f 4793/891 4638/370 4380/899
f 4793/891 4468/377 4796/890
f 4803/893 4796/890 4468/377
f 4654/892 4803/893 4468/377
f 4742/894 4654/892 4711/898
f 4711/898 4654/892 4468/377
f 4266/900 4468/377 4815/222
f 4316/901 4468/377 4266/900
f 4316/901 4266/900 4815/222
f 4755/896 4711/898 4316/901
f 4711/898 4468/377 4316/901
f 3720/213 4755/896 4316/901
f 4083/902 3720/841 4316/903
f 4551/904 3720/841 4083/902
f 4751/905 4083/902 4316/903
f 4551/904 4083/902 4751/905
f 4490/906 4551/904 4751/905
f 4880/907 4887/908 4383/909
f 4884/910 3890/400 4867/410
f 4870/911 4884/910 4867/410
f 4886/912 4884/910 4870/911
f 4886/912 4870/911 4900/913
f 4900/913 4870/911 4896/914
f 4886/912 3890/400 4884/910
f 2987/915 3890/400 4886/912
f 4886/912 4900/913 4896/914
f 4886/912 4896/914 2987/915
f 3027/855 2912/847 4263/879
f 4124/916 4263/879 4799/917
f 4124/916 4799/917 4300/918
f 4124/916 4300/918 4709/919
f 4385/881 4300/918 4815/888
f 4300/918 4799/917 4815/888
f 4300/918 4385/881 4824/880
f 4709/919 4300/918 4824/880
f 2912/847 3720/841 4551/904
f 4263/879 2912/847 4551/904
f 4263/879 4551/904 4490/906
f 4356/920 4263/879 4124/916
f 4490/906 4751/905 4316/903
f 4880/907 3999/921 4106/922
f 4880/907 4106/922 4063/923
f 4880/907 4491/924 4148/925
f 4880/907 4576/926 4049/927
f 4880/907 4144/928 4075/929
f 4880/907 4075/929 3999/921
f 4569/930 4383/909 3235/931
f 4521/932 3235/931 4148/925
f 4521/932 4569/930 3235/931
f 4569/930 4421/933 4383/909
f 4880/907 4421/933 4569/930
f 4880/907 4569/930 4521/932
f 4421/933 4880/907 4383/909
f 4521/932 4148/925 4491/924
f 4880/907 4521/932 4491/924
f 4123/934 4148/925 4576/926
f 1206/935 4576/926 4148/925
f 4049/927 4576/926 1206/935
f 4144/928 4049/927 1206/935
f 4880/907 4049/927 4144/928
f 4880/907 4148/925 4123/934
f 4880/907 4123/934 4576/926
f 4075/929 4144/928 1206/935
f 3999/921 4075/929 1206/935
f 4106/922 3999/921 1206/935
f 4063/923 1206/935 4027/936
f 4063/923 4106/922 1206/935
f 4490/906 4316/903 4799/917
f 4263/879 4490/906 4799/917
f 4799/917 4316/903 4815/888
f 3090/937 3264/938 2923/939
f 3105/940 2907/870 3270/872
f 3729/733 3802/787 4009/734
f 2826/941 4009/942 3802/943
f 3270/872 3718/944 3105/940
f 3270/872 3813/874 3718/944
f 3718/944 3813/874 3467/945
f 3585/946 3105/940 3718/944
f 3585/946 2907/870 3105/940
f 3585/946 3718/944 3467/945
f 2923/939 3264/938 3274/947
f 3274/947 3264/938 3935/948
f 2930/949 3345/950 3264/938
f 3470/951 2907/952 3585/953
f 3470/951 3585/953 3467/954
f 3470/951 3467/954 3656/955
f 3845/956 4009/942 2826/941
f 2930/949 3264/938 3090/937
f 3100/957 2930/949 3090/937
f 2898/958 2930/949 3100/957
f 3802/943 2846/959 2826/941
f 2898/958 2846/959 2930/949
f 3771/960 3845/956 4015/961
f 3845/956 2826/941 4015/961
f 3771/960 4015/961 2891/962
f 2895/963 3771/960 2891/962
f 3090/937 2923/939 3274/947
f 3401/964 3090/937 3274/947
f 3263/965 2891/962 2898/958
f 2891/962 4015/961 2826/941
f 2898/958 2891/962 2826/941
f 3090/937 3401/964 3398/966
f 2895/963 2891/962 3263/965
f 3166/967 3263/965 2898/958
f 3771/960 4009/942 3845/956
f 2826/941 2846/959 2898/958
f 2898/958 3100/957 3381/968
f 3381/968 3100/957 3090/937
f 3166/967 2898/958 3381/968
f 3345/950 3935/948 3264/938
f 3656/955 3935/948 3345/950
f 3274/947 3935/948 3398/966
f 3398/966 3935/948 4678/969
f 3935/970 4409/971 4657/972
f 3455/973 3090/937 3398/966
f 3381/968 3090/937 3455/973
f 3401/964 3274/947 3398/966
f 3771/960 2859/974 2902/975
f 2902/975 2859/974 3092/976
f 3363/977 3771/960 2902/975
f 3771/960 2895/963 2859/974
f 2859/974 2895/963 3175/978
f 3175/978 2895/963 3263/965
f 3092/976 2859/974 3175/978
f 3092/976 3175/978 3958/979
f 3363/977 2902/975 3092/976
f 3166/967 3381/968 3263/965
f 3263/965 3381/968 3958/979
f 3263/965 3958/979 3175/978
f 3958/979 3381/968 3455/973
f 3157/980 3363/977 3092/976
f 3394/981 3363/977 3157/980
f 3394/981 3157/980 3309/982
f 3394/981 3309/982 3804/983
f 3157/980 3092/976 3958/979
f 3309/982 3157/980 3804/983
f 3157/980 3958/979 3804/983
f 3455/973 3398/966 4672/984
f 3958/979 3455/973 4672/984
f 3958/979 4672/984 3804/983
f 4399/985 3804/983 4672/984
f 3467/945 3813/874 3918/869
f 3706/986 3467/945 3918/869
f 3656/987 3918/869 3924/873
f 3706/986 3918/869 3656/987
f 3656/955 3467/954 3706/988
f 3656/987 3924/873 4634/876
f 3935/989 3656/987 4409/971
f 3656/987 4634/876 4409/971
f 4409/971 4634/876 4657/972
f 4657/972 4634/876 4263/879
f 3913/799 3826/878 3865/798
f 3913/799 4550/886 3826/878
f 4824/884 4550/886 3913/799
f 2846/959 3802/943 2930/949
f 3345/950 2907/952 3470/951
f 2930/949 2907/952 3345/950
f 3345/950 3470/951 3656/955
f 3802/943 2907/952 2930/949
f 4036/786 3730/789 3802/787
f 3802/943 3730/990 2907/952
f 2908/832 3391/826 3446/836
f 3975/835 2908/832 3446/836
f 3975/835 3202/991 2908/832
f 4344/800 4824/884 3913/799
f 2908/830 4819/992 4344/831
f 4819/992 4824/880 4344/831
f 4655/993 4819/992 2908/830
f 4809/994 4819/992 4655/993
f 3398/966 4678/969 2851/995
f 4689/996 3398/966 2851/995
f 4678/997 3935/970 4657/972
f 4880/907 4063/923 3837/998
f 4880/907 3837/998 4889/999
f 4889/999 3837/998 4027/936
f 4889/999 4027/936 4136/1000
f 4889/999 4136/1000 4222/1001
f 3837/998 4063/923 4027/936
f 1206/935 4136/1000 4027/936
f 4222/1001 4136/1000 1206/935
f 4850/1002 4880/907 4889/999
f 16/1003 4880/907 4850/1002
f 1205/1004 4222/1001 1206/935
f 4877/1005 4889/999 4222/1001
f 4865/1006 4222/1007 1205/1008
f 3257/1009 4678/969 3136/1010
f 3337/1011 4678/969 3257/1009
f 3337/1011 3257/1009 3517/1012
f 3136/1010 3619/1013 3257/1009
f 3619/1013 3136/1010 4848/1014
f 3257/1009 3619/1013 3725/1015
f 3725/1015 3619/1013 4848/1014
f 3257/1009 3725/1015 3346/1016
f 3517/1012 3257/1009 3346/1016
f 3346/1016 3725/1015 4848/1014
f 3479/1017 4222/1007 4865/1006
f 4692/1018 4263/879 4833/1019
f 4657/972 4263/879 4692/1018
f 4833/1019 4263/879 4802/1020
f 4802/1020 4657/972 4833/1019
f 4692/1018 4833/1019 4657/972
f 4802/1020 4263/879 4064/1021
f 4064/1021 4657/972 4802/1020
f 4657/972 4205/1022 4678/997
f 3136/1023 4678/997 4205/1022
f 4064/1021 4263/879 4205/1022
f 4205/1022 4263/879 4356/920
f 4205/1022 4657/972 4064/1021
f 4709/919 4356/920 4124/916
f 4824/880 4356/920 4709/919
f 4205/1022 4356/920 4824/880
f 4671/1024 4205/1022 4824/880
f 3136/1023 4205/1022 4671/1024
f 4671/1024 4845/1025 3136/1023
f 4671/1024 4824/880 4577/1026
f 4819/992 4577/1026 4824/880
f 4845/1025 4671/1024 4819/992
f 4819/992 4671/1024 4577/1026
f 3136/1023 4845/1025 3549/1027
f 3201/1028 3549/1027 4779/1029
f 3136/1023 3549/1027 3201/1028
f 2908/830 3136/1023 3201/1028
f 4737/1030 4845/1025 4809/994
f 3549/1027 4845/1025 4737/1030
f 4819/992 4809/994 4845/1025
f 4737/1030 4809/994 4655/993
f 4655/993 4779/1029 4737/1030
f 2908/830 4779/1029 4655/993
f 4779/1029 3549/1027 4737/1030
f 3201/1028 4779/1029 2908/830
f 3436/1031 3136/1032 2908/832
f 4736/1033 3436/1031 2908/832
f 4736/1033 3054/1034 3436/1031
f 4870/911 2001/402 2334/515
f 4870/911 4898/403 2001/402
f 2909/1035 2334/515 2332/1036
f 2334/515 2526/513 2591/518
f 2150/1037 2334/515 2591/518
f 2091/1038 2148/1039 2630/1040
f 2079/1041 2591/518 2041/1042
f 2591/518 2038/1043 2041/1042
f 2079/1041 2041/1042 2038/1043
f 2079/1041 2038/1043 2148/1039
f 2148/1039 2591/518 2079/1041
f 2150/1037 2591/518 2148/1039
f 2332/1036 2334/515 2150/1037
f 2150/1037 2148/1039 2091/1038
f 2150/1037 2091/1038 2115/1044
f 2632/1045 2401/1046 2420/1047
f 2632/1045 2332/1036 2401/1046
f 2420/1047 2401/1046 2106/1048
f 2106/1048 2401/1046 2061/1049
f 2401/1046 2332/1036 2150/1037
f 2214/1050 2115/1044 2091/1038
f 2077/1051 2150/1037 2214/1050
f 2401/1046 2053/1052 2061/1049
f 2401/1046 2150/1037 2077/1051
f 2106/1048 2061/1049 2273/1053
f 2401/1046 2077/1051 2064/1054
f 2401/1046 2064/1054 2053/1052
f 2428/1055 2909/1035 2332/1036
f 2475/1056 2909/1035 2428/1055
f 2150/1037 2115/1044 2214/1050
f 2332/1036 2632/1045 2420/1047
f 2091/1038 2630/1040 2015/1057
f 2015/1057 2630/1040 2582/1058
f 2748/1059 2582/1058 2630/1040
f 2748/1059 2015/1057 2582/1058
f 2659/1060 2543/1061 2630/1040
f 2659/1060 2324/1062 2543/1061
f 2748/1059 2630/1040 2543/1061
f 2748/1059 2543/1061 2324/1062
f 2591/518 2534/519 2038/1043
f 2038/1043 2534/519 2659/1060
f 2659/1060 2534/519 2535/525
f 2659/1060 2535/525 2781/524
f 2659/1060 2781/524 2324/1062
f 2148/1039 2659/1060 2630/1040
f 2148/1039 2038/1043 2659/1060
f 2324/1062 2521/1063 2520/1064
f 2056/1065 2324/1062 2520/1064
f 2748/1059 2091/1038 2015/1057
f 2035/1066 2324/1062 2056/1065
f 2748/1059 2324/1062 2035/1066
f 2443/1067 2748/1059 2035/1066
f 2091/1038 2748/1059 2350/1068
f 2324/1062 2781/524 602/1069
f 602/1069 2781/524 1812/526
f 2324/1062 602/1069 2521/1063
f 2520/1064 2521/1063 602/1069
f 2056/1065 2520/1064 602/1069
f 2035/1066 2056/1065 1998/1070
f 2035/1066 1998/1070 2103/1071
f 2056/1065 602/1069 2103/1071
f 1998/1070 2056/1065 2103/1071
f 2214/1050 2091/1038 2350/1068
f 2350/1068 2748/1059 2388/1072
f 2388/1072 2748/1059 2443/1067
f 2077/1051 2214/1050 2738/1073
f 2350/1068 2738/1073 2214/1050
f 2350/1068 2388/1072 2738/1073
f 2738/1073 2388/1072 2331/1074
f 2077/1051 2738/1073 2413/1075
f 2077/1051 2413/1075 2619/1076
f 2388/1072 2443/1067 2331/1074
f 2331/1074 2443/1067 2753/1077
f 2753/1077 2443/1067 2035/1066
f 2753/1077 2035/1066 2404/1078
f 2331/1074 2753/1077 2404/1078
f 2413/1075 2738/1073 2331/1074
f 2349/1079 2331/1074 2404/1078
f 2349/1079 2404/1078 602/1069
f 2413/1075 2331/1074 2349/1079
f 2061/1049 2053/1052 2273/1053
f 2273/1053 2053/1052 2062/1080
f 2062/1080 2053/1052 2515/1081
f 2515/1081 2053/1052 2496/1082
f 2064/1054 2496/1082 2053/1052
f 2064/1054 2077/1051 2496/1082
f 2496/1082 2077/1051 2619/1076
f 2619/1076 2413/1075 2349/1079
f 2496/1082 2619/1076 2515/1081
f 2515/1081 2619/1076 2692/1083
f 2619/1076 2349/1079 2692/1083
f 2692/1083 2349/1079 602/1069
f 1982/1084 2692/1083 602/1069
f 602/1069 616/1085 1982/1084
f 2404/1078 2035/1066 602/1069
f 2035/1066 2103/1071 602/1069
f 616/1085 602/1069 655/1086
f 1206/935 2771/1087 2106/1048
f 2771/1087 2420/1047 2106/1048
f 2475/1056 2428/1055 2420/1047
f 2420/1047 2428/1055 2332/1036
f 2771/1087 2799/1088 2420/1047
f 2799/1088 2730/1089 2420/1047
f 2730/1089 2475/1056 2420/1047
f 2730/1089 2909/1035 2475/1056
f 2799/1088 2909/1035 2730/1089
f 2771/1087 2909/1035 2799/1088
f 3235/931 2909/1035 2771/1087
f 3172/1090 2909/1035 3235/931
f 1206/935 3235/931 2771/1087
f 4148/925 3235/931 1206/935
f 2675/1091 2273/1053 2515/1081
f 2273/1053 2062/1080 2515/1081
f 2106/1048 2273/1053 2304/1092
f 2304/1092 2273/1053 2675/1091
f 2304/1092 2675/1091 2694/1093
f 2694/1093 2675/1091 2128/1094
f 2668/1095 2694/1093 2128/1094
f 2675/1091 2515/1081 1982/1084
f 2515/1081 2692/1083 1982/1084
f 2224/1096 2675/1091 624/1097
f 2128/1094 2675/1091 2224/1096
f 4867/410 4898/403 4870/911
f 4870/911 3116/1098 11/1099
f 4870/911 2334/515 3116/1098
f 3116/1098 2334/515 2909/1035
f 11/1099 3116/1098 2865/1100
f 2865/1100 3135/1101 11/1099
f 3116/1098 2909/1035 2865/1100
f 762/1102 4870/911 11/1099
f 4896/914 4870/911 762/1102
f 762/1102 11/1099 3135/1101
f 2865/1100 2909/1035 2896/1103
f 2865/1100 2896/1103 3135/1101
f 762/1102 3135/1101 4896/914
f 23/1104 2987/915 4896/914
f 23/1104 4896/914 3316/1105
f 3316/1105 4896/914 3135/1101
f 3261/1106 2909/1035 3058/1107
f 3261/1106 2896/1103 2909/1035
f 2828/1108 2896/1103 3261/1106
f 2828/1108 3135/1101 2896/1103
f 4852/1109 2987/915 23/1104
f 3316/1105 3135/1101 2828/1108
f 23/1104 3316/1105 4852/1109
f 3339/1110 4852/1109 3316/1105
f 3339/1110 3316/1105 3058/1107
f 3316/1105 2828/1108 3261/1106
f 3058/1107 3316/1105 3261/1106
f 3365/1111 2987/915 4852/1109
f 3365/1111 4852/1109 3339/1110
f 3365/1111 3339/1110 3058/1107
f 4863/1112 2060/1113 3058/1107
f 2060/1113 3365/1111 3058/1107
f 2987/915 3141/412 3890/400
f 2987/915 2921/450 3141/412
f 525/451 2921/450 2987/915
f 2776/1114 525/451 2987/915
f 2776/1114 2987/915 3365/1111
f 3365/1111 2060/1113 2776/1114
f 2778/1115 525/451 2776/1114
f 2778/1115 2384/1116 525/451
f 3172/1090 3058/1107 2909/1035
f 4863/1112 3058/1107 3172/1090
f 4880/907 4863/1112 4887/908
f 4887/908 4863/1112 3172/1090
f 4383/909 3172/1090 3235/931
f 4383/909 4887/908 3172/1090
f 4863/1112 2457/1117 2060/1113
f 4880/907 2457/1117 4863/1112
f 2457/1117 2776/1114 2060/1113
f 2153/1118 2776/1114 2457/1117
f 2833/1119 2457/1117 4880/907
f 2309/1120 2311/1121 2366/1122
f 2309/1120 2366/1122 2457/1117
f 2366/1122 2051/1123 2457/1117
f 2366/1122 2752/1124 2051/1123
f 2309/1120 2804/1125 2311/1121
f 2655/1126 2804/1125 2309/1120
f 2337/1127 2752/1124 2804/1125
f 2655/1126 2666/1128 2804/1125
f 2804/1125 2366/1122 2311/1121
f 2804/1125 2752/1124 2366/1122
f 2337/1127 2377/1129 2752/1124
f 2804/1125 2666/1128 2337/1127
f 2337/1127 2666/1128 2655/1126
f 2752/1124 2377/1129 2181/1130
f 2181/1130 2377/1129 2337/1127
f 2051/1123 2153/1118 2457/1117
f 2752/1124 2181/1130 2051/1123
f 2093/1131 2051/1123 2337/1127
f 2051/1123 2181/1130 2337/1127
f 2316/1132 2153/1118 2051/1123
f 2374/1133 2309/1120 2457/1117
f 2374/1133 2457/1117 2367/1134
f 2367/1134 2457/1117 2833/1119
f 2833/1119 2386/1135 2367/1134
f 2316/1132 2386/1135 2833/1119
f 2751/1136 2655/1126 2309/1120
f 2487/1137 2655/1126 2751/1136
f 2487/1137 2337/1127 2655/1126
f 2487/1137 2093/1131 2337/1127
f 2374/1133 2487/1137 2309/1120
f 2309/1120 2487/1137 2751/1136
f 2374/1133 2386/1135 2487/1137
f 2367/1134 2386/1135 2374/1133
f 2316/1132 2051/1123 2093/1131
f 2386/1135 2093/1131 2487/1137
f 2316/1132 2093/1131 2386/1135
f 2153/1118 2778/1115 2776/1114
f 2153/1118 2384/1116 2778/1115
f 2153/1118 1711/1138 2384/1116
f 1206/935 2106/1048 1205/1004
f 1205/1004 2106/1048 2304/1092
f 2668/1095 2304/1092 2694/1093
f 2128/1094 2224/1096 2195/1139
f 2026/1140 2304/1092 2668/1095
f 2668/1095 2128/1094 2195/1139
f 2668/1095 2195/1139 2102/1141
f 2102/1141 2026/1140 2668/1095
f 1205/1004 2304/1092 2026/1140
f 2081/1142 2026/1140 2102/1141
f 2151/1143 2195/1139 2224/1096
f 2102/1141 2195/1139 2151/1143
f 2270/1144 1205/1004 2026/1140
f 2270/1144 2026/1140 2081/1142
f 2218/1145 1205/1004 2270/1144
f 2218/1145 2270/1144 2081/1142
f 2081/1142 2102/1141 2151/1143
f 2298/1146 2081/1142 2151/1143
f 2081/1142 1205/1004 2218/1145
f 2298/1146 2151/1143 2224/1096
f 2416/1147 2081/1142 2298/1146
f 2224/1096 2081/1142 2416/1147
f 2416/1147 2298/1146 2224/1096
f 1852/1148 2224/1096 624/1097
f 4855/1149 1205/1008 2723/1150
f 4865/1006 1205/1008 3079/1151
f 4855/1149 3079/1151 1205/1008
f 12/1152 4865/1006 3079/1151
f 12/1152 3479/1017 4865/1006
f 3479/1017 12/1152 3079/1151
f 2113/1153 2081/1154 2224/1155
f 2427/1156 2113/1153 2224/1155
f 1205/1008 2081/1154 2599/1157
f 2723/1150 1205/1008 2599/1157
f 2599/1157 2081/1154 2113/1153
f 2641/1158 2113/1153 2427/1156
f 2237/1159 2599/1157 2113/1153
f 2237/1159 2113/1153 2641/1158
f 2519/1160 2237/1159 2641/1158
f 2519/1160 2641/1158 2244/1161
f 2641/1158 2427/1156 2224/1155
f 2244/1161 2641/1158 2224/1155
f 2244/1161 2224/1155 2018/1162
f 2018/1162 2600/1163 2431/1164
f 2600/1163 2018/1162 2224/1155
f 2600/1163 2224/1155 2431/1164
f 2329/1165 2244/1161 2018/1162
f 2018/1162 2431/1164 2329/1165
f 2224/1166 1852/1167 1925/1168
f 2431/1169 2224/1166 1925/1168
f 2431/1169 1925/1168 598/1170
f 2431/1169 598/1170 2043/1171
f 4850/1002 3144/1172 16/1003
f 10/1173 4880/907 16/1003
f 16/1003 3144/1172 10/1173
f 3311/1174 4880/907 10/1173
f 3310/1175 3144/1172 4850/1002
f 2941/1176 3144/1172 3310/1175
f 2707/1177 3144/1172 2941/1176
f 3144/1172 2707/1177 10/1173
f 10/1173 2707/1177 3311/1174
f 3311/1174 2707/1177 3239/1178
f 3239/1178 4880/907 3311/1174
f 3239/1178 2833/1119 4880/907
f 2527/1179 2833/1119 2683/1180
f 2527/1179 2316/1132 2833/1119
f 4877/1005 4850/1002 4889/999
f 3310/1175 4850/1002 4877/1005
f 4222/1001 3310/1175 4877/1005
f 3639/1181 3310/1175 4222/1001
f 3410/1182 3639/1181 4222/1001
f 2970/1183 2707/1177 2941/1176
f 2970/1183 2941/1176 3155/1184
f 3410/1182 2941/1176 3310/1175
f 3155/1184 2941/1176 3410/1182
f 3410/1182 3310/1175 3639/1181
f 4856/1185 3410/1186 4222/1187
f 2736/1188 2626/1189 2624/1190
f 2589/1191 2729/1192 2626/1193
f 2589/1191 2626/1193 2665/1194
f 2626/1189 2729/1195 2624/1190
f 2769/1196 2729/1195 2589/1197
f 2665/1194 2626/1193 2736/1198
f 2736/1198 2589/1191 2665/1194
f 2736/1198 2769/1199 2589/1191
f 2970/1183 2648/1200 2707/1177
f 2595/1201 3239/1178 2707/1177
f 2648/1200 2595/1201 2707/1177
f 3168/1202 2648/1200 2970/1183
f 2648/1200 3168/1202 2624/1190
f 2585/1203 2595/1201 2228/1204
f 2833/1119 3239/1178 2595/1201
f 2683/1180 2833/1119 2595/1201
f 2640/1205 2683/1180 2595/1201
f 2640/1205 2595/1201 2585/1203
f 2527/1179 2683/1180 2640/1205
f 3168/1202 2970/1183 3155/1184
f 3192/1206 3168/1202 3155/1184
f 2624/1190 3168/1202 3192/1206
f 2729/1195 2648/1200 2624/1190
f 3192/1206 3155/1184 3410/1182
f 2736/1188 2624/1190 3192/1206
f 2201/1207 2648/1200 2729/1195
f 2201/1207 2729/1195 2769/1196
f 2228/1204 2648/1200 2201/1207
f 2527/1179 2640/1205 2540/1208
f 2201/1207 2585/1203 2228/1204
f 2540/1208 2640/1205 2585/1203
f 2661/1209 2585/1203 2670/1210
f 2585/1203 2201/1207 2670/1210
f 3057/1211 3192/1206 3410/1182
f 2736/1198 3192/1212 3057/1213
f 3057/1213 2670/1214 2736/1198
f 2736/1198 2670/1214 2769/1199
f 2586/1215 2769/1199 2670/1214
f 2499/1216 2201/1207 2769/1196
f 2499/1217 2769/1199 2586/1215
f 2499/1216 2670/1210 2201/1207
f 3057/1213 3410/1186 4856/1185
f 2586/1215 2670/1214 2499/1217
f 2661/1218 2670/1214 3057/1213
f 2540/1208 2585/1203 2661/1209
f 2661/1209 2527/1179 2540/1208
f 2262/1219 2527/1220 2661/1218
f 2228/1204 2595/1201 2648/1200
f 2153/1118 2316/1132 2527/1179
f 2163/1221 2527/1220 2262/1219
f 2163/1221 2563/1222 2527/1220
f 3785/1223 3224/664 3806/663
f 3806/663 4324/685 4372/1224
f 4372/1224 4324/685 4480/1225
f 3806/663 4372/1224 4496/1226
f 4372/1224 4480/1225 4496/1226
f 4480/1225 4324/685 4373/686
f 4480/1225 4373/686 4458/688
f 4496/1226 4480/1225 4529/1227
f 4371/1228 4496/1226 4529/1227
f 4529/1227 4480/1225 4458/688
f 4529/1227 4458/688 4579/1229
f 3806/663 4496/1226 4493/1230
f 4371/1228 4493/1230 4496/1226
f 3806/663 4493/1230 4518/1231
f 4371/1228 4529/1227 4579/1229
f 4518/1231 4493/1230 4371/1228
f 4518/1231 4371/1228 4579/1229
f 3806/663 4518/1231 4586/1232
f 4629/1233 4518/1231 4579/1229
f 4679/1234 4629/1233 4579/1229
f 4458/688 3951/736 4579/1229
f 4579/1229 3951/736 3226/1235
f 4586/1232 4518/1231 4629/1233
f 4629/1233 4679/1234 4586/1232
f 4195/1236 3806/663 4586/1232
f 3957/1237 4198/1238 4586/1232
f 4349/1239 4586/1232 4198/1238
f 4014/1240 4586/1232 4349/1239
f 3957/1237 4586/1232 4679/1234
f 4198/1238 4679/1234 4579/1229
f 3957/1237 4679/1234 4198/1238
f 4195/1236 4586/1232 4014/1240
f 4349/1239 4301/1241 4014/1240
f 4250/1242 3806/663 4195/1236
f 4250/1242 4195/1236 4014/1240
f 4051/1243 4198/1238 4579/1229
f 4349/1239 4198/1238 4051/1243
f 4301/1241 4349/1239 4051/1243
f 4051/1243 4014/1240 4301/1241
f 4348/1244 4014/1240 4051/1243
f 4120/1245 4250/1242 4014/1240
f 4051/1243 4579/1229 4668/1246
f 3785/1223 3806/663 4016/1247
f 4016/1247 3806/663 4216/1248
f 4299/1249 4120/1245 4014/1240
f 4299/1249 4014/1240 4580/1250
f 4014/1240 4348/1244 4580/1250
f 4580/1250 4348/1244 4051/1243
f 4250/1242 4120/1245 4108/1251
f 4108/1251 4120/1245 4299/1249
f 4216/1248 3806/663 4250/1242
f 4216/1248 4250/1242 4108/1251
f 4216/1248 4108/1251 4538/1252
f 4580/1250 4051/1243 4668/1246
f 4167/1253 4108/1251 4299/1249
f 4167/1253 4299/1249 4580/1250
f 4419/1254 4108/1251 4167/1253
f 4580/1250 4609/1255 4167/1253
f 4167/1253 4609/1255 4668/1246
f 4410/1256 4167/1253 4668/1246
f 4609/1255 4580/1250 4668/1246
f 4538/1252 4108/1251 4419/1254
f 4538/1252 4419/1254 4167/1253
f 2949/1257 4538/1252 4167/1253
f 4167/1253 4410/1256 2949/1257
f 2949/1257 4410/1256 4668/1246
f 2949/1257 4668/1246 3226/1235
f 3108/1258 2949/1257 3226/1235
f 4216/1248 4670/1259 4080/1260
f 4216/1248 4538/1252 4670/1259
f 4010/1261 4080/1260 4354/1262
f 4010/1261 4354/1262 4149/1263
f 4354/1262 4530/1264 4149/1263
f 3995/1265 4530/1266 4037/1267
f 4670/1259 4538/1252 2949/1257
f 4795/1268 4670/1259 2949/1257
f 2949/1257 3108/1258 4473/1269
f 4080/1260 4670/1259 4795/1268
f 4795/1268 2949/1257 4473/1269
f 4080/1260 4795/1268 4354/1262
f 4354/1262 4795/1268 4530/1264
f 4795/1268 4473/1269 4530/1264
f 4530/1264 4473/1269 4683/1270
f 3421/1271 3150/1272 3108/1258
f 4683/1273 2944/1274 4530/1266
f 4037/1267 4530/1266 4643/1275
f 4683/1270 4473/1269 2940/1276
f 2913/1277 4683/1270 2935/1278
f 4683/1273 2913/1279 2944/1274
f 4683/1270 2940/1276 2935/1278
f 4473/1269 3108/1258 3150/1272
f 4473/1269 3150/1272 2940/1276
f 3150/1272 3115/1280 2940/1276
f 3421/1271 3115/1280 3150/1272
f 2944/1281 2935/1278 2940/1276
f 2944/1281 2940/1276 3115/1280
f 2944/1274 3421/1282 4530/1266
f 2944/1281 3115/1280 3421/1271
f 2913/1277 2935/1278 2944/1281
f 4614/1283 4140/1284 3038/1285
f 4614/1283 3968/1286 4140/1284
f 4781/1287 4643/1275 3421/1282
f 3421/1282 3042/1288 4781/1287
f 4436/1289 4140/1284 3898/1290
f 4436/1289 4732/1291 4140/1284
f 4732/1291 3008/1292 4140/1284
f 4781/1287 3008/1292 4732/1291
f 4090/1293 4140/1284 3968/1286
f 3898/1290 4140/1284 4090/1293
f 4544/1294 3968/1286 4614/1283
f 3894/1295 4281/1296 3898/1290
f 3898/1290 4281/1296 4023/1297
f 4341/1298 4023/1297 4781/1287
f 4023/1297 4341/1298 3898/1290
f 3898/1290 4341/1298 4436/1289
f 4341/1298 4781/1287 4436/1289
f 4436/1289 4781/1287 4732/1291
f 4604/1299 3968/1286 4544/1294
f 3894/1295 3898/1290 4090/1293
f 3974/1300 3894/1295 4090/1293
f 3974/1300 4090/1293 3968/1286
f 3894/1295 3974/1300 4411/1301
f 3974/1300 3968/1286 4604/1299
f 4016/1247 4216/1248 4010/1261
f 3678/1302 3785/1303 3925/1304
f 3678/1302 3925/1304 3699/1305
f 3699/1305 3925/1304 4306/1306
f 3785/1223 4016/1247 3925/1307
f 3925/1307 4016/1247 4281/1308
f 4016/1247 4010/1261 4281/1308
f 4358/1309 4281/1296 3894/1295
f 3925/1304 4281/1296 4306/1306
f 4358/1309 3963/1310 4281/1296
f 4306/1306 3963/1310 4234/1311
f 4306/1306 4281/1296 3963/1310
f 3699/1305 4306/1306 4234/1311
f 3699/1305 4234/1311 3678/1302
f 3678/1302 4234/1311 3963/1310
f 3318/1312 3963/1310 4358/1309
f 4165/1313 4426/1314 4411/1301
f 3678/1315 3866/1316 3785/1317
f 3678/1302 3963/1310 4130/1318
f 4130/1318 3963/1310 3318/1312
f 4130/1318 3944/1319 3678/1302
f 4130/1318 3318/1312 3944/1319
f 3678/1302 3944/1319 4172/1320
f 4172/1320 3944/1319 3318/1312
f 3678/1315 4172/1321 3866/1316
f 4216/1248 4080/1260 4010/1261
f 4281/1296 4010/1322 4023/1297
f 4023/1297 4010/1322 4781/1287
f 4781/1287 4010/1322 4643/1275
f 4010/1322 4116/1323 4643/1275
f 4116/1323 4010/1322 4333/1324
f 4116/1323 4037/1267 4643/1275
f 3421/1282 4643/1275 4530/1266
f 4333/1324 4037/1267 4116/1323
f 4010/1322 3995/1265 4333/1324
f 3995/1265 4037/1267 4333/1324
f 4010/1261 4149/1263 4530/1264
f 4530/1266 3995/1265 4010/1322
f 4411/1301 4358/1309 3894/1295
f 4426/1314 4358/1309 4411/1301
f 4479/1325 4358/1309 4426/1314
f 4479/1325 3318/1312 4358/1309
f 3318/1326 3208/1327 4172/1328
f 3226/1235 3951/736 3320/738
f 3226/1235 3320/738 3508/751
f 3452/1329 3226/1235 3508/751
f 4668/1246 4579/1229 3226/1235
f 3108/1258 3226/1235 3584/1330
f 3584/1330 3226/1235 3379/1331
f 3379/1331 3226/1235 3336/1332
f 3299/1333 3379/1331 3478/1334
f 3379/1331 3336/1332 3478/1334
f 3478/1334 3336/1332 3230/1335
f 3336/1332 3452/1329 3230/1335
f 3226/1235 3452/1329 3336/1332
f 3456/1336 3379/1331 3299/1333
f 3299/1333 3478/1334 3456/1336
f 3550/1337 3379/1331 3456/1336
f 3550/1337 3584/1330 3379/1331
f 3550/1337 3456/1336 3230/1335
f 3456/1336 3478/1334 3230/1335
f 3584/1330 3550/1337 3603/1338
f 3603/1338 3230/1335 3584/1330
f 3603/1338 3550/1337 3230/1335
f 3515/1339 3230/1335 3452/1329
f 3515/1339 3452/1329 3508/751
f 2835/1340 3552/1341 3508/753
f 3111/1342 3508/753 3552/1341
f 3595/1343 3552/1341 2835/1340
f 2835/1340 3508/753 2919/1344
f 3110/1345 3421/1282 4140/1284
f 3110/1345 4140/1284 3008/1292
f 3008/1292 4781/1287 3042/1288
f 3008/1292 3042/1288 3110/1345
f 3110/1345 3042/1288 3421/1282
f 3421/1282 3038/1285 4140/1284
f 3421/1271 3108/1258 3584/1330
f 3187/1346 3421/1271 3584/1330
f 3584/1330 3230/1335 3187/1346
f 3187/1347 3038/1285 3421/1282
f 3230/1335 3515/1339 3187/1346
f 3515/1339 3508/751 3111/1348
f 3187/1346 3515/1339 3111/1348
f 3111/1342 3552/1341 3595/1343
f 3181/1349 3038/1350 3187/1351
f 3111/1352 3181/1349 3187/1351
f 4743/1353 3038/1350 3181/1349
f 4718/1354 4743/1353 3181/1349
f 3193/1355 3191/1356 3592/1357
f 3191/1356 3312/1358 3592/1357
f 3211/1359 3038/1360 3255/1361
f 3312/1358 2914/1362 3592/1357
f 2914/1362 3184/1363 3592/1357
f 3592/1357 3112/1364 3193/1355
f 3062/1365 4682/1366 3038/1360
f 3062/1365 3211/1359 3112/1364
f 3062/1365 3059/1367 3029/1368
f 3112/1364 3059/1367 3062/1365
f 3029/1368 3059/1367 3112/1364
f 2793/1369 3029/1368 3112/1364
f 2793/1369 3112/1364 3592/1357
f 2793/1369 3104/1370 3029/1368
f 3062/1365 3038/1360 3211/1359
f 3191/1356 3505/1371 3312/1358
f 3191/1356 3255/1361 3505/1371
f 3211/1359 3255/1361 3193/1355
f 3193/1355 3255/1361 3191/1356
f 3255/1361 3038/1360 3505/1371
f 3496/1372 2914/1362 3312/1358
f 3312/1358 3505/1371 3496/1372
f 3505/1371 3038/1360 2911/1373
f 3496/1372 3505/1371 2911/1373
f 3496/1372 2911/1373 2914/1362
f 2911/1373 3038/1360 3101/1374
f 2914/1362 2911/1373 3101/1374
f 3112/1364 3211/1359 3193/1355
f 3592/1357 3184/1363 3019/1375
f 3038/1360 3578/1376 3200/1377
f 3101/1374 3038/1360 3200/1377
f 3101/1374 3184/1363 2914/1362
f 3184/1363 3382/1378 3019/1375
f 3382/1378 3742/1379 3019/1375
f 3742/1379 3997/1380 3019/1375
f 3997/1380 3742/1379 4645/1381
f 3382/1378 4645/1381 3742/1379
f 4645/1382 3382/1383 3705/1384
f 3101/1374 3200/1377 3102/1385
f 3101/1374 3102/1385 3184/1363
f 3184/1363 3102/1385 3200/1377
f 3200/1377 3386/1386 2953/1387
f 2849/1388 3382/1378 3184/1363
f 3184/1363 3200/1377 2849/1388
f 2849/1388 3200/1377 2953/1387
f 2953/1387 3382/1378 2849/1388
f 3578/1376 3038/1360 3466/1389
f 3200/1377 3578/1376 3386/1386
f 2953/1387 3386/1386 3213/1390
f 3213/1390 3382/1378 2953/1387
f 3213/1390 3258/1391 3382/1378
f 3213/1390 3386/1386 3258/1391
f 3578/1376 3466/1389 3386/1386
f 3258/1391 3386/1386 3466/1389
f 3382/1378 3258/1391 3466/1389
f 3382/1378 3466/1389 3824/1392
f 4558/1393 4544/1294 4614/1283
f 4558/1393 4627/1394 4544/1294
f 4661/1395 4614/1283 3038/1285
f 4021/1396 4125/1397 4515/1398
f 4021/1396 4031/1399 3996/1400
f 4125/1397 4021/1396 3996/1400
f 4571/1401 4647/1402 4614/1283
f 4318/1403 4571/1401 4549/1404
f 4318/1403 4647/1402 4571/1401
f 4549/1404 4571/1401 4661/1395
f 4571/1401 4614/1283 4661/1395
f 4318/1403 3920/1405 4558/1393
f 4647/1402 4558/1393 4614/1283
f 4558/1393 4647/1402 4318/1403
f 4021/1396 4549/1404 4031/1399
f 4031/1399 4549/1404 4661/1395
f 4031/1399 4661/1395 3996/1400
f 4481/1406 4318/1403 4549/1404
f 4557/1407 4318/1403 4481/1406
f 4481/1406 4549/1404 4021/1396
f 4481/1406 4021/1396 4515/1398
f 4557/1407 3920/1405 4318/1403
f 4438/1408 3920/1405 4557/1407
f 3996/1400 4661/1395 3038/1285
f 3983/1409 3996/1400 3038/1285
f 4176/1410 3983/1409 3038/1285
f 3038/1285 4236/1411 4176/1410
f 4236/1411 3970/1412 4176/1410
f 4254/1413 4515/1398 3970/1412
f 4233/1414 3970/1412 4236/1411
f 4254/1413 3970/1412 4233/1414
f 4233/1414 4236/1411 3038/1285
f 4557/1407 4515/1398 4546/1415
f 4515/1398 4125/1397 4182/1416
f 4125/1397 3996/1400 3983/1409
f 4182/1416 4125/1397 3983/1409
f 4515/1398 3983/1409 3970/1412
f 4182/1416 3983/1409 4515/1398
f 3970/1412 3983/1409 4176/1410
f 4254/1413 4546/1415 4515/1398
f 4557/1407 4481/1406 4531/1417
f 4531/1417 4481/1406 4515/1398
f 4557/1407 4531/1417 4515/1398
f 4438/1408 4557/1407 4239/1418
f 4254/1413 4233/1414 4439/1419
f 4254/1413 4557/1407 4546/1415
f 4239/1418 4557/1407 4254/1413
f 3014/1420 4254/1421 2946/1422
f 4658/1423 4057/1424 3974/1300
f 4165/1313 3974/1300 4057/1424
f 3978/1425 4057/1424 4558/1393
f 4558/1393 4057/1424 4627/1394
f 4627/1394 4658/1423 4604/1299
f 4658/1423 3974/1300 4604/1299
f 4627/1394 4604/1299 4544/1294
f 3920/1405 3978/1425 4558/1393
f 4057/1424 4658/1423 4627/1394
f 4221/1426 4426/1314 4165/1313
f 4221/1426 4165/1313 4057/1424
f 4165/1313 4411/1301 3974/1300
f 4479/1325 4426/1314 4221/1426
f 4047/1427 4479/1325 4221/1426
f 4221/1426 4203/1428 4345/1429
f 3920/1405 4057/1424 3978/1425
f 3920/1405 4221/1426 4057/1424
f 4366/1430 4221/1426 3920/1405
f 4271/1431 4203/1428 4221/1426
f 4271/1431 4319/1432 4203/1428
f 4366/1430 4271/1431 4221/1426
f 4319/1432 4345/1429 4203/1428
f 4319/1432 4271/1431 4366/1430
f 4214/1433 4047/1427 4221/1426
f 4214/1433 4221/1426 4345/1429
f 4044/1434 4214/1433 4345/1429
f 4044/1434 4345/1429 4319/1432
f 4044/1434 4319/1432 4214/1433
f 4214/1433 4319/1432 4047/1427
f 4047/1427 3318/1312 4479/1325
f 4378/1435 4366/1430 3920/1405
f 4378/1435 4509/1436 4366/1430
f 4378/1435 4505/1437 4509/1436
f 4378/1435 4508/1438 4505/1437
f 4438/1408 4378/1435 3920/1405
f 4509/1436 4505/1437 4508/1438
f 4378/1435 4525/1439 4508/1438
f 4319/1432 4366/1430 4509/1436
f 4525/1439 4378/1435 4438/1408
f 4441/1440 4508/1438 4525/1439
f 4441/1440 4509/1436 4508/1438
f 4525/1439 4509/1436 4441/1440
f 4525/1439 4319/1432 4509/1436
f 4047/1427 4319/1432 4525/1439
f 4239/1418 4525/1439 4438/1408
f 4098/1441 4525/1439 4239/1418
f 4098/1441 4047/1427 4525/1439
f 4098/1441 3318/1312 4047/1427
f 4794/1442 4401/1443 3038/1360
f 4401/1443 4677/1444 3038/1360
f 4782/1445 4702/1446 4401/1443
f 4702/1446 4703/1447 4401/1443
f 4254/1421 4702/1446 4782/1445
f 2946/1422 4254/1421 4782/1445
f 4677/1444 4439/1448 3038/1360
f 4254/1421 4677/1444 4719/1449
f 4719/1449 4677/1444 4401/1443
f 4703/1447 4254/1421 4719/1449
f 4703/1447 4719/1449 4401/1443
f 4254/1421 4703/1447 4702/1446
f 4439/1419 4233/1414 3038/1285
f 4254/1421 4439/1448 4677/1444
f 4524/1450 4476/1451 4239/1452
f 4533/1453 4675/1454 4624/1455
f 4774/1456 4533/1457 4635/1458
f 4774/1459 4675/1454 4533/1453
f 4756/1460 4675/1454 4774/1459
f 4485/1461 4636/1462 4239/1452
f 4635/1463 4533/1453 4624/1455
f 4635/1463 2963/1464 4636/1465
f 4635/1463 4624/1455 4675/1454
f 4635/1463 4675/1454 4756/1460
f 4239/1466 4636/1465 4098/1467
f 4636/1465 2963/1464 4098/1467
f 4476/1451 4485/1461 4239/1452
f 4774/1456 4635/1458 4485/1461
f 4773/1468 4774/1456 4485/1461
f 4485/1461 4635/1458 4636/1462
f 4773/1468 4485/1461 4476/1451
f 4339/1469 4773/1468 4476/1451
f 4767/1470 4339/1469 4476/1451
f 4767/1470 4773/1468 4339/1469
f 4524/1450 4767/1470 4476/1451
f 2917/1471 3069/1472 4773/1468
f 3069/1472 4756/1473 4774/1456
f 4773/1468 3069/1472 4774/1456
f 4773/1468 4767/1470 4524/1450
f 2963/1464 4756/1460 3069/1474
f 2963/1464 4635/1463 4756/1460
f 2989/1475 2963/1476 3069/1477
f 2932/1478 2989/1475 3069/1477
f 2932/1478 2963/1476 2989/1475
f 3037/1479 2932/1478 3069/1477
f 4794/1442 3038/1360 4682/1366
f 3029/1368 4682/1366 3062/1365
f 2858/1480 4401/1443 4794/1442
f 2858/1480 2946/1422 4782/1445
f 2858/1480 4782/1445 4401/1443
f 2946/1422 2858/1480 4794/1442
f 4524/1450 4239/1452 4254/1481
f 2995/1482 2917/1471 4773/1468
f 2995/1482 4773/1468 4524/1450
f 3113/1483 3037/1479 3069/1477
f 3113/1483 3069/1477 2917/1484
f 3086/1485 3037/1479 3113/1483
f 3296/1486 2932/1478 3037/1479
f 3296/1486 3037/1479 3086/1485
f 3296/1486 3086/1485 3113/1483
f 3424/1487 4450/1488 2932/1478
f 3296/1486 3424/1487 2932/1478
f 4098/1489 2926/1490 3318/1491
f 2963/1476 2926/1490 4098/1489
f 4121/1492 4240/1493 2963/1476
f 2932/1478 4121/1492 2963/1476
f 4450/1488 4121/1492 2932/1478
f 3006/1494 4450/1488 3424/1487
f 3038/1360 3252/1495 3466/1389
f 3466/1389 3252/1495 3473/1496
f 3473/1496 3252/1495 3664/1497
f 3824/1392 3466/1389 3795/1498
f 3466/1389 3473/1496 3795/1498
f 3824/1499 3741/1500 4287/1501
f 3824/1392 3795/1498 3741/1502
f 3741/1502 3795/1498 3473/1496
f 3741/1502 3473/1496 3769/1503
f 4287/1501 3741/1500 3769/1504
f 3066/1505 3473/1496 3664/1497
f 4287/1501 3769/1504 4812/1506
f 3769/1503 3473/1496 3066/1505
f 3066/1507 2885/1508 3769/1504
f 2885/1508 3066/1507 3129/1509
f 4645/1381 3019/1375 3997/1380
f 3767/1510 3019/1511 4645/1512
f 3811/1513 3019/1511 3767/1510
f 3764/1514 3811/1513 3767/1510
f 3767/1510 3705/1515 3764/1514
f 3705/1515 3767/1510 4645/1512
f 3811/1513 4208/1516 3019/1511
f 3019/1511 4208/1516 3987/1517
f 3987/1517 4208/1516 3811/1513
f 3019/1511 2972/1518 4151/1519
f 3987/1517 2972/1518 3019/1511
f 3987/1517 3876/1520 2972/1518
f 3764/1514 3876/1520 3987/1517
f 3862/1521 3876/1520 3764/1514
f 2972/1518 3876/1520 3862/1521
f 3987/1517 3811/1513 3764/1514
f 3862/1521 3764/1514 3705/1515
f 3862/1521 3705/1515 4101/1522
f 4101/1522 3705/1515 4536/1523
f 4151/1524 2972/1525 3174/1526
f 3862/1521 3174/1527 2972/1518
f 4536/1523 3174/1527 3862/1521
f 3278/1528 3174/1527 4536/1523
f 4101/1522 4536/1523 3862/1521
f 4536/1523 3705/1515 3278/1528
f 3382/1383 4287/1501 3705/1384
f 3824/1499 4287/1501 3382/1383
f 3705/1384 4287/1501 4812/1506
f 3252/1495 2852/1529 3664/1497
f 3066/1507 3664/1530 3129/1509
f 3129/1509 4542/1531 3569/1532
f 3569/1532 4542/1531 4489/1533
f 3769/1504 2885/1508 4812/1506
f 3129/1509 3186/1534 2885/1508
f 3186/1534 3129/1509 3569/1532
f 3569/1532 4489/1533 3186/1534
f 3129/1509 3664/1530 4542/1531
f 4489/1533 3664/1530 4680/1535
f 3186/1534 4489/1533 2885/1508
f 4542/1531 3664/1530 4489/1533
f 4680/1535 3664/1530 4572/1536
f 3664/1530 4078/1537 4572/1536
f 2885/1508 4489/1533 4812/1506
f 4680/1535 4572/1536 4489/1533
f 4572/1536 4585/1538 4489/1533
f 3664/1530 3745/1539 3530/1540
f 3745/1539 2554/1541 3530/1540
f 3664/1530 4127/1542 4078/1537
f 4572/1536 4078/1537 4127/1542
f 4127/1542 3664/1530 3530/1540
f 4572/1536 4127/1542 3621/1543
f 3673/1544 3530/1540 2554/1541
f 4127/1542 3530/1540 3621/1543
f 3621/1543 3530/1540 3673/1544
f 3621/1543 3673/1544 2554/1541
f 3636/1545 2554/1541 4759/1546
f 4489/1533 2976/1547 4812/1506
f 1/1548 4812/1506 2976/1547
f 4489/1533 3494/1549 2976/1547
f 4572/1536 3621/1543 4585/1538
f 4489/1533 4585/1538 3494/1549
f 4585/1538 3538/1550 3494/1549
f 4585/1538 3621/1543 3538/1550
f 3494/1549 3621/1543 2554/1541
f 3538/1550 3621/1543 3494/1549
f 3494/1549 2554/1541 3636/1545
f 3494/1549 3636/1545 3680/1551
f 3494/1549 3680/1551 2976/1547
f 3680/1551 3636/1545 2976/1547
f 2976/1547 3636/1545 4759/1546
f 2976/1547 4759/1546 4674/1552
f 3705/1384 4812/1506 1/1548
f 2489/1553 2554/1554 2312/1555
f 2312/1555 2554/1554 2172/1556
f 2312/1555 1991/1557 2287/1558
f 2312/1555 2172/1556 1991/1557
f 2770/1559 2554/1554 2516/1560
f 2554/1554 2770/1559 2172/1556
f 2287/1558 2770/1559 2516/1560
f 2255/1561 2287/1558 2516/1560
f 2172/1556 2770/1559 2287/1558
f 1991/1557 2172/1556 2287/1558
f 2554/1554 766/1562 1865/1563
f 1865/1563 1990/1564 1993/1565
f 1992/1566 2554/1554 1881/1567
f 1993/1565 2554/1554 1992/1566
f 1881/1567 2554/1554 1865/1563
f 1992/1566 1881/1567 1865/1563
f 1993/1565 1992/1566 1865/1563
f 1886/1568 2554/1554 1993/1565
f 1886/1568 1993/1565 703/1569
f 1984/1570 2554/1554 1886/1568
f 1984/1570 1886/1568 703/1569
f 2554/1554 1984/1570 703/1569
f 756/1571 2554/1554 703/1569
f 1867/1572 2554/1554 756/1571
f 2516/1560 2554/1554 1867/1572
f 1867/1572 618/1573 2516/1560
f 1867/1572 756/1571 618/1573
f 756/1571 703/1569 593/1574
f 593/1574 703/1569 589/1575
f 618/1573 756/1571 680/1576
f 680/1576 756/1571 593/1574
f 680/1576 593/1574 512/1577
f 618/1573 680/1576 2516/1560
f 680/1576 512/1577 2516/1560
f 4674/1552 3949/1578 2976/1547
f 3949/1578 4674/1552 4759/1546
f 3949/1578 4470/1579 2976/1547
f 1/1548 2976/1547 18/1580
f 4470/1579 3016/1581 2976/1547
f 3949/1578 4759/1546 4470/1579
f 4470/1579 3868/1582 3016/1581
f 4470/1579 4759/1546 3868/1582
f 3868/1582 4759/1546 2554/1541
f 3868/1582 2554/1541 3841/1583
f 3332/1584 2554/1541 2622/1585
f 2587/1586 2622/1585 3016/1581
f 2587/1586 3332/1584 2622/1585
f 18/1580 2976/1547 3016/1581
f 3868/1582 3841/1583 3016/1581
f 3841/1583 2587/1586 3016/1581
f 18/1587 3016/1588 2456/1589
f 3016/1588 2287/1558 2456/1589
f 2456/1589 2287/1558 2255/1561
f 2622/1590 2554/1554 2335/1591
f 2335/1591 2287/1558 3016/1588
f 2335/1591 2089/1592 2287/1558
f 2335/1591 2554/1554 2000/1593
f 2335/1591 2000/1593 2089/1592
f 2287/1558 2004/1594 2489/1553
f 2000/1593 2554/1554 2489/1553
f 2000/1593 2489/1553 2089/1592
f 2089/1592 2489/1553 2004/1594
f 2089/1592 2004/1594 2287/1558
f 2651/1595 2312/1555 2287/1558
f 2489/1553 2651/1595 2287/1558
f 2651/1595 2489/1553 2312/1555
f 18/1587 2456/1589 2255/1561
f 3016/1588 2622/1590 2335/1591
f 745/1596 2255/1561 117/1597
f 1/1598 2745/1599 4459/1600
f 2376/1601 2017/1602 2637/1603
f 2376/1601 2745/1599 2017/1602
f 2485/1604 2802/1605 1983/1606
f 2485/1604 2598/1607 2802/1605
f 2637/1603 2017/1602 2573/1608
f 2485/1604 2637/1603 2598/1607
f 1983/1606 2802/1605 2598/1607
f 2598/1607 2435/1609 1983/1606
f 2435/1609 2135/1610 1983/1606
f 2435/1609 2249/1611 2135/1610
f 2435/1609 2268/1612 2249/1611
f 2573/1608 2017/1602 2268/1612
f 2598/1607 2637/1603 2435/1609
f 2637/1603 2268/1612 2435/1609
f 2637/1603 2573/1608 2268/1612
f 2745/1599 745/1613 2017/1602
f 1/1598 745/1613 2745/1599
f 1972/1614 641/1615 234/1616
f 603/1617 763/1618 1964/1619
f 666/1620 641/1615 603/1617
f 603/1617 1964/1619 666/1620
f 763/1618 603/1617 641/1615
f 666/1620 1964/1619 641/1615
f 1964/1619 651/1621 641/1615
f 2699/1622 745/1613 731/1623
f 2625/1624 2415/1625 1964/1626
f 2699/1622 731/1623 2017/1602
f 731/1623 2415/1625 2625/1624
f 2415/1625 731/1623 1964/1626
f 2071/1627 2135/1610 2249/1611
f 2268/1612 2071/1627 2249/1611
f 630/1628 2625/1624 2135/1610
f 630/1628 2135/1610 2071/1627
f 2135/1610 2625/1624 1964/1626
f 1999/1629 2017/1602 731/1623
f 1999/1629 731/1623 630/1628
f 630/1628 731/1623 2625/1624
f 2699/1622 2017/1602 745/1613
f 2268/1612 2017/1602 1999/1629
f 2071/1627 2268/1612 1999/1629
f 2071/1627 1999/1629 630/1628
f 1/1630 18/1587 2272/1631
f 18/1587 2143/1632 2272/1631
f 2272/1631 2143/1632 1/1630
f 1/1630 2143/1632 2645/1633
f 2645/1633 2143/1632 2255/1561
f 2645/1633 2255/1561 2528/1634
f 2528/1634 2255/1561 2422/1635
f 2422/1635 2645/1633 2528/1634
f 2645/1633 2422/1635 2382/1636
f 745/1596 2645/1633 2382/1636
f 1/1630 2645/1633 745/1596
f 2143/1632 18/1587 2255/1561
f 2422/1635 2255/1561 2382/1636
f 745/1596 2382/1636 2255/1561
f 3252/1495 3038/1360 4024/1637
f 3252/1495 4024/1637 2852/1529
f 4743/1353 4024/1638 3038/1350
f 4612/1639 4150/1640 4024/1641
f 4520/1642 4368/1643 2554/1644
f 4422/1645 4368/1643 4520/1642
f 4422/1645 4197/1646 4024/1641
f 4422/1645 4024/1641 4114/1647
f 4197/1646 4422/1645 4520/1642
f 4033/1648 4024/1641 4150/1640
f 4150/1640 4313/1649 4382/1650
f 4114/1647 4382/1650 4368/1643
f 4114/1647 4024/1641 4382/1650
f 4382/1650 4313/1649 4368/1643
f 4114/1647 4368/1643 4422/1645
f 4033/1648 4382/1650 4024/1641
f 4033/1648 4150/1640 4382/1650
f 3158/1651 4368/1643 4313/1649
f 4129/1652 3158/1651 4313/1649
f 4150/1640 4129/1652 4313/1649
f 4129/1652 4150/1640 4612/1639
f 4768/1653 4575/1654 3158/1651
f 4612/1639 4776/1655 4129/1652
f 4129/1652 4776/1655 3158/1651
f 4776/1655 4768/1653 3158/1651
f 4753/1656 4776/1655 4612/1639
f 4753/1656 4768/1653 4776/1655
f 4548/1657 4768/1653 4753/1656
f 4612/1639 4548/1657 4753/1656
f 4257/1658 4024/1637 4786/1659
f 4786/1660 4024/1641 4197/1646
f 4466/1661 4520/1642 2554/1644
f 4466/1661 4197/1646 4520/1642
f 4786/1660 4197/1646 4466/1661
f 4786/1660 4466/1661 2554/1644
f 4673/1662 4786/1663 2554/1541
f 3664/1497 2852/1529 4024/1637
f 3664/1497 4024/1637 4257/1658
f 4829/1664 4673/1662 2554/1541
f 4821/1665 4786/1659 4673/1666
f 4821/1667 4673/1662 4829/1664
f 4522/1668 4786/1659 4821/1665
f 4821/1667 4829/1664 2554/1541
f 4522/1669 4821/1667 2554/1541
f 4522/1668 4257/1658 4786/1659
f 4522/1669 2554/1541 2840/1670
f 4193/1671 3664/1497 4257/1658
f 4193/1671 4257/1658 4681/1672
f 4257/1658 4522/1668 4681/1672
f 4193/1671 4681/1672 3664/1497
f 4681/1673 4522/1669 2840/1670
f 3664/1530 4681/1673 2840/1670
f 3664/1530 2840/1670 3075/1674
f 3745/1539 3664/1530 3075/1674
f 3745/1539 3075/1674 2840/1670
f 3745/1539 2840/1670 2554/1541
f 2554/1644 4368/1643 2529/1675
f 4368/1643 2716/1676 2529/1675
f 698/1677 677/1678 704/1679
f 619/1680 677/1678 719/1681
f 629/1682 2529/1683 719/1681
f 751/1684 2529/1683 629/1682
f 629/1682 719/1681 677/1678
f 614/1685 2529/1686 492/1687
f 611/1688 704/1679 677/1678
f 686/1689 704/1679 611/1688
f 686/1689 614/1690 704/1679
f 611/1688 614/1690 686/1689
f 611/1688 2529/1683 614/1690
f 719/1681 2529/1683 611/1688
f 619/1680 719/1681 611/1688
f 619/1680 611/1688 677/1678
f 766/1562 2529/1683 708/1691
f 1962/1692 766/1562 708/1691
f 698/1677 704/1679 1990/1564
f 1962/1692 677/1678 698/1677
f 751/1684 746/1693 2529/1683
f 629/1682 677/1678 751/1684
f 746/1693 751/1684 677/1678
f 746/1693 677/1678 1962/1692
f 708/1691 2529/1683 746/1693
f 746/1693 1962/1692 708/1691
f 614/1685 492/1687 682/1694
f 2716/1695 492/1687 2529/1686
f 3841/1583 2554/1541 3332/1584
f 3841/1583 3332/1584 2587/1586
f 2554/1554 2529/1683 766/1562
f 728/1696 698/1677 1990/1564
f 698/1677 766/1562 1962/1692
f 766/1562 698/1677 728/1696
f 715/1697 766/1562 728/1696
f 715/1697 728/1696 1990/1564
f 1865/1563 766/1562 715/1697
f 1865/1563 715/1697 1990/1564
f 3034/675 3180/670 3224/671
f 3785/1223 3034/1698 3224/664
f 3866/1316 3034/1699 3785/1317
f 2960/706 2873/676 3034/675
f 3034/675 3076/709 2960/706
f 3031/1700 3118/1701 3034/675
f 3218/1702 3121/1703 3010/1704
f 3031/1700 3041/1705 3010/1704
f 3041/1705 3218/1702 3010/1704
f 3121/1703 3218/1702 3041/1705
f 3034/675 3118/1701 3076/709
f 3573/711 3076/709 3118/1701
f 3031/1700 3010/1704 3118/1701
f 3010/1704 3121/1703 3044/1706
f 3170/1707 3300/1708 3121/1703
f 3044/1706 3121/1703 3300/1708
f 3170/1707 3044/1706 3300/1708
f 3010/1704 3044/1706 3118/1701
f 3548/1709 3044/1706 3170/1707
f 3123/1710 2862/1711 3117/1712
f 2965/1713 3031/1700 3034/675
f 2965/1713 2962/1714 3031/1700
f 3866/1715 2965/1713 3034/675
f 3123/1710 2965/1713 3866/1715
f 2862/1711 3041/1705 2962/1714
f 2965/1713 2862/1711 2962/1714
f 3117/1712 2862/1711 2965/1713
f 3117/1712 2965/1713 3123/1710
f 2962/1714 3041/1705 3031/1700
f 3866/1715 3212/1716 3123/1710
f 3118/1701 4082/714 3573/711
f 3674/1717 3121/1703 3041/1705
f 3674/1717 3041/1705 2862/1711
f 3674/1717 3170/1707 3121/1703
f 3375/1718 3548/1709 3170/1707
f 3375/1718 3170/1707 3674/1717
f 3118/1701 4013/715 4082/714
f 3044/1706 4013/715 3118/1701
f 3123/1710 3674/1717 2862/1711
f 3652/1719 3674/1717 3123/1710
f 3652/1719 3375/1718 3674/1717
f 3212/1716 3652/1719 3123/1710
f 3212/1716 3444/1720 3652/1719
f 3444/1720 3375/1718 3652/1719
f 3596/1721 3548/1709 3375/1718
f 3444/1720 3596/1721 3375/1718
f 3527/1722 3596/1721 3444/1720
f 3527/1722 3444/1720 3212/1716
f 3527/1722 3548/1709 3596/1721
f 3527/1722 3044/1706 3548/1709
f 3889/1723 3044/1706 3527/1722
f 3866/1715 3527/1722 3212/1716
f 3889/1723 4013/715 3044/1706
f 3889/1723 4290/1724 4013/715
f 3594/1725 3527/1722 3866/1715
f 3866/1715 3403/1726 3594/1725
f 3403/1726 3692/1727 3594/1725
f 3594/1725 3792/1728 3527/1722
f 4132/1729 3692/1727 3403/1726
f 3866/1715 4132/1729 3403/1726
f 3594/1725 3988/1730 3792/1728
f 4184/1731 3527/1722 3792/1728
f 3792/1728 3988/1730 4184/1731
f 4179/1732 3889/1723 3527/1722
f 4184/1731 4179/1732 3527/1722
f 4133/1733 3889/1723 4179/1732
f 3988/1730 4591/1734 4184/1731
f 4065/1735 4591/1734 3988/1730
f 4065/1735 4103/1736 4591/1734
f 4184/1731 4309/1737 4179/1732
f 4184/1731 4591/1734 4309/1737
f 4133/1733 4179/1732 4309/1737
f 4591/1734 4393/1738 4309/1737
f 4133/1733 4309/1737 3889/1723
f 4309/1737 4393/1738 3889/1723
f 3594/1725 3692/1727 3988/1730
f 3692/1727 3629/1739 3988/1730
f 3629/1739 3692/1727 4132/1729
f 3866/1715 4105/1740 4132/1729
f 3629/1739 4065/1735 3988/1730
f 4065/1735 4160/1741 4103/1736
f 4160/1741 4065/1735 3629/1739
f 4160/1741 3629/1739 4132/1729
f 4232/1742 4160/1741 4132/1729
f 4132/1729 4030/1743 4232/1742
f 4132/1729 4105/1740 4030/1743
f 4500/1744 3889/1723 4393/1738
f 4103/1736 3930/1745 4591/1734
f 4040/1746 4591/1734 3930/1745
f 4591/1734 4500/1744 4393/1738
f 4303/1747 4290/1724 3889/1723
f 4500/1744 4303/1747 3889/1723
f 4500/1744 4591/1734 4303/1747
f 4303/1747 3941/1748 4290/1724
f 4642/1749 4591/1734 4040/1746
f 4160/1741 3930/1745 4103/1736
f 4160/1741 4040/1746 3930/1745
f 4160/1741 4267/1750 4040/1746
f 4267/1750 4189/1751 4040/1746
f 4267/1750 4160/1741 4232/1742
f 4262/1752 4431/1753 4030/1743
f 4232/1742 4431/1753 4440/1754
f 4105/1740 4262/1752 4030/1743
f 3842/1755 4262/1752 4105/1740
f 3842/1755 4431/1753 4262/1752
f 4030/1743 4431/1753 4232/1742
f 4232/1742 4440/1754 4267/1750
f 4440/1754 4189/1751 4267/1750
f 4440/1754 4062/1756 4189/1751
f 4431/1753 4360/1757 4440/1754
f 3842/1755 4360/1757 4431/1753
f 4440/1754 4360/1757 4307/1758
f 4440/1754 4307/1758 4062/1756
f 3842/1755 4105/1740 3866/1715
f 3982/1759 3842/1755 3866/1715
f 4478/1760 3982/1759 3866/1715
f 3982/1759 4651/1761 3842/1755
f 3842/1755 4651/1761 4322/1762
f 4322/1762 4360/1757 3842/1755
f 3982/1759 3879/1763 4651/1761
f 4187/1764 3879/1763 3982/1759
f 4350/1765 4187/1764 3982/1759
f 4187/1764 4070/1766 3879/1763
f 4070/1766 4651/1761 3879/1763
f 4478/1760 4589/1767 3982/1759
f 4367/1768 4297/1769 4478/1760
f 3982/1759 4589/1767 4350/1765
f 4297/1769 4589/1767 4478/1760
f 2881/1770 4804/1771 4720/1772
f 2881/1770 4720/1772 4740/1773
f 2881/1770 2827/1774 4804/1771
f 2806/752 2827/1774 2881/1770
f 2986/1775 2806/752 2881/1770
f 4467/748 4013/715 4290/1724
f 4665/1776 4413/750 4734/749
f 4413/750 2806/752 4707/747
f 4665/1776 4734/749 3199/1777
f 3199/1777 4734/749 4467/748
f 4464/1778 3199/1777 4467/748
f 2827/1774 4413/750 4665/1776
f 4464/1778 4467/748 4290/1724
f 4720/1772 4691/1779 4697/1780
f 4699/1781 4697/1780 4464/1778
f 4720/1772 4697/1780 4699/1781
f 4464/1778 4720/1772 4699/1781
f 4740/1773 4720/1772 4646/1782
f 4646/1782 4720/1772 4464/1778
f 4804/1771 2827/1774 4665/1776
f 2951/1783 4665/1776 3199/1777
f 4691/1779 4665/1776 4697/1780
f 4691/1779 4804/1771 4665/1776
f 4464/1778 4665/1776 2951/1783
f 2951/1783 3199/1777 4464/1778
f 4804/1771 4691/1779 4720/1772
f 4464/1778 4697/1780 4665/1776
f 2806/752 4413/750 2827/1774
f 4290/1724 4646/1782 4464/1778
f 4740/1773 4646/1782 4290/1724
f 4740/1773 4290/1724 2881/1770
f 3052/1784 2881/1770 4290/1724
f 4591/1734 4710/1785 4303/1747
f 4710/1785 3941/1748 4303/1747
f 2850/1786 4290/1724 3941/1748
f 3941/1748 4710/1785 2850/1786
f 2936/1787 4290/1724 2850/1786
f 4710/1785 4535/1788 2850/1786
f 4642/1749 4535/1788 4710/1785
f 4535/1788 2936/1787 2825/1789
f 2825/1789 2936/1787 2850/1786
f 4535/1788 2825/1789 2850/1786
f 3052/1784 2986/1775 2881/1770
f 3052/1784 2806/752 2986/1775
f 2806/752 3052/1784 4290/1724
f 2936/1787 2806/752 4290/1724
f 2936/1787 4535/1788 4642/1749
f 3409/1790 2806/752 2936/1787
f 4642/1749 4710/1785 4591/1734
f 4040/1746 4189/1751 4642/1749
f 4189/1751 4294/1791 4642/1749
f 3934/1792 4189/1751 4062/1756
f 4307/1758 4059/1793 3934/1792
f 3934/1792 4294/1791 4189/1751
f 4059/1793 3409/1790 3934/1792
f 3409/1790 4294/1791 3934/1792
f 4360/1757 3409/1790 4307/1758
f 4062/1756 4307/1758 3934/1792
f 4307/1758 3409/1790 4059/1793
f 4187/1764 4425/1794 4651/1761
f 4322/1762 4651/1761 4360/1757
f 3030/1795 2980/1796 4651/1761
f 4425/1794 3030/1795 4651/1761
f 4721/1797 3030/1795 4425/1794
f 4294/1791 2936/1787 4642/1749
f 4294/1791 3409/1790 2936/1787
f 2973/1798 4360/1757 3133/1799
f 4651/1761 3133/1799 4360/1757
f 4651/1761 2968/1800 3133/1799
f 3133/1799 2968/1800 2973/1798
f 4651/1761 2980/1796 2973/1798
f 4651/1761 2973/1798 2968/1800
f 2973/1798 2980/1796 3409/1790
f 2973/1798 3409/1790 4360/1757
f 3321/1801 3409/1790 2980/1796
f 3073/1802 3321/1801 2980/1796
f 4070/1766 4187/1764 4651/1761
f 4350/1765 4721/1797 4187/1764
f 4721/1797 4425/1794 4187/1764
f 4721/1797 4696/1803 2813/1804
f 4134/1805 4350/1765 4589/1767
f 4297/1769 3892/1806 4350/1765
f 4297/1769 4350/1765 4134/1805
f 4297/1769 4134/1805 4589/1767
f 4350/1765 3892/1806 4696/1803
f 4350/1765 4696/1803 4721/1797
f 4519/1807 4784/1808 4696/1803
f 4519/1807 4696/1803 3892/1806
f 4519/1807 3892/1806 4297/1769
f 3073/1802 3030/1795 4721/1797
f 3073/1802 2980/1796 3030/1795
f 2899/1809 3262/1810 3073/1802
f 3262/1810 2899/1809 3321/1801
f 4696/1803 3073/1802 2813/1804
f 2813/1804 3073/1802 4721/1797
f 4784/1808 2899/1809 4696/1803
f 4696/1803 2899/1809 3073/1802
f 3321/1801 2899/1809 4784/1808
f 3262/1810 3321/1801 3073/1802
f 3321/1801 4784/1808 4519/1807
f 3562/1811 3508/753 2806/752
f 2806/752 3409/1790 3321/1801
f 3489/1812 2835/1340 3562/1811
f 3562/1811 3321/1801 3203/1813
f 3562/1811 2806/752 3321/1801
f 4519/1807 3203/1813 3321/1801
f 3562/1811 2919/1344 3508/753
f 3595/1343 2835/1340 3489/1812
f 2835/1340 2919/1344 3562/1811
f 4367/1768 4478/1760 3866/1715
f 4172/1328 4096/1814 3866/1715
f 4096/1814 4367/1768 3866/1715
f 4096/1814 4541/1815 4367/1768
f 4096/1814 4172/1328 4541/1815
f 4541/1815 4787/1816 4367/1768
f 4519/1807 4297/1769 4367/1768
f 4172/1328 3208/1327 4541/1815
f 4787/1816 4519/1807 4367/1768
f 4787/1816 2848/1817 4519/1807
f 4541/1815 2848/1817 4787/1816
f 4541/1815 3208/1327 2848/1817
f 2848/1817 3203/1813 4519/1807
f 2848/1817 3208/1327 3203/1813
f 3318/1326 3295/1818 3208/1327
f 3111/1342 3562/1811 3295/1818
f 3295/1818 3562/1811 3208/1327
f 3208/1327 3562/1811 3203/1813
f 3318/1326 3111/1342 3295/1818
f 3595/1343 3489/1812 3562/1811
f 3111/1342 3595/1343 3562/1811
f 4296/1819 3111/1352 3318/1491
f 2926/1490 2928/1820 3318/1491
f 2928/1820 2926/1490 2963/1476
f 4240/1493 2928/1820 2963/1476
f 3181/1349 3111/1352 4718/1354
f 4449/1821 4743/1353 4718/1354
f 4296/1819 4718/1354 3111/1352
f 4296/1819 4766/1822 4718/1354
f 4449/1821 4718/1354 4766/1822
f 4791/1823 4296/1819 3318/1491
f 4269/1824 4791/1823 3318/1491
f 4269/1824 4240/1493 4791/1823
f 2928/1820 4269/1824 3318/1491
f 4240/1493 4269/1824 2928/1820
f 4067/1825 4450/1488 3006/1494
f 4514/1826 4785/1827 4121/1492
f 4450/1488 4514/1826 4121/1492
f 4785/1827 4514/1826 4450/1488
f 4450/1488 4488/1828 4785/1827
f 4067/1825 4488/1828 4450/1488
f 4548/1657 4612/1639 4024/1641
f 4532/1829 4545/1830 3210/1831
f 3950/1832 4000/1833 4532/1834
f 3372/1835 3462/1836 3453/1837
f 3453/1838 3774/1839 3771/1840
f 3453/1838 3771/1840 3363/1841
f 3453/1837 3363/977 3372/1835
f 3372/1835 3363/977 3462/1836
f 3453/1837 3462/1836 4501/1842
f 3665/1843 3774/1839 3453/1838
f 3665/1843 3453/1838 4201/1844
f 3453/1838 3607/1845 4201/1844
f 3607/1845 3900/1846 3952/1847
f 3950/1832 3952/1847 3900/1846
f 3453/1838 3900/1846 3607/1845
f 3900/1846 3453/1838 3650/1848
f 3650/1848 3809/1849 3900/1846
f 4000/1833 3900/1846 3809/1849
f 3650/1848 3342/1850 3809/1849
f 3950/1832 3900/1846 4000/1833
f 3650/1848 3453/1838 3342/1850
f 3342/1850 3796/1851 3809/1849
f 4000/1852 3809/1853 3796/1854
f 4000/1852 3796/1854 4011/1855
f 3453/1838 3796/1851 3342/1850
f 4011/1855 3796/1854 4511/1856
f 3077/1857 2988/1858 3583/1859
f 3583/1859 3210/1831 3077/1857
f 2988/1858 4548/1657 4024/1641
f 3666/1860 4548/1657 2988/1858
f 3666/1860 3210/1831 4548/1657
f 2988/1858 3077/1857 3666/1860
f 3077/1857 3210/1831 3666/1860
f 4532/1834 3210/1861 3567/1862
f 3335/1863 4532/1834 3567/1862
f 3335/1863 3950/1832 4532/1834
f 4532/1864 4000/1852 4011/1855
f 3598/1865 3363/977 3394/981
f 3598/1865 3394/981 3804/983
f 3651/1866 3363/977 3598/1865
f 4399/985 4672/984 4369/1867
f 4501/1842 4573/1868 4399/985
f 4573/1868 3804/983 4399/985
f 3651/1866 3598/1865 3804/983
f 4501/1842 3804/983 4573/1868
f 3462/1836 3363/977 3651/1866
f 3651/1866 3804/983 4501/1842
f 4501/1842 4399/985 4369/1867
f 4501/1842 3462/1836 3651/1866
f 3797/1869 3771/1840 3774/1839
f 3797/1869 3774/1839 3989/1870
f 3770/1871 3989/1870 3774/1839
f 4174/1872 3797/1869 3989/1870
f 4081/1873 3870/1874 4174/1872
f 4201/1844 3607/1845 3950/1832
f 3950/1832 3607/1845 3952/1847
f 4511/1856 3796/1854 4554/1875
f 3774/1839 4201/1844 3770/1871
f 3665/1843 4201/1844 3774/1839
f 3335/1863 4201/1844 3950/1832
f 4260/1876 4201/1844 3335/1863
f 4054/1877 3989/1870 3884/1878
f 3884/1878 3989/1870 3770/1871
f 3770/1871 4201/1844 3884/1878
f 4174/1872 3989/1870 4054/1877
f 4054/1877 3884/1878 4174/1872
f 4081/1873 4174/1872 4138/1879
f 4138/1879 4174/1872 3884/1878
f 3884/1878 4201/1844 4260/1876
f 4081/1873 4138/1879 4418/1880
f 3884/1878 4260/1876 4138/1879
f 4616/1881 3771/1840 3797/1869
f 4174/1872 3870/1874 3797/1869
f 4156/833 4616/1881 3797/1869
f 4156/833 3797/1869 3870/1874
f 4050/1882 4156/833 3870/1874
f 3672/1883 4086/1884 3998/1885
f 2890/1886 3672/1883 3998/1885
f 3975/835 4156/833 4050/1882
f 4086/1884 4321/1887 3975/835
f 3998/1885 4086/1884 3975/835
f 4321/1887 3202/991 3975/835
f 3088/1888 3202/991 4321/1887
f 4086/1884 3088/1888 4321/1887
f 4086/1884 3740/1889 3088/1888
f 3672/1883 3740/1889 4086/1884
f 4029/1890 3088/1888 3740/1889
f 3463/1891 3740/1889 3672/1883
f 3830/1892 3740/1889 3463/1891
f 3830/1892 4029/1890 3740/1889
f 4029/1890 3202/991 3088/1888
f 3509/1893 4029/1890 3830/1892
f 3509/1893 3202/991 4029/1890
f 3509/1893 2908/832 3202/991
f 4050/1882 3998/1885 3975/835
f 2890/1886 3998/1885 4050/1882
f 2890/1886 4050/1882 4445/1894
f 2889/1895 3084/1896 2890/1886
f 3084/1896 3463/1891 2890/1886
f 2889/1895 3509/1893 3084/1896
f 2890/1886 3463/1891 3672/1883
f 3084/1896 3830/1892 3463/1891
f 3509/1893 3830/1892 3084/1896
f 4445/1894 2889/1895 2890/1886
f 3509/1893 2889/1895 4445/1894
f 3875/1897 4743/1353 4449/1821
f 3897/1898 3871/1899 4743/1900
f 4084/1901 4743/1900 3875/1902
f 3897/1898 4743/1900 4084/1901
f 4005/1903 4084/1901 3875/1902
f 4084/1901 4005/1903 3897/1898
f 4743/1904 2988/1858 4024/1641
f 4304/1905 2988/1858 4743/1904
f 4394/1906 4304/1905 4743/1904
f 3871/1907 4394/1906 4743/1904
f 3551/1908 4394/1906 3871/1907
f 3551/1908 4304/1905 4394/1906
f 3551/1908 2988/1858 4304/1905
f 4001/1909 2988/1858 3551/1908
f 4001/1909 3583/1859 2988/1858
f 3210/1831 3583/1859 4001/1909
f 3551/1908 3210/1831 4001/1909
f 3897/1898 3210/1861 3551/1910
f 3567/1862 3210/1861 3897/1898
f 3871/1899 3897/1898 3551/1910
f 4005/1903 3567/1862 3897/1898
f 3384/1911 3567/1862 4005/1903
f 3582/1912 3567/1862 3384/1911
f 3582/1912 3335/1863 3567/1862
f 3582/1912 3326/1913 3335/1863
f 3836/1914 3384/1911 4005/1903
f 3326/1913 3582/1912 3384/1911
f 3326/1913 3384/1911 3266/1915
f 3546/1916 3326/1913 3266/1915
f 3326/1913 3501/1917 3335/1863
f 4260/1876 3335/1863 3501/1917
f 3836/1914 4005/1903 3875/1902
f 3875/1902 3776/1918 3836/1914
f 3162/1919 3776/1918 3875/1902
f 4769/1920 3875/1897 4449/1821
f 3776/1918 3384/1911 3836/1914
f 3266/1915 3384/1911 3776/1918
f 3162/1919 3266/1915 3776/1918
f 3162/1919 3546/1916 3266/1915
f 3501/1917 3326/1913 3546/1916
f 3468/1921 3501/1917 3546/1916
f 4418/1880 4138/1879 4260/1876
f 4147/1922 4418/1880 4260/1876
f 4081/1873 4418/1880 3617/1923
f 4418/1880 4147/1922 3617/1923
f 4260/1876 3501/1917 4147/1922
f 3468/1921 4147/1922 3501/1917
f 3617/1923 3870/1874 4081/1873
f 3617/1923 4050/1882 3870/1874
f 4445/1894 4050/1882 3617/1923
f 3857/1924 4445/1894 3617/1923
f 3468/1921 3617/1923 4147/1922
f 3819/1925 3857/1924 3617/1923
f 3468/1921 3819/1925 3617/1923
f 3468/1921 3787/1926 3819/1925
f 3819/1925 3787/1926 3919/1927
f 3468/1921 3919/1927 3787/1926
f 3477/1928 3919/1927 3468/1921
f 3819/1925 3919/1927 4445/1894
f 3819/1925 4445/1894 3857/1924
f 3919/1927 3163/1929 4445/1894
f 3477/1928 3163/1929 3919/1927
f 3163/1929 3477/1928 4445/1894
f 3477/1928 4723/1930 4445/1894
f 4723/1930 3477/1928 3468/1921
f 4766/1822 4769/1920 4449/1821
f 4296/1819 4769/1920 4766/1822
f 4791/1823 4769/1920 4296/1819
f 4791/1823 3875/1897 4769/1920
f 3162/1931 3875/1897 4791/1823
f 4791/1823 4177/1932 3162/1931
f 3993/1933 3162/1931 4177/1932
f 4121/1492 4791/1823 4240/1493
f 4320/1934 4177/1932 4791/1823
f 4320/1934 4791/1823 4121/1492
f 3687/1935 4177/1932 4320/1934
f 3993/1933 4177/1932 3687/1935
f 3162/1919 3468/1921 3546/1916
f 4032/1936 3468/1921 3162/1919
f 3928/1937 4320/1934 4121/1492
f 3687/1935 4320/1934 3928/1937
f 3846/1938 3687/1935 3928/1937
f 3984/1939 3928/1937 4121/1492
f 3984/1939 3993/1933 3928/1937
f 4488/1828 3984/1939 4121/1492
f 3846/1938 3993/1933 3687/1935
f 3993/1933 3846/1938 3928/1937
f 3198/1940 3993/1933 3984/1939
f 3162/1931 3993/1933 3198/1940
f 3304/1941 3198/1940 3984/1939
f 4488/1828 4121/1492 4785/1827
f 3304/1941 4488/1828 4067/1825
f 3304/1941 3984/1939 4488/1828
f 3198/1940 3304/1941 3162/1931
f 3644/1942 3942/1943 3162/1944
f 3644/1942 3713/1945 3942/1943
f 3644/1942 3162/1944 3304/1946
f 3713/1945 3644/1942 3304/1946
f 3713/1945 4582/1947 3942/1943
f 4128/1948 4435/1949 4575/1654
f 4648/1950 4128/1948 4575/1654
f 4548/1657 4575/1654 4768/1653
f 4548/1657 4648/1950 4575/1654
f 3210/1831 4648/1950 4548/1657
f 3210/1831 4545/1830 4648/1950
f 4435/1949 3158/1651 4575/1654
f 4545/1830 4128/1948 4648/1950
f 4128/1948 4545/1830 4435/1949
f 4545/1830 2845/1951 4435/1949
f 4545/1830 3525/1952 2845/1951
f 4689/996 4369/1867 4672/984
f 4553/1953 4369/1867 4689/996
f 4073/1954 4689/996 2851/995
f 4553/1953 4689/996 4830/1955
f 4830/1955 4689/996 4073/1954
f 4563/1956 4215/1957 4592/1958
f 4559/1959 4563/1956 4534/1960
f 4592/1958 4534/1960 4563/1956
f 4563/1956 4559/1959 4215/1957
f 4592/1958 4215/1957 4545/1961
f 2966/1962 4545/1961 4215/1957
f 4672/984 3398/966 4689/996
f 4501/1842 4369/1867 4553/1953
f 3796/1854 3453/1837 4501/1842
f 3796/1854 4501/1842 4553/1953
f 3796/1854 4553/1953 4554/1875
f 4553/1953 4724/1963 4554/1875
f 4554/1875 4590/1964 4469/1965
f 4554/1875 4724/1963 4590/1964
f 4590/1964 4724/1963 4215/1957
f 4724/1963 4553/1953 4830/1955
f 4724/1963 4830/1955 4375/1966
f 4215/1957 4375/1966 4235/1967
f 4215/1957 4724/1963 4375/1966
f 4534/1960 4469/1965 4559/1959
f 4540/1968 4011/1855 4511/1856
f 4540/1968 4511/1856 4534/1960
f 4511/1856 4554/1875 4469/1965
f 4511/1856 4469/1965 4534/1960
f 4559/1959 4590/1964 4215/1957
f 4469/1965 4590/1964 4559/1959
f 4375/1966 4830/1955 4235/1967
f 4235/1967 4830/1955 4215/1957
f 4215/1957 4830/1955 4400/1969
f 4400/1969 4830/1955 4073/1954
f 4215/1957 4400/1969 2966/1962
f 4400/1969 4073/1954 4336/1970
f 2966/1962 4400/1969 4336/1970
f 4073/1954 3259/1971 4336/1970
f 2845/1951 3158/1651 4435/1949
f 3158/1651 2845/1951 4368/1643
f 2845/1951 2812/1972 4368/1643
f 2845/1951 2432/1973 2812/1972
f 4073/1954 2851/995 2867/1974
f 4073/1954 2867/1974 3609/1975
f 3438/1976 2851/995 4678/969
f 2851/995 3438/1976 2867/1974
f 3609/1975 2867/1974 3438/1976
f 3609/1975 3438/1976 3440/1977
f 2169/1978 2845/1951 3525/1952
f 2169/1978 2432/1973 2845/1951
f 4545/1961 2966/1962 3148/1979
f 2765/1980 2169/1978 3525/1952
f 2812/1972 2716/1676 4368/1643
f 2812/1972 2323/1981 2716/1676
f 2812/1972 2432/1973 2359/1982
f 2812/1972 2359/1982 2323/1981
f 2432/1973 2169/1978 2359/1982
f 2323/1981 2359/1982 2169/1978
f 2169/1978 2716/1676 2323/1981
f 2169/1978 2667/1983 2716/1676
f 2716/1676 2667/1983 2614/1984
f 2614/1984 2765/1980 2716/1676
f 2614/1984 2667/1983 2169/1978
f 2765/1980 2614/1984 2169/1978
f 13/1985 2723/1150 3005/1986
f 13/1985 4855/1149 2723/1150
f 3005/1986 2723/1150 2454/1987
f 2480/1988 2454/1987 2723/1150
f 2454/1987 2480/1988 2743/1989
f 2743/1990 2480/1991 2536/1992
f 2756/1993 2536/1992 2480/1991
f 2536/1992 2756/1993 2765/1994
f 2723/1150 2599/1157 2237/1159
f 2716/1995 2246/1996 2354/1997
f 2756/1998 2716/1676 2765/1980
f 2782/1999 2716/1995 2756/2000
f 2607/2001 2246/1996 2716/1995
f 2782/1999 2607/2001 2716/1995
f 2716/1695 372/2002 285/2003
f 2716/1995 2354/1997 2608/2004
f 2608/2005 372/2002 2716/1695
f 2723/1150 2237/1159 2246/1996
f 2723/1150 2246/1996 2601/2006
f 2480/1988 2723/1150 2607/2001
f 2607/2001 2723/1150 2601/2006
f 2607/2001 2601/2006 2246/1996
f 2246/1996 2237/1159 2519/1160
f 2246/1996 2519/1160 2354/1997
f 2354/1997 2519/1160 2244/1161
f 2329/1165 2431/1164 2719/2007
f 2329/1165 2719/2007 2244/1161
f 2354/1997 2244/1161 2719/2007
f 2431/1164 2043/2008 2719/2007
f 2354/1997 2719/2007 2740/2009
f 2719/2007 2043/2008 2740/2009
f 764/2010 2354/1997 2740/2009
f 2506/2011 2740/2009 2043/2008
f 2506/2011 2043/2008 2187/2012
f 2506/2011 2187/2012 2140/2013
f 764/2010 2506/2011 2140/2013
f 2187/2012 2043/2008 2140/2013
f 2328/2014 2140/2013 758/2015
f 2140/2013 2043/2008 758/2015
f 764/2010 2740/2009 2506/2011
f 764/2010 2140/2013 2328/2014
f 710/2016 2328/2014 758/2015
f 764/2010 2328/2014 710/2016
f 710/2016 609/2017 764/2010
f 710/2016 1944/2018 609/2017
f 1944/2018 604/2019 609/2017
f 2756/2000 2480/1988 2607/2001
f 2756/2000 2607/2001 2782/1999
f 2608/2004 2354/1997 764/2010
f 2608/2004 764/2010 609/2017
f 2608/2004 609/2017 604/2019
f 4678/969 3337/1011 3433/2020
f 3579/2021 4678/969 3433/2020
f 3433/2020 3337/1011 3517/1012
f 3433/2020 3517/1012 3344/2022
f 3433/2020 3344/2022 3579/2021
f 3432/2023 3517/1012 3346/1016
f 4848/1014 3517/1012 3432/2023
f 3344/2022 3517/1012 4848/1014
f 3432/2023 3346/1016 4848/1014
f 3440/1977 4678/969 3579/2021
f 3438/1976 4678/969 3440/1977
f 2966/1962 4336/1970 3259/1971
f 4073/1954 3152/2024 3259/1971
f 4073/1954 3609/1975 3152/2024
f 3609/1975 3440/1977 3579/2021
f 3148/1979 2966/1962 3259/1971
f 3609/1975 3579/2021 4757/2025
f 3544/2026 3609/1975 4757/2025
f 3609/1975 3544/2026 3152/2024
f 3148/1979 3259/1971 3152/2024
f 3434/2027 3525/2028 3148/1979
f 4757/2025 3579/2021 4848/1014
f 3148/1979 3152/2024 4825/2029
f 4825/2029 3152/2024 3544/2026
f 3434/2027 3148/1979 4825/2029
f 4848/1014 3579/2021 3344/2022
f 3669/2030 4848/2031 3136/1032
f 4825/2029 3544/2026 4757/2025
f 4825/2029 4757/2025 4828/2032
f 4825/2029 4828/2032 3434/2027
f 3525/2028 3434/2027 4828/2032
f 4828/2032 4757/2025 4705/2033
f 4757/2025 4848/1014 3669/2034
f 4705/2033 4757/2025 3669/2034
f 3669/2030 3136/1032 3436/1031
f 3669/2030 3436/1031 3647/2035
f 4602/2036 3054/1034 4736/1033
f 3054/1034 4602/2036 3368/2037
f 3486/2038 3054/1034 3368/2037
f 3241/2039 3368/2037 4602/2036
f 4762/2040 4602/2036 4736/1033
f 4736/1033 2908/832 4762/2040
f 3241/2039 4602/2036 4762/2040
f 3241/2039 4762/2040 2908/832
f 3476/2041 3241/2039 2908/832
f 3476/2041 2908/832 3534/2042
f 3054/1034 3098/2043 3436/1031
f 3098/2043 3054/1034 3486/2038
f 3441/2044 3368/2037 3241/2039
f 3476/2041 3368/2037 3441/2044
f 3441/2044 3241/2039 3476/2041
f 3534/2042 2908/832 3509/1893
f 3436/1031 3098/2043 2938/2045
f 3534/2042 3436/1031 2938/2045
f 3531/2046 3486/2038 3534/2042
f 3368/2037 3534/2042 3486/2038
f 3476/2041 3534/2042 3368/2037
f 3098/2043 3486/2038 3531/2046
f 3531/2046 3534/2042 3098/2043
f 2938/2045 3098/2043 3534/2042
f 1069/2047 4855/1149 13/1985
f 3079/1151 4855/1149 1069/2047
f 1072/2048 1069/2047 13/1985
f 3079/1151 1069/2047 1072/2048
f 13/1985 3005/1986 3079/1151
f 3079/1151 1072/2048 13/1985
f 4856/2049 3079/1151 3005/1986
f 4856/2049 3645/2050 3079/1151
f 3645/2050 3491/2051 3079/1151
f 3491/2051 3479/1017 3079/1151
f 3645/2050 3479/1017 3491/2051
f 6/2052 3479/1017 3645/2050
f 6/2052 4222/1007 3479/1017
f 4856/2049 4222/1007 6/2052
f 4856/2049 6/2052 3645/2050
f 3005/1986 2454/1987 2743/1989
f 3005/1986 2743/1989 2792/2053
f 4856/2049 3005/1986 2792/2053
f 2792/2053 2731/2054 4856/2049
f 2731/2054 2792/2053 2743/1989
f 2743/1989 4856/2049 2731/2054
f 2176/2055 2536/1992 2765/1994
f 2743/2056 2563/1222 4856/1185
f 2743/1990 2733/2057 2563/2058
f 2661/1218 3057/1213 4856/1185
f 2262/1219 2563/1222 2163/1221
f 2563/1222 2661/1218 4856/1185
f 2563/1222 2262/1219 2661/1218
f 2743/1990 2536/1992 2733/2057
f 1944/2018 710/2016 709/2059
f 640/2060 710/2016 758/2015
f 709/2059 710/2016 640/2060
f 709/2059 604/2019 1944/2018
f 758/2015 2043/2008 640/2060
f 640/2060 2043/2008 653/2061
f 2608/2004 604/2019 644/2062
f 709/2059 644/2062 604/2019
f 709/2059 640/2060 644/2062
f 2733/2057 581/2063 543/2064
f 2536/1992 2176/2055 2275/2065
f 1648/2066 2153/1118 2527/1179
f 2563/2058 2733/2057 2527/2067
f 2219/2068 581/2063 2733/2057
f 2527/2067 2733/2057 1648/2069
f 2733/2057 543/2064 1648/2069
f 4694/2070 4545/1830 4532/1829
f 4540/2071 4694/2070 4532/1829
f 4652/2072 4592/1958 4545/1961
f 4694/2070 4652/2073 4545/1830
f 4540/1968 4532/1864 4011/1855
f 4540/2071 4652/2073 4694/2070
f 4540/1968 4592/1958 4652/2072
f 4540/1968 4534/1960 4592/1958
f 3148/1979 3525/2028 4545/1961
f 2765/2074 4097/2075 3986/2076
f 3647/2035 3525/2077 3669/2030
f 3669/2034 4828/2032 4705/2033
f 3525/2028 4828/2032 3669/2034
f 3631/2078 4097/2075 3647/2035
f 4097/2075 3525/2077 3647/2035
f 3986/2076 4097/2075 3631/2078
f 4032/1936 4723/1930 3468/1921
f 3986/2076 3631/2078 4032/1936
f 3647/2035 3436/1031 3534/2042
f 4249/2079 3647/2035 3534/2042
f 4723/1930 4112/2080 4445/1894
f 4112/2080 4192/2081 4445/1894
f 4445/1894 4846/2082 4249/2079
f 4192/2081 4846/2082 4445/1894
f 3631/2078 4846/2082 4192/2081
f 4445/1894 3534/2042 3509/1893
f 4723/1930 4192/2081 4112/2080
f 3631/2078 4192/2081 4723/1930
f 3647/2035 4249/2079 3631/2078
f 4249/2079 3534/2042 4445/1894
f 3631/2078 4249/2079 4846/2082
f 4032/1936 3631/2078 4723/1930
f 2765/2074 3525/2077 4097/2075
f 2190/2083 2765/2074 3986/2076
f 2219/2068 2275/2065 2176/2055
f 2219/2068 2176/2055 2765/1994
f 2219/2068 2765/1994 571/2084
f 2342/2085 2536/1992 2275/2065
f 2342/2085 2275/2065 2219/2068
f 2219/2068 2536/1992 2342/2085
f 2219/2068 2733/2057 2536/1992
f 571/2084 581/2063 2219/2068
f 597/2086 581/2063 571/2084
f 2765/2074 2190/2083 571/2087
f 2190/2083 3986/2076 4032/1936
f 3162/1919 2190/2083 4032/1936
f 3049/2088 4582/1947 3713/1945
f 3942/1943 3078/2089 3162/1944
f 4582/1947 3078/2089 3942/1943
f 3078/2089 4582/1947 3049/2088
f 3049/2088 3162/1944 3078/2089
f 2190/2090 3162/1944 3049/2088
f 1117/2091 976/2092 725/2093
f 1012/2094 1117/2091 725/2093
f 1012/2094 725/2093 722/2095
f 1012/2094 722/2095 733/2096
f 1036/2097 1130/2098 718/2099
f 1036/2097 976/2092 1130/2098
f 725/2093 976/2092 1036/2097
f 976/2092 1117/2091 1130/2098
f 1117/2091 929/2100 1130/2098
f 1117/2091 1020/2101 929/2100
f 819/2102 1020/2101 1117/2091
f 722/2095 725/2093 662/2103
f 559/2104 718/2099 662/2103
f 725/2093 1036/2097 559/2104
f 662/2103 725/2093 559/2104
f 559/2104 1036/2097 718/2099
f 688/2105 590/2106 718/2099
f 733/2096 701/2107 718/2099
f 701/2107 688/2105 718/2099
f 733/2096 688/2105 701/2107
f 733/2096 722/2095 688/2105
f 662/2103 590/2106 722/2095
f 662/2103 718/2099 590/2106
f 722/2095 590/2106 617/2108
f 617/2108 590/2106 688/2105
f 722/2095 617/2108 688/2105
f 881/2109 1012/2094 733/2096
f 933/2110 1012/2094 881/2109
f 933/2110 881/2109 799/2111
f 970/2112 1012/2094 933/2110
f 786/2113 1012/2094 970/2112
f 786/2113 970/2112 1130/2098
f 832/2114 786/2113 1130/2098
f 869/2115 832/2114 1130/2098
f 881/2109 718/2099 799/2111
f 799/2111 718/2099 1130/2098
f 933/2110 799/2111 1130/2098
f 881/2109 733/2096 718/2099
f 970/2112 933/2110 1130/2098
f 819/2102 929/2100 1020/2101
f 782/2116 929/2100 819/2102
f 736/2117 782/2116 819/2102
f 1117/2091 358/2118 819/2102
f 358/2118 736/2117 819/2102
f 1133/2119 358/2118 1117/2091
f 39/2120 358/2118 1133/2119
f 1095/2121 1130/2122 929/2123
f 782/2116 736/2117 929/2100
f 736/2124 290/2125 929/2123
f 1095/2121 929/2123 170/2126
f 170/2126 929/2123 55/2127
f 55/2127 929/2123 151/2128
f 151/2128 929/2123 469/2129
f 327/2130 929/2123 156/2131
f 469/2129 929/2123 327/2130
f 736/2117 400/2132 290/2133
f 358/2118 400/2132 736/2117
f 400/2132 358/2118 290/2133
f 929/2123 290/2125 432/2134
f 156/2131 929/2123 432/2134
f 432/2134 290/2125 358/2135
f 137/2136 432/2134 358/2135
f 137/2136 358/2135 446/2137
f 235/2138 30/2139 153/2140
f 30/2139 137/2136 153/2140
f 562/2141 468/2142 30/2139
f 153/2140 137/2136 355/2143
f 355/2143 137/2136 446/2137
f 235/2138 153/2140 355/2143
f 479/2144 137/2136 30/2139
f 468/2142 479/2144 30/2139
f 156/2131 137/2136 479/2144
f 355/2143 446/2137 358/2135
f 367/2145 355/2143 358/2135
f 156/2131 432/2134 137/2136
f 367/2145 235/2138 355/2143
f 468/2142 156/2131 479/2144
f 365/2146 235/2138 367/2145
f 30/2139 235/2138 365/2146
f 468/2142 249/2147 156/2131
f 29/2148 562/2141 30/2139
f 249/2147 468/2142 562/2141
f 212/2149 249/2147 436/2150
f 564/2151 562/2141 29/2148
f 29/2148 30/2139 103/2152
f 165/2153 564/2151 29/2148
f 436/2150 564/2151 165/2153
f 436/2150 562/2141 564/2151
f 436/2150 249/2147 562/2141
f 467/2154 30/2139 365/2146
f 528/2155 467/2154 39/2156
f 30/2139 528/2155 39/2156
f 30/2139 467/2154 528/2155
f 165/2153 29/2148 103/2152
f 165/2157 103/2158 248/2159
f 563/2160 436/2150 165/2153
f 88/2161 248/2159 146/2162
f 88/2161 165/2157 248/2159
f 146/2162 248/2159 247/2163
f 36/2164 563/2165 165/2157
f 36/2164 165/2157 88/2161
f 248/2159 197/2166 247/2163
f 248/2159 103/2158 197/2166
f 197/2166 103/2158 30/2167
f 40/2168 197/2166 30/2167
f 247/2163 197/2166 40/2168
f 563/2160 212/2149 436/2150
f 327/2130 156/2131 212/2149
f 212/2149 156/2131 249/2147
f 574/2169 1012/2094 1110/2170
f 574/2169 1110/2170 1058/2171
f 832/2114 869/2115 1125/2172
f 1125/2172 869/2115 1130/2098
f 1125/2172 786/2113 832/2114
f 1110/2170 786/2113 1125/2172
f 1110/2170 1012/2094 786/2113
f 1148/2173 1110/2170 1125/2172
f 1125/2172 1130/2098 1095/2174
f 1148/2173 1125/2172 1095/2174
f 1110/2170 1148/2173 1095/2174
f 1013/2175 1110/2170 1095/2174
f 1110/2170 1013/2175 981/2176
f 1058/2171 981/2176 1013/2175
f 1110/2170 981/2176 1058/2171
f 661/2177 1013/2175 1123/2178
f 574/2169 1058/2171 1013/2175
f 678/2179 574/2169 1013/2175
f 753/2180 678/2179 1013/2175
f 753/2180 1013/2175 661/2177
f 259/2181 55/2127 151/2128
f 55/2127 259/2181 170/2126
f 259/2181 1095/2121 170/2126
f 259/2181 151/2128 1095/2121
f 1095/2121 151/2128 222/2182
f 222/2182 151/2128 469/2129
f 222/2182 469/2129 1095/2121
f 1095/2121 469/2129 464/2183
f 464/2183 469/2129 327/2130
f 464/2183 327/2130 1095/2121
f 357/2184 1095/2185 361/2186
f 1133/2119 1117/2091 1012/2094
f 1095/2121 327/2130 212/2149
f 361/2186 1095/2185 212/2187
f 361/2186 212/2187 257/2188
f 257/2188 212/2187 85/2189
f 477/2190 257/2188 85/2189
f 140/2191 88/2161 146/2162
f 250/2192 140/2191 146/2162
f 250/2192 146/2162 247/2163
f 250/2192 247/2163 253/2193
f 423/2194 250/2192 253/2193
f 423/2194 140/2191 250/2192
f 36/2164 140/2191 423/2194
f 537/2195 423/2194 253/2193
f 40/2168 253/2193 247/2163
f 36/2164 423/2194 537/2195
f 253/2193 40/2168 301/2196
f 85/2189 36/2164 537/2195
f 301/2196 40/2168 39/2197
f 362/2198 537/2195 253/2193
f 404/2199 301/2196 39/2197
f 85/2189 537/2195 362/2198
f 538/2200 301/2196 404/2199
f 253/2193 301/2196 538/2200
f 140/2191 36/2164 88/2161
f 577/2201 563/2165 36/2164
f 577/2201 212/2187 563/2165
f 40/2168 30/2167 39/2197
f 85/2189 212/2187 577/2201
f 85/2189 577/2201 36/2164
f 75/2202 546/2203 362/2198
f 85/2189 362/2198 546/2203
f 33/2204 85/2189 546/2203
f 33/2204 546/2203 75/2202
f 538/2200 362/2198 253/2193
f 75/2202 362/2198 538/2200
f 404/2199 75/2202 538/2200
f 366/2205 85/2189 33/2204
f 33/2204 37/2206 120/2207
f 245/2208 120/2207 78/2209
f 78/2209 120/2207 283/2210
f 245/2208 33/2204 120/2207
f 245/2208 78/2209 474/2211
f 37/2206 33/2204 75/2202
f 243/2212 404/2199 39/2197
f 243/2212 75/2202 404/2199
f 243/2212 37/2206 75/2202
f 120/2207 37/2206 243/2212
f 78/2209 243/2212 39/2197
f 283/2210 120/2207 243/2212
f 283/2210 243/2212 78/2209
f 939/2213 574/2169 678/2179
f 939/2213 678/2179 753/2180
f 1012/2094 574/2169 939/2213
f 926/2214 1123/2215 1116/2216
f 939/2213 753/2180 926/2217
f 848/2218 926/2214 1116/2216
f 840/2219 939/2220 926/2214
f 939/2220 840/2219 1012/2221
f 1012/2221 840/2219 1179/2222
f 890/2223 1134/2224 885/2225
f 840/2219 821/2226 1179/2222
f 812/2227 890/2223 915/2228
f 534/2229 812/2227 915/2228
f 960/2230 890/2223 812/2227
f 134/2231 1056/2232 296/2233
f 890/2223 1043/2234 296/2233
f 960/2230 1043/2234 890/2223
f 296/2233 842/2235 890/2223
f 296/2233 1056/2232 842/2235
f 1025/2236 1059/2237 842/2235
f 915/2228 885/2225 1109/2238
f 890/2223 885/2225 915/2228
f 1134/2224 890/2223 1059/2237
f 842/2235 1059/2237 890/2223
f 1179/2222 897/2239 1012/2221
f 1012/2221 897/2239 1071/2240
f 1041/2241 1071/2240 897/2239
f 1012/2221 1071/2240 1041/2241
f 1012/2221 1041/2241 1039/2242
f 1056/2232 134/2231 894/2243
f 842/2235 1056/2232 1025/2236
f 836/2244 943/2245 1025/2236
f 198/2246 831/2247 813/2248
f 813/2248 831/2247 877/2249
f 813/2248 877/2249 836/2244
f 1025/2236 943/2245 897/2239
f 943/2245 1053/2250 1041/2241
f 836/2244 877/2249 943/2245
f 877/2249 829/2251 943/2245
f 877/2249 831/2247 829/2251
f 1025/2236 897/2239 1059/2237
f 1059/2237 1179/2222 1134/2224
f 897/2239 1179/2222 1059/2237
f 943/2245 1041/2241 897/2239
f 988/2252 812/2227 534/2229
f 947/2253 988/2252 534/2229
f 994/2254 988/2252 947/2253
f 1092/2255 1043/2234 201/2256
f 201/2256 1043/2234 960/2230
f 892/2257 201/2256 960/2230
f 892/2257 960/2230 895/2258
f 892/2257 895/2258 1006/2259
f 878/2260 892/2257 1006/2259
f 878/2260 947/2253 990/2261
f 1092/2255 201/2256 209/2262
f 741/2263 892/2257 878/2260
f 201/2256 892/2257 221/2264
f 221/2264 892/2257 741/2263
f 878/2260 994/2254 947/2253
f 878/2260 1006/2259 994/2254
f 201/2256 221/2264 209/2262
f 221/2264 741/2263 878/2260
f 692/2265 947/2253 534/2229
f 270/2266 1150/2267 1092/2255
f 270/2266 1092/2255 329/2268
f 368/2269 534/2229 915/2228
f 947/2253 692/2265 973/2270
f 973/2270 990/2261 947/2253
f 806/2271 990/2261 973/2270
f 806/2271 973/2270 692/2265
f 1092/2255 209/2262 329/2268
f 329/2268 209/2262 221/2264
f 738/2272 221/2264 878/2260
f 329/2268 221/2264 738/2272
f 806/2271 878/2260 990/2261
f 738/2272 878/2260 806/2271
f 80/2273 329/2268 380/2274
f 329/2268 738/2272 806/2271
f 380/2274 329/2268 806/2271
f 912/2275 960/2230 812/2227
f 994/2254 1006/2259 988/2252
f 988/2252 912/2275 812/2227
f 1006/2259 912/2275 988/2252
f 1006/2259 960/2230 912/2275
f 895/2258 960/2230 1006/2259
f 1434/2276 296/2233 1092/2255
f 296/2233 1043/2234 1092/2255
f 1434/2276 845/2277 296/2233
f 894/2243 1025/2236 1056/2232
f 845/2277 134/2231 296/2233
f 440/2278 134/2231 845/2277
f 942/2279 1025/2236 894/2243
f 908/2280 1025/2236 942/2279
f 440/2278 894/2243 134/2231
f 894/2243 198/2246 942/2279
f 440/2278 198/2246 894/2243
f 908/2280 836/2244 1025/2236
f 198/2246 908/2280 942/2279
f 813/2248 836/2244 908/2280
f 198/2246 813/2248 908/2280
f 926/2217 661/2177 1123/2178
f 926/2217 753/2180 661/2177
f 777/2281 1123/2215 1013/2282
f 660/2283 777/2281 1013/2282
f 1116/2216 1123/2215 777/2281
f 821/2226 840/2219 926/2214
f 821/2226 926/2214 848/2218
f 636/2284 821/2226 848/2218
f 777/2281 794/2285 1109/2238
f 769/2286 839/2287 1109/2238
f 885/2225 848/2218 777/2281
f 1134/2224 636/2284 885/2225
f 885/2225 636/2284 848/2218
f 1116/2216 777/2281 848/2218
f 885/2225 777/2281 1109/2238
f 769/2286 1109/2238 794/2285
f 1134/2224 821/2226 636/2284
f 1134/2224 1179/2222 821/2226
f 660/2283 1013/2282 1095/2185
f 794/2285 777/2281 660/2283
f 145/2288 1095/2185 531/2289
f 145/2288 531/2289 246/2290
f 246/2290 531/2289 1095/2185
f 246/2290 1095/2185 357/2184
f 1067/2291 660/2283 1095/2185
f 1067/2291 1095/2185 145/2288
f 553/2292 147/2293 451/2294
f 451/2294 145/2288 246/2290
f 451/2294 246/2290 459/2295
f 147/2293 145/2288 451/2294
f 459/2295 246/2290 357/2184
f 155/2296 451/2294 459/2295
f 553/2292 451/2294 155/2296
f 155/2296 459/2295 34/2297
f 359/2298 459/2295 357/2184
f 553/2292 324/2299 147/2293
f 34/2297 459/2295 147/2293
f 147/2293 359/2298 145/2288
f 147/2293 459/2295 359/2298
f 324/2299 553/2292 155/2296
f 324/2299 155/2296 147/2293
f 155/2296 34/2297 147/2293
f 915/2228 1109/2238 839/2287
f 1191/2300 915/2228 839/2287
f 839/2287 769/2286 794/2285
f 674/2301 660/2283 839/2287
f 839/2287 794/2285 674/2301
f 638/2302 1191/2300 839/2287
f 660/2283 674/2301 794/2285
f 992/2303 639/2304 660/2283
f 992/2303 1067/2291 639/2304
f 992/2303 660/2283 1067/2291
f 839/2287 660/2283 639/2304
f 963/2305 839/2287 639/2304
f 639/2304 1067/2291 258/2306
f 258/2306 1067/2291 145/2288
f 258/2306 145/2288 328/2307
f 145/2288 359/2298 328/2307
f 50/2308 258/2306 328/2307
f 50/2308 328/2307 303/2309
f 1061/2310 258/2306 50/2308
f 486/2311 1061/2310 50/2308
f 50/2308 303/2309 486/2311
f 1040/2312 1012/2221 1049/2313
f 1012/2221 1039/2242 1049/2313
f 1011/2314 1049/2313 1039/2242
f 1040/2312 1049/2313 1051/2315
f 1049/2313 1042/2316 1051/2315
f 1011/2314 1039/2242 1041/2241
f 1049/2313 1011/2314 1042/2316
f 1008/2317 1042/2316 1011/2314
f 808/2318 1012/2094 1040/2319
f 1141/2320 1012/2094 808/2318
f 808/2318 964/2321 1141/2320
f 928/2322 964/2323 808/2324
f 1023/2325 1040/2326 1051/2327
f 1051/2315 1042/2316 964/2328
f 954/2329 964/2328 1042/2316
f 1141/2320 1133/2119 1012/2094
f 896/2330 808/2324 1040/2331
f 896/2330 1040/2331 1047/2332
f 1047/2333 1040/2326 1023/2325
f 1047/2333 1023/2325 1060/2334
f 928/2322 808/2324 896/2330
f 1023/2325 1051/2327 928/2335
f 928/2335 1051/2327 964/2336
f 995/2337 1047/2333 1068/2338
f 1068/2338 1047/2333 1060/2334
f 896/2330 1047/2332 995/2339
f 1055/2340 995/2337 1068/2338
f 831/2247 1055/2340 1068/2338
f 831/2247 1068/2338 1053/2250
f 937/2341 831/2247 1053/2250
f 937/2341 1053/2250 943/2245
f 831/2247 937/2341 943/2245
f 831/2247 943/2245 829/2251
f 989/2342 1011/2314 1041/2241
f 1053/2250 989/2342 1041/2241
f 989/2342 1008/2317 1011/2314
f 1053/2250 1060/2334 989/2342
f 1068/2338 1060/2334 1053/2250
f 1060/2334 1045/2343 989/2342
f 1045/2343 1008/2317 989/2342
f 1060/2334 1023/2325 1031/2344
f 1060/2334 1031/2344 1045/2343
f 928/2335 1031/2344 1023/2325
f 1045/2345 1031/2346 952/2347
f 954/2329 1042/2316 1008/2317
f 1045/2345 1185/2348 1008/2349
f 1032/2350 1045/2345 952/2347
f 1008/2317 1181/2351 954/2329
f 1032/2350 1185/2348 1045/2345
f 1008/2349 1185/2348 1181/2352
f 1104/2353 1185/2348 1032/2350
f 952/2347 1031/2346 928/2322
f 952/2347 928/2322 896/2330
f 1181/2351 964/2328 954/2329
f 1181/2352 1185/2348 1104/2353
f 956/2354 952/2347 896/2330
f 956/2354 1032/2350 952/2347
f 1104/2353 1032/2350 956/2354
f 993/2355 1104/2353 956/2354
f 917/2356 1181/2352 1104/2353
f 1161/2357 917/2356 1104/2353
f 964/2321 1181/2358 1141/2320
f 1163/2359 1181/2352 917/2356
f 1141/2360 1181/2352 1163/2359
f 1182/2361 1141/2360 1163/2359
f 1141/2320 1035/2362 1133/2119
f 1182/2361 1035/2363 1141/2360
f 1118/2364 39/2120 1133/2119
f 1055/2340 831/2247 198/2246
f 440/2278 995/2337 1055/2340
f 440/2278 1055/2340 198/2246
f 850/2365 440/2366 907/2367
f 440/2366 896/2330 995/2339
f 956/2354 896/2330 440/2366
f 850/2365 956/2354 440/2366
f 850/2365 993/2355 956/2354
f 850/2365 1104/2353 993/2355
f 850/2365 1161/2357 1104/2353
f 850/2365 1140/2368 1161/2357
f 907/2367 1163/2359 1140/2368
f 862/2369 1163/2359 907/2367
f 907/2367 1140/2368 850/2365
f 1182/2361 1163/2359 862/2369
f 1035/2363 1182/2361 862/2369
f 958/2370 907/2367 440/2366
f 484/2371 116/2372 440/2366
f 958/2370 862/2369 907/2367
f 958/2370 1001/2373 862/2369
f 116/2372 958/2370 440/2366
f 116/2372 1001/2373 958/2370
f 966/2374 1001/2373 116/2372
f 484/2371 966/2374 116/2372
f 1163/2359 917/2356 1161/2357
f 1140/2368 1163/2359 1161/2357
f 1001/2373 1035/2363 862/2369
f 1001/2373 986/2375 1035/2363
f 1035/2362 1118/2364 1133/2119
f 1035/2363 1054/2376 1118/2377
f 986/2375 1054/2376 1035/2363
f 1054/2378 1138/2379 1118/2380
f 986/2381 1138/2379 1054/2378
f 805/2382 39/2197 1118/2380
f 986/2381 855/2383 1138/2379
f 966/2374 986/2375 1001/2373
f 357/2184 361/2186 359/2298
f 359/2298 361/2186 257/2188
f 526/2384 257/2188 477/2190
f 477/2190 85/2189 366/2205
f 366/2205 541/2385 376/2386
f 240/2387 485/2388 158/2389
f 485/2388 376/2386 158/2389
f 485/2388 366/2205 376/2386
f 366/2205 485/2388 240/2387
f 240/2387 158/2389 44/2390
f 240/2387 183/2391 366/2205
f 183/2391 240/2387 454/2392
f 454/2392 240/2387 44/2390
f 333/2393 477/2190 183/2391
f 477/2190 366/2205 183/2391
f 805/2382 422/2394 39/2197
f 487/2395 541/2385 407/2396
f 552/2397 376/2386 487/2395
f 376/2386 541/2385 487/2395
f 407/2396 33/2204 245/2208
f 407/2396 245/2208 474/2211
f 366/2205 33/2204 541/2385
f 541/2385 33/2204 407/2396
f 382/2398 474/2211 78/2209
f 382/2398 407/2396 474/2211
f 487/2395 407/2396 382/2398
f 376/2386 552/2397 44/2390
f 158/2389 376/2386 44/2390
f 44/2390 552/2397 487/2395
f 44/2390 487/2395 382/2398
f 44/2390 382/2398 422/2394
f 78/2209 39/2197 422/2394
f 422/2394 382/2398 78/2209
f 454/2392 44/2390 422/2394
f 1080/2399 303/2309 1076/2400
f 433/2401 399/2402 493/2403
f 163/2404 433/2401 493/2403
f 544/2405 399/2402 163/2404
f 163/2404 399/2402 433/2401
f 303/2309 163/2404 1076/2400
f 493/2403 516/2406 579/2407
f 399/2402 544/2405 516/2406
f 493/2403 399/2402 516/2406
f 1076/2400 163/2404 493/2403
f 657/2408 303/2309 1080/2399
f 657/2408 342/2409 303/2309
f 657/2408 1080/2399 592/2410
f 610/2411 1076/2400 560/2412
f 1080/2399 1076/2400 610/2411
f 592/2410 1080/2399 610/2411
f 359/2298 257/2188 328/2307
f 328/2307 257/2188 526/2384
f 266/2413 328/2307 526/2384
f 303/2309 328/2307 163/2404
f 163/2404 328/2307 266/2413
f 342/2409 486/2311 303/2309
f 1138/2379 855/2383 805/2382
f 1138/2379 805/2382 1118/2380
f 855/2383 879/2414 805/2382
f 879/2414 493/2403 579/2407
f 1076/2400 879/2414 855/2383
f 1076/2400 493/2403 879/2414
f 986/2381 1076/2400 855/2383
f 560/2412 1076/2400 986/2381
f 986/2381 610/2411 560/2412
f 544/2405 183/2391 388/2415
f 544/2405 388/2415 454/2392
f 516/2406 544/2405 454/2392
f 388/2415 183/2391 454/2392
f 516/2406 454/2392 579/2407
f 805/2382 879/2414 579/2407
f 544/2405 333/2393 183/2391
f 477/2190 333/2393 526/2384
f 526/2384 333/2393 544/2405
f 217/2416 526/2384 544/2405
f 266/2413 526/2384 217/2416
f 266/2413 217/2416 544/2405
f 163/2404 266/2413 544/2405
f 579/2407 422/2394 805/2382
f 422/2394 579/2407 454/2392
f 2020/2417 1274/2418 2339/2419
f 2238/2420 1383/2421 1386/2422
f 1254/2423 1384/2424 1274/2418
f 1386/2422 1383/2421 1380/2425
f 1758/2426 1274/2418 2020/2417
f 1734/2427 1386/2422 1380/2425
f 1370/2428 2238/2420 1386/2422
f 1370/2428 1386/2422 1734/2427
f 2238/2420 1370/2428 1734/2427
f 2681/2429 1384/2424 1254/2423
f 1717/2430 1384/2424 2681/2429
f 1492/2431 1734/2432 1717/2430
f 1473/2433 2238/2434 1734/2432
f 1473/2433 1734/2432 1429/2435
f 1429/2435 1734/2432 1492/2431
f 1220/2436 1254/2423 1274/2418
f 1220/2436 1274/2418 1758/2426
f 2642/2437 1220/2436 1758/2426
f 2642/2437 1254/2423 1220/2436
f 2784/2438 1254/2423 2642/2437
f 2710/2439 1254/2423 2784/2438
f 2710/2439 1717/2430 2681/2429
f 2710/2439 2681/2429 1254/2423
f 2101/2440 2238/2434 1450/2441
f 1429/2435 1492/2431 1717/2430
f 1275/2442 1429/2435 1717/2430
f 1342/2443 1473/2433 1429/2435
f 1342/2443 1429/2435 1275/2442
f 1450/2441 2238/2434 1473/2433
f 1473/2433 1342/2443 1450/2441
f 1450/2441 1342/2443 1275/2442
f 1825/2444 2101/2440 1450/2441
f 1263/2445 1450/2441 1275/2442
f 1303/2446 1450/2441 1263/2445
f 1825/2444 1450/2441 1303/2446
f 1717/2430 2710/2439 2784/2438
f 1275/2442 1717/2430 2784/2438
f 2440/2447 2784/2438 2642/2437
f 1275/2442 2784/2438 2440/2447
f 2791/2448 2642/2437 1758/2426
f 1263/2445 1275/2442 2440/2447
f 1263/2445 2440/2447 2791/2448
f 2440/2447 2642/2437 2791/2448
f 1303/2446 1263/2445 2791/2448
f 1303/2446 2735/2449 1825/2444
f 1303/2446 2791/2448 2735/2449
f 2735/2449 2791/2448 1758/2426
f 2735/2449 1758/2426 2673/2450
f 2673/2450 2288/2451 2735/2449
f 2066/2452 2673/2453 1814/2454
f 1315/2455 2663/2456 1559/2457
f 1286/2458 2663/2456 1315/2455
f 1559/2457 2525/2459 1315/2455
f 1315/2455 2525/2459 1235/2460
f 1235/2460 2525/2459 2208/2461
f 2189/2462 2290/2463 2208/2461
f 2185/2464 2208/2461 2290/2463
f 1310/2465 1286/2458 1315/2455
f 1235/2460 2208/2461 1723/2466
f 1723/2466 2208/2461 2185/2464
f 1888/2467 1723/2466 2185/2464
f 1235/2460 1310/2465 1315/2455
f 1269/2468 1235/2460 1723/2466
f 1310/2465 1235/2460 1269/2468
f 2208/2461 2221/2469 2189/2462
f 2525/2459 2221/2469 2208/2461
f 1928/2470 2010/2471 1927/2472
f 2046/2473 2293/2474 2010/2471
f 2584/2475 2010/2471 1928/2470
f 1878/2476 2293/2474 2046/2473
f 2055/2477 1878/2476 2046/2473
f 2046/2473 2010/2471 2584/2475
f 2055/2477 2046/2473 2584/2475
f 2584/2475 1928/2470 1918/2478
f 2055/2477 2584/2475 1878/2476
f 1878/2476 2584/2475 2493/2479
f 2221/2469 2695/2480 1421/2481
f 2493/2479 2584/2475 1918/2478
f 2221/2469 2493/2479 2695/2480
f 2493/2479 1918/2478 2075/2482
f 2695/2480 1977/2483 1421/2481
f 2695/2480 2569/2484 1977/2483
f 2695/2480 2075/2482 2569/2484
f 2695/2480 2493/2479 2075/2482
f 2569/2484 2075/2482 1977/2483
f 2037/2485 2284/2486 1861/2487
f 2284/2486 1784/2488 1835/2489
f 2037/2485 1784/2488 2284/2486
f 2189/2462 1861/2487 2184/2490
f 2284/2486 2184/2490 1861/2487
f 2189/2462 2184/2490 2290/2463
f 2284/2486 2290/2463 2184/2490
f 2284/2486 1835/2489 2290/2463
f 1784/2488 1888/2467 1835/2489
f 1835/2489 2185/2464 2290/2463
f 1723/2466 1888/2467 1784/2488
f 1888/2467 2185/2464 1835/2489
f 2525/2459 2493/2479 2221/2469
f 2198/2491 2493/2479 2525/2459
f 2198/2491 1878/2476 2493/2479
f 1368/2492 1825/2493 1478/2494
f 1730/2495 1478/2494 1289/2496
f 1730/2495 1289/2496 2164/2497
f 1389/2498 1825/2493 1289/2496
f 1825/2493 1389/2498 1478/2494
f 1478/2494 1389/2498 1289/2496
f 1289/2499 1825/2444 2735/2449
f 1289/2499 2735/2449 2512/2500
f 2512/2500 2735/2449 2709/2501
f 1289/2496 2512/2502 2164/2497
f 2293/2474 1956/2503 1928/2470
f 2293/2474 2512/2502 1956/2503
f 1956/2503 2512/2502 2673/2453
f 2164/2497 2512/2502 2293/2474
f 2512/2502 2288/2504 2673/2453
f 2709/2501 2735/2449 2653/2505
f 2735/2449 2408/2506 2653/2505
f 2709/2501 2653/2505 2408/2506
f 2709/2507 2288/2504 2512/2502
f 2709/2501 2408/2506 2288/2451
f 2408/2506 2735/2449 2288/2451
f 1927/2472 2293/2474 1928/2470
f 2010/2471 2293/2474 1927/2472
f 2164/2497 2293/2474 1878/2476
f 1928/2470 1956/2503 2673/2453
f 1928/2470 2673/2453 1918/2478
f 1918/2478 2673/2453 2066/2452
f 2712/2508 1559/2457 2663/2456
f 1495/2509 1760/2510 1730/2495
f 2562/2511 2663/2456 1286/2458
f 2562/2511 2712/2508 2663/2456
f 2796/2512 2712/2508 2562/2511
f 1286/2458 2796/2512 2562/2511
f 2643/2513 2796/2512 1286/2458
f 2712/2508 2796/2512 2643/2513
f 1371/2514 1495/2509 1730/2495
f 1665/2515 1495/2509 1695/2516
f 1495/2509 1371/2514 1695/2516
f 2712/2508 1665/2515 1559/2457
f 2712/2508 1495/2509 1665/2515
f 1371/2514 1730/2495 2164/2497
f 1371/2514 2164/2497 1878/2476
f 2198/2491 1371/2514 1878/2476
f 1559/2457 2198/2491 2525/2459
f 1371/2514 2198/2491 1559/2457
f 1695/2516 1371/2514 1559/2457
f 1665/2515 1695/2516 1559/2457
f 1309/2517 1286/2518 1332/2519
f 1286/2518 1292/2520 1330/2521
f 1286/2458 1310/2465 1269/2468
f 1288/2522 1329/2523 1286/2518
f 1332/2519 1286/2518 1329/2523
f 1288/2522 1332/2519 1329/2523
f 1309/2517 1332/2519 1288/2522
f 1292/2520 1286/2518 1309/2517
f 1256/2524 1288/2525 1286/2526
f 1256/2524 1286/2526 1951/2527
f 1288/2522 1292/2520 1309/2517
f 1330/2521 1292/2520 1288/2522
f 1295/2528 1286/2518 1330/2521
f 1227/2529 1330/2521 1288/2522
f 1227/2530 1288/2525 1256/2524
f 1295/2528 1330/2521 1227/2529
f 1286/2518 1295/2528 1301/2531
f 1328/2532 1286/2518 1301/2531
f 1328/2532 1264/2533 1286/2518
f 1328/2532 1301/2531 1227/2529
f 1301/2531 1295/2528 1227/2529
f 2780/2534 1227/2530 1256/2524
f 1264/2533 1328/2532 1227/2529
f 1861/2487 2080/2535 2037/2485
f 1709/2536 2080/2535 1861/2487
f 2182/2537 1709/2538 1861/2539
f 1745/2540 1709/2538 2182/2537
f 1745/2540 1752/2541 1709/2538
f 1286/2458 1269/2468 1671/2542
f 1286/2458 1671/2542 1745/2543
f 1671/2542 2080/2535 1709/2536
f 1752/2544 1671/2542 1709/2536
f 1745/2543 1671/2542 1752/2544
f 2120/2545 1286/2526 1745/2540
f 1951/2527 1721/2546 2182/2537
f 1721/2546 1745/2540 2182/2537
f 2120/2545 1745/2540 1721/2546
f 1951/2527 2120/2545 1721/2546
f 1951/2527 1286/2526 2120/2545
f 1951/2527 2182/2537 2014/2547
f 1832/2548 1951/2527 2014/2547
f 1256/2524 1951/2527 1832/2548
f 1773/2549 1832/2548 2014/2547
f 1772/2550 1832/2548 1773/2549
f 2780/2534 1256/2524 1832/2548
f 2780/2534 1832/2548 1772/2550
f 2373/2551 1286/2518 1271/2552
f 1271/2552 1264/2533 1227/2529
f 1271/2552 1286/2518 1264/2533
f 2780/2534 1772/2550 1914/2553
f 1773/2549 2014/2547 1895/2554
f 1914/2553 1772/2550 1773/2549
f 2373/2551 1271/2552 1227/2529
f 1744/2555 1773/2549 1895/2554
f 1895/2554 2070/2556 1744/2555
f 2373/2557 1227/2530 2780/2534
f 1914/2553 1773/2549 1744/2555
f 1914/2553 2070/2556 1810/2558
f 1914/2553 1744/2555 2070/2556
f 2780/2534 1914/2553 1810/2558
f 1723/2466 1784/2488 2037/2485
f 1723/2466 2037/2485 2080/2535
f 1671/2542 1269/2468 1723/2466
f 1671/2542 1723/2466 2080/2535
f 1548/2559 1591/2560 1286/2458
f 1567/2561 1597/2562 1286/2458
f 1470/2563 1567/2561 1286/2458
f 1591/2560 1470/2563 1286/2458
f 1939/2564 1470/2563 1591/2560
f 1523/2565 1591/2560 1548/2559
f 1527/2566 1548/2559 1286/2458
f 1527/2566 1523/2565 1548/2559
f 1939/2564 1523/2565 1527/2566
f 1939/2564 1591/2560 1523/2565
f 1556/2567 1463/2568 1552/2569
f 1552/2569 1286/2518 1599/2570
f 1446/2571 1556/2567 1552/2569
f 1644/2572 1552/2569 1599/2570
f 1446/2571 1552/2569 1644/2572
f 1416/2573 1446/2571 1453/2574
f 1453/2574 1446/2571 1644/2572
f 1471/2575 1527/2576 1286/2518
f 1463/2568 1471/2575 1286/2518
f 1939/2577 1471/2575 1463/2568
f 1463/2568 1286/2518 1552/2569
f 1446/2571 1939/2577 1463/2568
f 1939/2564 1527/2566 1471/2578
f 2800/2579 1939/2580 2030/2581
f 1446/2571 1463/2568 1556/2567
f 2057/2582 2023/2583 1939/2577
f 1416/2573 1939/2577 1446/2571
f 2023/2583 2030/2584 1939/2577
f 2800/2585 2030/2584 2023/2583
f 2057/2582 2800/2585 2023/2583
f 2067/2586 2057/2582 1939/2577
f 2074/2587 2067/2586 1939/2577
f 2800/2585 2057/2582 2067/2586
f 2147/2588 2074/2587 1939/2577
f 1305/2589 2067/2586 2147/2588
f 2147/2588 2067/2586 2074/2587
f 1305/2589 2800/2585 2067/2586
f 203/2590 1629/2591 704/2592
f 203/2590 2696/2593 1629/2591
f 2547/2594 2373/2551 1707/2595
f 203/2590 1359/2596 2696/2593
f 2696/2593 1359/2596 1920/2597
f 1411/2598 1418/2599 1353/2600
f 1920/2597 1688/2601 1215/2602
f 2696/2593 1920/2597 1215/2602
f 1920/2597 2033/2603 2758/2604
f 2033/2603 1967/2605 2758/2604
f 1943/2606 2373/2557 1810/2558
f 2373/2557 1943/2606 2008/2607
f 1796/2608 2373/2557 2008/2607
f 711/2609 1856/2610 1895/2554
f 1856/2610 2070/2556 1895/2554
f 2008/2607 1810/2558 2070/2556
f 1943/2606 1810/2558 2008/2607
f 1796/2608 2008/2607 2070/2556
f 1869/2611 2070/2556 1856/2610
f 1869/2611 1997/2612 2070/2556
f 1705/2613 1796/2608 1997/2612
f 1997/2612 1796/2608 2070/2556
f 1705/2613 2373/2557 1796/2608
f 2373/2557 1705/2613 1997/2612
f 1869/2611 2373/2557 1997/2612
f 1856/2610 2373/2557 1869/2611
f 1707/2595 2373/2551 1856/2614
f 1676/2615 1707/2595 1793/2616
f 1856/2610 711/2609 1759/2617
f 1793/2616 1707/2595 1856/2614
f 1676/2615 1793/2616 1856/2614
f 1994/2618 1676/2615 2479/2619
f 1676/2615 1856/2614 1759/2620
f 2479/2619 1676/2615 1759/2620
f 2105/2621 1676/2615 1994/2618
f 2105/2621 1994/2618 1774/2622
f 1774/2622 1994/2618 1749/2623
f 2096/2624 2322/2625 2105/2621
f 2096/2624 2105/2621 1774/2622
f 2533/2626 1946/2627 1994/2618
f 1749/2623 1994/2618 1946/2627
f 2533/2626 1994/2618 1892/2628
f 2555/2629 2260/2630 1688/2601
f 1994/2618 2479/2619 1892/2628
f 1959/2631 1759/2620 1688/2601
f 1892/2628 1959/2631 1688/2601
f 2260/2630 1892/2628 1688/2601
f 1418/2599 2322/2625 2292/2632
f 1418/2599 2292/2632 1393/2633
f 2322/2625 2186/2634 2292/2632
f 2186/2634 1967/2605 2292/2632
f 2186/2634 2322/2625 2096/2624
f 1774/2622 1749/2623 1946/2627
f 1967/2605 1774/2622 1946/2627
f 1967/2605 1946/2627 2533/2626
f 1892/2628 2555/2629 2533/2626
f 2551/2635 1688/2601 2758/2604
f 2533/2626 1688/2601 2551/2635
f 2533/2626 2555/2629 1688/2601
f 1892/2628 2260/2630 2555/2629
f 2186/2634 2096/2624 1967/2605
f 1967/2605 2096/2624 1774/2622
f 2758/2604 1967/2605 2533/2626
f 2533/2626 2551/2635 2758/2604
f 1925/1168 1852/1167 598/1170
f 598/1170 1852/1167 1790/2636
f 263/2637 203/2590 1883/2638
f 2092/2639 2025/2640 2040/2641
f 2092/2639 2040/2641 2114/2642
f 2236/2643 2025/2640 2092/2639
f 2040/2641 1849/2644 2295/2645
f 598/1170 1790/2636 2043/1171
f 1958/2646 2025/2640 2236/2643
f 1852/1167 1893/2647 1790/2636
f 1790/2636 471/2648 2043/1171
f 181/2649 150/2650 1893/2647
f 1790/2636 1893/2647 471/2648
f 1893/2647 150/2650 471/2648
f 255/2651 150/2650 181/2649
f 150/2650 255/2651 471/2648
f 2025/2640 1286/2518 2040/2641
f 1849/2644 1286/2518 2373/2551
f 1849/2644 2040/2641 1286/2518
f 2547/2594 1849/2644 2373/2551
f 1849/2644 2547/2594 2114/2642
f 2295/2645 1849/2644 2114/2642
f 2295/2645 2114/2642 2040/2641
f 2708/2652 1880/2653 2025/2640
f 2236/2643 2092/2639 2114/2642
f 1958/2646 2236/2643 2226/2654
f 2236/2643 2114/2642 2226/2654
f 2025/2640 1958/2646 2708/2652
f 1958/2646 2226/2654 2708/2652
f 2635/2655 1880/2653 2708/2652
f 2708/2652 2226/2654 2635/2655
f 2635/2655 2226/2654 1767/2656
f 1599/2570 1286/2518 2025/2640
f 1624/2657 1599/2570 2025/2640
f 1305/2589 2147/2588 2112/2658
f 2112/2658 2147/2588 1939/2577
f 2196/2659 2112/2658 1939/2577
f 2126/2660 2196/2659 1939/2577
f 1305/2589 2112/2658 2196/2659
f 1880/2653 1624/2657 2025/2640
f 1305/2589 2196/2659 2126/2660
f 2297/2661 2126/2660 1610/2662
f 2297/2661 1610/2662 2085/2663
f 1305/2589 2126/2660 2297/2661
f 1305/2589 2297/2661 2085/2663
f 2039/2664 1305/2589 2085/2663
f 2373/2557 2780/2534 1810/2558
f 2479/2619 1759/2620 2116/2665
f 2547/2594 1707/2595 2114/2642
f 2322/2625 1707/2595 1676/2615
f 2322/2625 1676/2615 2105/2621
f 1959/2631 2479/2619 1887/2666
f 1892/2628 2479/2619 1959/2631
f 2479/2619 2116/2665 1887/2666
f 1759/2620 1887/2666 2116/2665
f 1959/2631 1887/2666 1759/2620
f 2322/2625 2114/2642 1707/2595
f 1880/2653 1634/2667 1624/2657
f 1681/2668 1634/2667 1880/2653
f 1610/2662 1634/2667 1681/2668
f 1739/2669 1681/2668 1880/2653
f 1618/2670 1739/2669 1880/2653
f 2085/2663 1739/2669 1618/2670
f 2114/2642 1609/2671 1340/2672
f 2114/2642 1340/2672 1443/2673
f 1325/2674 1443/2673 1340/2672
f 1388/2675 1443/2673 1325/2674
f 1346/2676 1388/2675 1325/2674
f 1340/2672 1609/2671 1461/2677
f 1325/2674 1461/2677 1418/2599
f 1325/2674 1340/2672 1461/2677
f 2114/2642 2322/2625 1609/2671
f 1418/2599 1609/2671 2322/2625
f 1418/2599 1461/2677 1609/2671
f 1550/2678 2085/2663 1618/2670
f 1550/2678 1618/2670 1880/2653
f 1346/2676 1325/2674 1418/2599
f 1411/2598 1346/2676 1418/2599
f 1388/2675 2114/2642 1443/2673
f 1411/2598 1388/2675 1346/2676
f 2114/2642 1388/2675 2226/2654
f 2635/2655 1767/2656 1653/2679
f 1653/2679 1880/2653 2635/2655
f 1466/2680 1550/2678 1880/2653
f 1466/2680 1880/2653 1653/2679
f 2039/2664 2085/2663 1550/2678
f 1466/2680 2039/2664 1550/2678
f 1305/2589 2039/2664 1466/2680
f 1905/2681 1305/2589 1466/2680
f 2226/2654 1388/2675 1767/2656
f 1767/2656 1388/2675 1653/2679
f 1623/2682 1599/2570 1624/2657
f 1590/2683 1599/2570 1623/2682
f 1583/2684 1453/2574 1644/2572
f 1583/2684 1644/2572 1599/2570
f 1583/2684 1939/2577 1416/2573
f 1583/2684 1416/2573 1453/2574
f 1482/2685 1939/2577 1583/2684
f 1520/2686 1583/2684 1599/2570
f 1501/2687 1520/2686 1599/2570
f 1939/2577 1520/2686 1501/2687
f 1590/2683 1939/2577 1501/2687
f 1590/2683 1501/2687 1599/2570
f 1939/2577 1482/2685 1520/2686
f 1520/2686 1482/2685 1583/2684
f 1634/2667 1623/2682 1624/2657
f 1590/2683 1623/2682 1634/2667
f 1610/2662 1590/2683 1634/2667
f 2126/2660 1939/2577 1610/2662
f 1610/2662 1939/2577 1590/2683
f 1739/2669 1610/2662 1681/2668
f 2085/2663 1610/2662 1739/2669
f 1323/2688 1305/2589 1905/2681
f 367/2145 358/2135 39/2156
f 365/2146 367/2145 467/2154
f 467/2154 367/2145 39/2156
f 2014/2547 2182/2537 1861/2539
f 1861/2539 717/2689 663/2690
f 663/2690 785/2691 770/2692
f 770/2692 785/2691 683/2693
f 683/2693 744/2694 46/2695
f 770/2692 683/2693 891/2696
f 891/2696 683/2693 46/2695
f 1861/2487 2189/2462 1469/2697
f 1861/2487 1469/2697 717/2698
f 663/2690 717/2689 785/2691
f 683/2693 785/2691 700/2699
f 717/2689 972/2700 785/2691
f 785/2691 972/2700 654/2701
f 743/2702 654/2701 972/2700
f 743/2702 785/2691 654/2701
f 785/2691 743/2702 700/2699
f 744/2694 683/2693 700/2699
f 972/2700 717/2689 513/2703
f 972/2700 513/2703 520/2704
f 972/2700 520/2704 743/2702
f 700/2699 743/2702 520/2704
f 744/2694 700/2699 520/2704
f 744/2694 520/2704 326/2705
f 46/2695 744/2694 326/2705
f 670/2706 2020/2417 1417/2707
f 1246/2708 670/2706 1515/2709
f 1758/2426 1536/2710 1670/2711
f 1758/2426 2020/2417 670/2706
f 1536/2710 1758/2426 670/2706
f 2673/2450 1758/2426 1670/2711
f 2673/2453 1670/2712 1814/2454
f 1814/2454 1670/2712 1658/2713
f 1577/2714 1246/2715 1399/2716
f 1399/2716 1246/2715 1327/2717
f 1577/2718 670/2706 1246/2708
f 1327/2717 1577/2714 1399/2716
f 1513/2719 1577/2714 1327/2717
f 596/2720 670/2706 1577/2718
f 637/2721 1577/2714 1513/2719
f 1670/2722 1577/2714 637/2721
f 1536/2710 670/2706 596/2720
f 1536/2710 596/2720 1398/2723
f 596/2720 1577/2718 1398/2723
f 1398/2723 1577/2718 1670/2711
f 1670/2711 1536/2710 1398/2723
f 1670/2722 637/2721 1580/2724
f 637/2721 1513/2719 1515/2725
f 1320/2726 637/2721 1515/2725
f 1580/2724 637/2721 1320/2726
f 1670/2712 1580/2727 1658/2713
f 2066/2452 1814/2454 1713/2728
f 1918/2478 2066/2452 1713/2728
f 2075/2482 1918/2478 1713/2728
f 1713/2728 1814/2454 1977/2483
f 1977/2483 1814/2454 1658/2713
f 1421/2481 2189/2462 2221/2469
f 1421/2481 1469/2697 2189/2462
f 2075/2482 1713/2728 1977/2483
f 1421/2481 1375/2729 1266/2730
f 1421/2481 1977/2483 1375/2729
f 1421/2481 1658/2713 1469/2697
f 1266/2730 1658/2713 1421/2481
f 1977/2483 1658/2713 1266/2730
f 1977/2483 1266/2730 1375/2729
f 717/2698 1469/2697 1658/2713
f 1677/2731 1658/2732 1580/2733
f 1509/2734 1658/2732 1677/2731
f 773/2735 1658/2732 1509/2734
f 876/2736 773/2735 1509/2734
f 504/2737 1658/2732 326/2738
f 504/2737 717/2739 1658/2732
f 379/2740 1658/2732 773/2735
f 326/2738 1658/2732 379/2740
f 717/2739 504/2737 513/2741
f 513/2741 504/2737 326/2738
f 676/2742 326/2738 379/2740
f 312/2743 379/2740 63/2744
f 63/2744 379/2740 773/2735
f 676/2742 379/2740 430/2745
f 379/2740 61/2746 430/2745
f 430/2745 814/2747 676/2742
f 814/2747 940/2748 676/2742
f 312/2743 61/2746 379/2740
f 312/2743 63/2744 61/2746
f 61/2746 63/2744 169/2749
f 425/2750 61/2746 169/2749
f 430/2745 61/2746 425/2750
f 425/2750 175/2751 430/2745
f 175/2751 814/2747 430/2745
f 940/2748 814/2747 175/2751
f 169/2749 175/2751 425/2750
f 326/2738 676/2742 940/2748
f 169/2749 63/2744 876/2736
f 773/2735 876/2736 63/2744
f 169/2749 876/2736 940/2748
f 175/2751 169/2749 940/2748
f 326/2738 940/2748 876/2736
f 513/2703 326/2705 520/2704
f 326/2738 876/2736 1085/2752
f 1629/2753 319/2754 1504/2755
f 1629/2753 1215/2756 319/2754
f 2696/2593 1215/2602 1629/2591
f 681/2757 319/2758 1215/2759
f 681/2757 1215/2759 1354/2760
f 1535/2761 1215/2759 1688/2762
f 1535/2761 1265/2763 1215/2759
f 1688/2762 1265/2763 1535/2761
f 1265/2763 1688/2762 1643/2764
f 2758/2604 1688/2601 1920/2597
f 705/2765 1643/2764 1688/2762
f 711/2609 663/2690 807/2766
f 705/2765 861/2767 793/2768
f 173/2769 793/2768 861/2767
f 1643/2764 1215/2759 1265/2763
f 1354/2760 1215/2759 1643/2764
f 1643/2764 1355/2770 1354/2760
f 705/2765 1355/2770 1643/2764
f 1895/2554 2014/2547 1861/2539
f 1861/2539 663/2690 711/2609
f 711/2609 1895/2554 1861/2539
f 711/2609 807/2766 1759/2617
f 663/2690 716/2771 166/2772
f 49/2773 166/2772 856/2774
f 705/2765 1688/2762 1759/2775
f 807/2766 663/2690 166/2772
f 1759/2617 807/2766 166/2772
f 49/2773 797/2776 166/2772
f 166/2772 797/2776 38/2777
f 166/2772 38/2777 326/2705
f 716/2771 663/2690 770/2692
f 174/2778 716/2771 982/2779
f 856/2774 716/2771 174/2778
f 166/2772 716/2771 856/2774
f 716/2771 770/2692 891/2696
f 716/2771 891/2696 854/2780
f 510/2781 716/2771 854/2780
f 982/2779 716/2771 510/2781
f 314/2782 982/2779 237/2783
f 174/2778 982/2779 314/2782
f 854/2780 891/2696 46/2695
f 854/2780 46/2695 191/2784
f 510/2781 854/2780 191/2784
f 982/2779 510/2781 191/2784
f 24/2785 191/2784 46/2695
f 46/2695 326/2705 24/2785
f 115/2786 314/2782 191/2784
f 115/2786 191/2784 24/2785
f 237/2783 982/2779 191/2784
f 237/2783 191/2784 314/2782
f 24/2785 326/2705 38/2777
f 174/2778 314/2782 115/2786
f 76/2787 115/2786 192/2788
f 174/2778 115/2786 76/2787
f 115/2786 24/2785 38/2777
f 192/2788 115/2786 38/2777
f 174/2778 192/2788 856/2774
f 174/2778 76/2787 192/2788
f 49/2773 856/2774 192/2788
f 49/2773 192/2788 797/2776
f 797/2776 192/2788 38/2777
f 705/2765 1759/2775 861/2767
f 166/2772 326/2705 1085/2789
f 166/2772 1085/2789 1312/2790
f 348/2791 99/2792 1902/2793
f 187/2794 99/2792 348/2791
f 305/2795 1902/2793 99/2792
f 269/2796 305/2795 99/2792
f 242/2797 305/2795 269/2796
f 331/2798 269/2796 99/2792
f 331/2798 242/2797 269/2796
f 280/2799 331/2798 336/2800
f 187/2794 348/2791 65/2801
f 65/2801 99/2792 187/2794
f 59/2802 336/2800 164/2803
f 59/2802 280/2799 336/2800
f 336/2800 331/2798 227/2804
f 227/2804 331/2798 99/2792
f 164/2803 336/2800 227/2804
f 71/2805 59/2802 164/2803
f 345/2806 164/2803 227/2804
f 1902/2793 1570/2807 348/2791
f 305/2795 281/2808 1902/2793
f 281/2808 2557/2809 1902/2793
f 281/2808 1989/2810 2557/2809
f 1385/2811 65/2801 348/2791
f 227/2804 99/2792 65/2801
f 71/2805 164/2803 345/2806
f 227/2804 65/2801 2636/2812
f 2636/2812 501/2813 227/2804
f 394/2814 345/2806 227/2804
f 394/2814 71/2805 345/2806
f 272/2815 394/2814 227/2804
f 501/2813 272/2815 227/2804
f 501/2813 394/2814 272/2815
f 381/2816 394/2814 501/2813
f 45/2817 394/2814 381/2816
f 45/2817 71/2805 394/2814
f 2636/2812 65/2801 1385/2811
f 89/2818 392/2819 2636/2812
f 2749/2820 89/2818 2636/2812
f 2490/2821 2749/2820 2636/2812
f 392/2819 501/2813 2636/2812
f 392/2819 381/2816 501/2813
f 89/2818 381/2816 392/2819
f 381/2816 89/2818 2749/2820
f 2610/2822 2749/2820 2490/2821
f 2718/2823 2610/2822 2490/2821
f 2644/2824 2718/2823 2490/2821
f 2644/2824 2623/2825 2718/2823
f 2644/2824 2490/2821 2389/2826
f 381/2816 2749/2820 2718/2823
f 2718/2823 2749/2820 2610/2822
f 381/2816 2718/2823 2623/2825
f 381/2816 2623/2825 2644/2824
f 2327/2827 381/2816 2644/2824
f 2327/2827 2644/2824 2389/2826
f 275/2828 381/2816 2537/2829
f 275/2828 45/2817 381/2816
f 2537/2829 381/2816 2327/2827
f 2537/2829 2327/2827 2542/2830
f 2542/2830 2327/2827 2389/2826
f 2542/2830 2389/2826 2490/2821
f 2747/2831 2490/2821 2636/2812
f 2621/2832 2537/2829 2542/2830
f 2542/2830 2490/2821 2747/2831
f 2621/2832 2542/2830 2747/2831
f 45/2817 59/2802 71/2805
f 188/2833 59/2802 45/2817
f 188/2833 281/2808 59/2802
f 59/2802 281/2808 242/2797
f 331/2798 59/2802 242/2797
f 280/2799 59/2802 331/2798
f 188/2834 109/2835 281/2836
f 109/2835 340/2837 281/2836
f 45/2838 109/2839 188/2840
f 112/2841 411/2842 45/2838
f 411/2842 178/2843 45/2838
f 178/2843 109/2839 45/2838
f 112/2841 491/2844 411/2842
f 177/2845 491/2846 112/2847
f 491/2844 149/2848 411/2842
f 411/2842 162/2849 178/2843
f 149/2848 286/2850 411/2842
f 411/2842 286/2850 162/2849
f 149/2848 52/2851 286/2850
f 177/2845 281/2836 344/2852
f 281/2836 340/2837 344/2852
f 177/2845 344/2852 265/2853
f 177/2845 52/2854 491/2846
f 491/2844 52/2851 149/2848
f 52/2854 177/2845 265/2853
f 275/2855 112/2847 45/2856
f 242/2797 281/2808 305/2795
f 281/2836 1857/2857 2341/2858
f 281/2836 2341/2858 1989/2859
f 109/2839 302/2860 144/2861
f 109/2839 144/2861 340/2862
f 302/2860 2615/2863 144/2861
f 178/2843 302/2860 109/2839
f 2572/2864 302/2860 178/2843
f 144/2861 2615/2863 340/2862
f 2572/2864 2615/2863 302/2860
f 265/2853 344/2852 340/2837
f 2615/2863 2581/2865 340/2862
f 265/2866 340/2862 2581/2865
f 204/2867 178/2843 162/2849
f 286/2868 52/2869 265/2870
f 265/2870 190/2871 286/2868
f 265/2870 73/2872 190/2871
f 69/2873 162/2849 286/2850
f 204/2867 162/2849 69/2873
f 204/2867 2572/2864 178/2843
f 204/2867 2553/2874 2572/2864
f 73/2872 265/2870 2581/2875
f 275/2855 281/2836 177/2845
f 2470/2876 2615/2863 2572/2864
f 2615/2863 2470/2876 2581/2865
f 2572/2864 2775/2877 2470/2876
f 2581/2865 2470/2876 2775/2877
f 2553/2874 2775/2877 2572/2864
f 2722/2878 2581/2865 2775/2877
f 2722/2878 2775/2877 2553/2874
f 2581/2865 2722/2878 2553/2874
f 2353/2879 2581/2865 2553/2874
f 73/2872 2581/2875 2353/2880
f 41/2881 204/2867 2820/2882
f 2820/2882 204/2867 69/2873
f 2629/2883 204/2867 41/2881
f 2820/2882 2629/2883 41/2881
f 69/2884 190/2871 73/2872
f 69/2884 286/2868 190/2871
f 2787/2885 69/2884 73/2872
f 2820/2886 69/2884 2787/2885
f 2629/2883 2553/2874 204/2867
f 73/2872 2353/2880 2412/2887
f 2787/2885 73/2872 2412/2887
f 2787/2885 2629/2888 2820/2886
f 2787/2885 2412/2887 2629/2888
f 2629/2888 2412/2887 2553/2889
f 275/2855 177/2845 112/2847
f 2412/2887 2353/2880 2553/2889
f 2094/225 2606/258 582/323
f 582/323 2606/258 669/2890
f 582/323 669/2890 335/2891
f 2210/2892 275/2893 2301/2894
f 1365/2895 1467/2896 1570/2807
f 348/2791 1570/2807 1467/2896
f 1365/2895 1787/2897 1467/2896
f 1787/2897 1365/2895 2785/2898
f 2271/2899 2212/2900 2465/2901
f 2785/2902 2212/2900 2362/2903
f 2212/2900 2271/2899 2362/2903
f 2616/2904 2785/2902 2362/2903
f 1787/2905 2785/2902 2616/2904
f 2378/2906 2362/2903 2271/2899
f 2616/2904 2362/2903 2378/2906
f 2107/2907 1787/2905 2378/2906
f 1787/2905 2616/2904 2378/2906
f 348/2791 1467/2896 1385/2811
f 1385/2811 1467/2896 1787/2897
f 1385/2811 1787/2897 1259/2908
f 1259/2909 1787/2910 1682/2911
f 1682/2912 1787/2905 2107/2907
f 1820/2913 1259/2909 1682/2911
f 1259/2909 1820/2913 1808/2914
f 1808/2914 1820/2913 1682/2911
f 1680/2915 1808/2914 1682/2911
f 1680/2915 1682/2911 1871/2916
f 1680/2915 1259/2909 1808/2914
f 1871/2916 1259/2909 1680/2915
f 2647/2917 1871/2916 1351/2918
f 1871/2916 1682/2911 1351/2918
f 1989/2810 1902/2793 2557/2809
f 1989/2859 1857/2857 1529/2919
f 1902/2793 1350/2920 1570/2807
f 1989/2810 1350/2920 1902/2793
f 1989/2810 1529/2921 1350/2920
f 1365/2895 1570/2807 1279/2922
f 1279/2922 1570/2807 1350/2920
f 1350/2920 1529/2921 1279/2922
f 1529/2919 1857/2857 1533/2923
f 1529/2919 1533/2923 1588/2924
f 1989/2859 2341/2858 1857/2857
f 1857/2857 1588/2924 1533/2923
f 1857/2857 281/2836 1588/2924
f 275/2855 1588/2924 281/2836
f 2785/2898 1365/2895 1279/2922
f 1529/2921 2785/2898 1279/2922
f 1529/2919 1588/2924 2465/2901
f 2785/2902 1529/2919 2212/2900
f 2212/2900 1529/2919 2465/2901
f 2107/2907 2271/2899 2465/2901
f 2378/2906 2271/2899 2107/2907
f 1588/2924 275/2855 2465/2901
f 275/2855 2107/2907 2465/2901
f 1682/2912 2107/2907 275/2855
f 1791/2925 1385/2926 1613/2927
f 1613/2928 1385/2929 2045/2930
f 2045/2930 1385/2929 1259/2931
f 2647/2917 1486/2932 1237/2933
f 1237/2933 1486/2932 1304/2934
f 2634/2935 2239/2936 2590/2937
f 1259/2909 2239/2936 2634/2935
f 2155/2938 2634/2935 1788/2939
f 2647/2917 1237/2933 1897/2940
f 1252/2941 1237/2933 1304/2934
f 1632/2942 1259/2909 1377/2943
f 1377/2943 1259/2909 2634/2935
f 1897/2940 1252/2941 1229/2944
f 1252/2941 1211/2945 1229/2944
f 1897/2940 1229/2944 1338/2946
f 1897/2940 1237/2933 1252/2941
f 2605/2947 1259/2909 1871/2916
f 2239/2936 1259/2909 2605/2947
f 2239/2936 1871/2916 2704/2948
f 2239/2936 2605/2947 1871/2916
f 2704/2948 1871/2916 2647/2917
f 2590/2937 2239/2936 2797/2949
f 2590/2937 2797/2949 2704/2948
f 2704/2948 2647/2917 2590/2937
f 2590/2937 2647/2917 2634/2935
f 1788/2939 2634/2935 2647/2917
f 2797/2949 2239/2936 2704/2948
f 1457/2950 2647/2917 1351/2918
f 1351/2918 1424/2951 1457/2950
f 275/2893 1351/2918 1682/2911
f 1424/2951 1351/2918 275/2893
f 2647/2917 1457/2950 1486/2932
f 1486/2932 1457/2950 1424/2951
f 1486/2932 1424/2951 275/2893
f 1304/2934 1486/2932 275/2893
f 1252/2941 1304/2934 275/2893
f 1788/2939 2647/2917 1897/2940
f 1211/2945 1252/2941 275/2893
f 2514/2952 1385/2926 1853/2953
f 2636/2954 1385/2926 2514/2952
f 2636/2812 2621/2832 2747/2831
f 2636/2812 2537/2829 2621/2832
f 2406/2955 2537/2829 2636/2812
f 275/2828 2537/2829 2406/2955
f 275/2893 1815/2956 2364/2957
f 2726/2958 2636/2954 2514/2952
f 2514/2952 2550/2959 2726/2958
f 2588/2960 2406/2955 2410/2961
f 2588/2960 275/2828 2406/2955
f 1815/2956 275/2893 2588/2962
f 2299/2963 2762/2964 2498/2965
f 1824/2966 2762/2964 2299/2963
f 1957/2967 2726/2958 2550/2959
f 2636/2954 2726/2958 1957/2967
f 2279/2968 1815/2956 2588/2962
f 2762/2964 1807/2969 2498/2965
f 1824/2966 2299/2963 2538/2970
f 1824/2966 1807/2969 2762/2964
f 1938/2971 1824/2966 2538/2970
f 2550/2959 2514/2952 2340/2972
f 2410/2973 2406/2974 2636/2954
f 2588/2962 2410/2975 2346/2976
f 2588/2962 2346/2976 2279/2968
f 2238/2420 2463/2977 1503/2978
f 2538/2979 2463/2977 2238/2420
f 2538/2979 1957/2980 2463/2977
f 2514/2952 1853/2953 2340/2972
f 1853/2953 1385/2926 1791/2925
f 1853/2953 1613/2927 2340/2972
f 1791/2925 1613/2927 1853/2953
f 1613/2927 1690/2981 2340/2972
f 2340/2972 1690/2981 2617/2982
f 1613/2927 1537/2983 1690/2981
f 1605/2984 1690/2981 1537/2983
f 1969/2985 2617/2982 1690/2981
f 1447/2986 1690/2987 1313/2988
f 1690/2981 1447/2989 1969/2985
f 1884/2990 1543/2991 2425/2992
f 1969/2985 1447/2989 1663/2993
f 2444/2994 1969/2985 1884/2990
f 1884/2990 1969/2985 1543/2991
f 1969/2985 1663/2993 1475/2995
f 1543/2991 1969/2985 1475/2995
f 2340/2972 2617/2982 1969/2985
f 2550/2959 2340/2972 1969/2985
f 1798/2996 1969/2985 2444/2994
f 2121/2997 1969/2985 1798/2996
f 2121/2997 2550/2959 1969/2985
f 1957/2967 2410/2973 2636/2954
f 2146/2998 2410/2973 1957/2967
f 2165/2999 2146/2998 1957/2967
f 2410/2975 2146/3000 2346/2976
f 2346/2976 2146/3000 2279/2968
f 1679/3001 2146/3002 2165/3003
f 1822/3004 1940/3005 2165/3003
f 1940/3005 1679/3001 2165/3003
f 1503/2978 2425/3006 1511/3007
f 1511/3007 2425/3006 1510/3008
f 1798/2996 1884/2990 2425/2992
f 1798/2996 2444/2994 1884/2990
f 2425/2992 2121/2997 1798/2996
f 2463/3009 2121/2997 2425/2992
f 2463/3009 2550/2959 2121/2997
f 1957/2967 2550/2959 2463/3009
f 2463/2977 2425/3006 1503/2978
f 2538/2979 2299/3010 1957/2980
f 2299/3010 2498/3011 1957/2980
f 2498/3012 1822/3004 1957/3013
f 1822/3004 2165/3003 1957/3013
f 2460/3014 2222/3015 2087/3016
f 2222/3017 2677/3018 2706/3019
f 2434/3020 1698/3021 2222/3015
f 2222/3017 1698/3022 2677/3018
f 2434/3020 2222/3015 2803/3023
f 2803/3023 2222/3015 2460/3014
f 2460/3014 2264/3024 2803/3023
f 2803/3023 1698/3021 2434/3020
f 1698/3022 1777/3025 2677/3018
f 2264/3024 1698/3021 2803/3023
f 1840/3026 1571/3027 2052/3028
f 1945/3029 1824/2966 1938/2971
f 2052/3028 1934/3030 1840/3026
f 1894/3031 1945/3029 2394/3032
f 2394/3032 1945/3029 2385/3033
f 1934/3030 2385/3033 1840/3026
f 1840/3026 2385/3033 1945/3029
f 2654/3034 1894/3031 2394/3032
f 2394/3032 2385/3033 1458/3035
f 1934/3030 2052/3028 2385/3033
f 2052/3028 1571/3027 2385/3033
f 1458/3035 2385/3033 1571/3027
f 1947/480 582/323 472/3036
f 472/3036 540/3037 470/3038
f 475/3039 472/3036 470/3038
f 1879/3040 472/3036 475/3039
f 1879/3040 475/3039 470/3038
f 1826/3041 1879/3040 470/3038
f 1950/3042 1879/3040 1826/3041
f 1889/3043 1826/3041 470/3038
f 1950/3042 1826/3041 1889/3043
f 572/3044 1950/3042 623/3045
f 623/3045 1950/3042 1889/3043
f 1795/3046 582/323 335/2891
f 472/3036 582/323 540/3037
f 540/3037 582/323 470/3038
f 470/3038 582/323 1795/3046
f 2364/2957 2301/2894 275/2893
f 2364/2957 1815/2956 2256/3047
f 2301/2894 2364/2957 2256/3047
f 2256/3047 1801/3048 2301/2894
f 2724/3049 1815/2956 2279/2968
f 1807/3050 1822/3004 2498/3012
f 1253/3051 275/2893 2210/2892
f 2256/3047 1815/2956 2724/3049
f 2256/3047 2724/3049 2789/3052
f 2256/3047 2789/3052 1801/3048
f 1801/3048 2210/2892 2301/2894
f 2210/2892 1801/3048 2789/3052
f 2279/2968 2789/3052 2724/3049
f 2279/2968 2146/3000 2789/3052
f 1253/3051 2210/2892 2789/3052
f 1822/3004 2139/3053 1940/3005
f 1807/3050 2139/3053 1822/3004
f 1940/3005 2139/3053 1679/3001
f 2139/3053 1521/3054 1679/3001
f 1807/3050 1253/3055 2139/3053
f 1253/3055 1807/3050 1823/3056
f 1253/3055 1521/3054 2139/3053
f 1947/480 472/3036 1879/3040
f 1950/3042 1947/480 1879/3040
f 1889/3043 470/3038 1795/3046
f 2087/3057 2222/3017 2706/3019
f 1824/3058 2036/3059 1807/3050
f 2036/3059 2706/3019 2392/3060
f 2036/3059 2392/3060 1807/3050
f 1949/3061 2087/3016 1824/2966
f 2460/3014 2087/3016 1949/3061
f 2264/3024 1949/3061 1824/2966
f 1949/3061 2264/3024 2460/3014
f 2264/3024 1824/2966 1945/3029
f 1824/3058 2087/3057 2036/3059
f 2087/3057 2706/3019 2036/3059
f 2461/3062 1807/3050 2392/3060
f 2264/3024 1945/3029 1894/3031
f 2654/3034 2264/3024 1894/3031
f 2706/3019 2677/3018 2392/3060
f 2677/3018 1777/3025 2392/3060
f 1823/3056 1777/3025 1698/3022
f 2264/3024 1823/3063 1698/3021
f 1823/3056 2392/3060 1777/3025
f 2461/3062 2392/3060 1823/3056
f 1823/3056 1807/3050 2461/3062
f 1302/3064 1253/3055 1823/3056
f 2654/3034 1823/3063 2264/3024
f 1302/3065 1823/3063 2654/3034
f 1830/3066 1613/2928 2045/2930
f 2548/3067 2693/3068 1407/3069
f 1605/3070 1243/3071 1690/2987
f 1605/3070 1753/3072 1243/3071
f 1605/3070 1657/3073 1753/3072
f 1605/3070 1537/3074 1657/3073
f 1657/3073 1537/3074 1613/3075
f 1394/3076 1613/2928 1397/3077
f 1753/3072 1657/3073 1519/3078
f 1613/2928 1394/3076 1484/3079
f 1657/3073 1613/3075 1764/3080
f 1657/3073 1764/3080 1485/3081
f 1613/3075 1455/3082 1764/3080
f 1485/3081 1764/3080 1490/3083
f 1764/3080 1455/3082 1490/3083
f 1613/2928 1750/3084 1455/3085
f 1613/2928 1484/3079 1750/3084
f 1251/3086 1455/3085 1750/3084
f 1276/3087 1613/2928 1779/3088
f 2548/3067 1276/3087 1779/3088
f 1613/2928 1830/3066 1779/3088
f 2548/3067 1779/3088 2693/3068
f 1779/3088 1830/3066 2693/3068
f 1397/3077 1613/2928 1276/3087
f 1750/3084 1484/3079 1394/3076
f 1397/3077 1276/3087 2548/3067
f 1394/3076 1397/3077 2548/3067
f 1485/3081 1519/3078 1657/3073
f 1426/3089 1519/3078 1485/3081
f 1426/3089 1753/3072 1519/3078
f 1426/3089 1546/3090 1753/3072
f 1419/3091 1243/3071 1753/3072
f 1546/3090 1419/3091 1753/3072
f 1474/3092 1420/3093 1435/3094
f 1402/3095 1420/3093 1474/3092
f 1435/3094 1420/3093 1456/3096
f 1456/3096 1420/3093 1437/3097
f 1474/3092 1435/3094 1456/3096
f 1437/3097 1420/3093 1402/3095
f 1474/3098 1456/3099 1428/3100
f 1428/3101 1456/3096 1437/3097
f 1374/3102 1402/3103 1474/3098
f 1451/3104 1374/3102 1474/3098
f 1347/3105 1428/3101 1437/3097
f 1409/3106 1474/3098 1428/3100
f 1451/3104 1766/3107 1374/3102
f 1347/3105 1402/3095 1374/3108
f 1347/3105 1437/3097 1402/3095
f 1409/3106 1428/3100 1347/3109
f 1374/3108 1766/3110 1598/3111
f 1374/3108 1598/3111 1347/3105
f 1460/3112 1750/3084 1419/3113
f 1546/3090 1460/3114 1419/3091
f 1460/3112 1251/3086 1750/3084
f 1485/3081 1546/3090 1426/3089
f 1485/3081 1544/3115 1546/3090
f 1544/3115 1460/3114 1546/3090
f 1485/3081 1459/3116 1544/3115
f 1485/3081 1490/3083 1277/3117
f 1459/3116 1485/3081 1277/3117
f 1243/3118 2548/3067 2817/3119
f 1216/3120 1243/3118 2817/3119
f 1238/3121 1216/3120 2817/3119
f 1419/3113 1394/3076 2548/3067
f 1750/3084 1394/3076 1419/3113
f 1243/3118 1419/3113 2548/3067
f 1690/2987 1243/3071 1238/3122
f 1238/3121 1243/3118 1216/3120
f 1459/3116 1460/3114 1544/3115
f 1326/3123 1460/3114 1459/3116
f 1326/3124 1249/3125 1460/3112
f 1326/3124 1277/3126 1249/3125
f 1830/3066 2045/2930 2693/3068
f 2045/2930 1259/2931 1282/3127
f 2045/2930 1282/3127 2693/3068
f 2693/3068 1282/3127 1281/3128
f 1282/3127 1259/2931 1632/3129
f 1282/3127 1632/3129 1230/3130
f 1281/3128 1282/3127 1230/3130
f 1281/3131 1632/2942 1377/2943
f 1281/3128 1230/3130 1632/3129
f 1407/3069 2693/3068 1362/3132
f 1281/3131 1377/2943 1338/2946
f 1362/3132 2693/3068 1281/3128
f 1622/3133 1281/3131 1228/3134
f 2816/3135 1407/3136 1387/3137
f 1407/3138 1362/3139 1212/3140
f 1217/3141 1407/3138 1212/3140
f 1217/3141 1273/3142 1407/3138
f 1407/3138 1273/3142 1651/3143
f 1217/3141 1212/3140 1236/3144
f 1273/3142 1217/3141 1236/3144
f 1313/2988 1690/2987 1384/3145
f 1313/3146 1384/3147 1675/3148
f 2425/3006 1675/3149 1510/3008
f 1675/3149 1384/3150 1510/3008
f 1384/3145 1690/2987 1238/3122
f 1384/2424 1238/3151 2816/3135
f 1238/3121 2817/3119 2548/3067
f 1238/3121 2548/3067 2816/3152
f 1384/2424 2816/3135 2339/2419
f 1274/2418 1384/2424 2339/2419
f 1447/2989 1313/3146 1699/3153
f 1447/2989 1766/3107 1451/3104
f 1447/2989 1699/3153 1766/3107
f 1663/2993 1447/2989 1451/3104
f 2425/3006 1543/3154 1675/3149
f 1451/3104 1474/3098 1409/3106
f 1475/2995 1663/2993 1451/3104
f 1475/2995 1451/3104 1299/3155
f 1451/3104 1409/3106 1299/3155
f 1299/3156 1409/3157 1347/3105
f 1299/3156 1347/3105 1598/3111
f 1475/2995 1299/3155 1543/2991
f 1313/3146 1442/3158 1699/3153
f 1675/3148 1442/3158 1313/3146
f 1543/3154 1357/3159 1675/3149
f 1699/3160 1442/3161 1766/3162
f 1543/3154 1335/3163 1357/3159
f 1442/3161 1357/3159 1766/3162
f 1766/3162 1357/3159 1335/3163
f 1675/3149 1357/3159 1442/3161
f 1335/3163 1322/3164 1766/3162
f 1766/3162 1322/3164 1598/3165
f 1335/3163 1598/3165 1322/3164
f 1299/3166 1598/3165 1543/3154
f 1543/3154 1598/3165 1335/3163
f 2816/3152 2548/3067 1407/3069
f 2339/2419 2816/3135 1387/3137
f 1511/3007 1510/3008 1733/3167
f 1733/3167 1510/3008 1516/3168
f 1703/3169 1510/3008 1384/3150
f 1516/3168 1510/3008 1703/3169
f 1689/3170 1511/3007 1733/3167
f 1733/3167 1516/3168 1656/3171
f 1656/3171 1516/3168 1703/3169
f 1498/3172 1733/3167 1656/3171
f 1689/3170 1733/3167 1498/3172
f 1503/2978 1511/3007 1534/3173
f 1534/3173 1689/3170 1581/3174
f 1534/3173 1511/3007 1689/3170
f 1581/3174 1689/3170 1561/3175
f 1561/3175 1689/3170 1498/3172
f 1581/3174 1561/3175 1498/3172
f 1498/3172 1656/3171 1703/3169
f 1319/3176 1498/3172 1703/3169
f 1319/3176 1703/3169 1384/3150
f 1314/3177 1498/3172 1319/3176
f 2339/2419 1387/3137 2020/2417
f 1387/3137 1407/3136 1417/2707
f 2020/2417 1387/3137 1417/2707
f 1273/3142 1236/3144 1244/3178
f 1651/3143 1244/3178 1236/3144
f 1651/3143 1273/3142 1244/3178
f 1407/3138 1651/3143 1515/3179
f 1515/3179 1651/3143 1706/3180
f 1277/3117 1490/3083 1455/3082
f 1251/3086 1231/3181 1455/3085
f 1455/3085 1231/3181 1277/3126
f 1249/3125 1251/3086 1460/3112
f 1277/3126 1251/3086 1249/3125
f 1277/3126 1231/3181 1251/3086
f 1459/3116 1277/3117 1326/3123
f 1788/2939 1897/2940 2155/2938
f 2155/2938 1897/2940 2634/2935
f 1530/3182 1626/3183 1373/3184
f 1607/3185 1626/3183 1530/3182
f 1530/3182 1373/3184 1953/3186
f 1607/3185 1530/3182 1953/3186
f 1604/3187 1607/3185 1953/3186
f 1604/3187 1953/3186 1706/3180
f 2130/3188 1953/3186 1936/3189
f 1953/3190 275/2893 1253/3051
f 1897/2940 1338/2946 2634/2935
f 1377/2943 2634/2935 1338/2946
f 1338/2946 1229/2944 1228/3134
f 1228/3134 1229/2944 1211/2945
f 1281/3131 1338/2946 1228/3134
f 1481/3191 1211/2945 275/2893
f 1622/3133 1228/3134 1211/2945
f 1281/3131 1622/3133 1481/3191
f 1622/3133 1211/2945 1481/3191
f 1362/3192 1281/3131 1481/3191
f 1212/3140 1362/3139 1626/3183
f 1626/3183 1362/3139 1373/3184
f 1373/3193 1362/3192 1481/3191
f 1373/3193 1481/3191 1953/3190
f 1626/3183 1604/3187 1212/3140
f 1604/3187 1706/3180 1212/3140
f 1481/3191 275/2893 1953/3190
f 1607/3185 1604/3187 1626/3183
f 1521/3054 2146/3002 1679/3001
f 1253/3055 2146/3002 1521/3054
f 2146/3000 1253/3051 2789/3052
f 1936/3189 1253/3055 1302/3064
f 1253/3055 1936/3189 1953/3186
f 1953/3186 2130/3188 1706/3180
f 1302/3064 2130/3188 1936/3189
f 1602/3194 1458/3035 1571/3027
f 1236/3144 1212/3140 1706/3180
f 1651/3143 1236/3144 1706/3180
f 1555/3195 1706/3180 2130/3188
f 1555/3195 2130/3188 1302/3064
f 1555/3195 1515/3179 1706/3180
f 1938/3196 2538/3197 2282/3198
f 2282/3199 2538/2979 2238/2420
f 2242/3200 1840/3201 1938/3202
f 1785/3203 1840/3201 2242/3200
f 1938/2971 1840/3026 1945/3029
f 2801/3204 2611/3205 1974/3206
f 1974/3206 2611/3205 2174/3207
f 2801/3204 1974/3206 2720/3208
f 2232/3209 2801/3204 2720/3208
f 2232/3209 2720/3208 1974/3206
f 1785/3210 2247/3211 2215/3212
f 2672/3213 1938/3196 2282/3198
f 2672/3213 2247/3211 1938/3196
f 2240/3214 1785/3210 2215/3212
f 2646/3215 2240/3216 2215/3217
f 1965/3218 2154/3219 2646/3220
f 2646/3220 2296/3221 2016/3222
f 2247/3223 1785/3203 2242/3200
f 2247/3223 2242/3200 1938/3202
f 2232/3224 2545/3225 2326/3226
f 1302/3227 2232/3228 2326/3229
f 2559/3230 2215/3212 2247/3211
f 2646/3220 2215/3231 2559/3232
f 2646/3220 2559/3232 2296/3221
f 2559/3232 2326/3233 2296/3221
f 2247/3211 2326/3229 2559/3230
f 2672/3213 2326/3229 2247/3211
f 2305/490 1947/480 1585/527
f 1812/3234 2082/522 1585/527
f 1585/3235 1947/3236 1741/3237
f 2274/3238 2238/2434 2101/2440
f 1979/3239 2282/3198 1891/3240
f 1979/3239 2672/3213 2282/3198
f 2202/3241 1809/3242 2238/2434
f 2202/3241 2238/2434 2274/3238
f 1831/3243 1809/3242 2202/3241
f 2274/3238 2101/2440 1831/3243
f 2101/2440 1825/2444 1831/3243
f 1825/2493 1913/3244 1831/3245
f 1825/2493 1817/3246 1913/3244
f 1913/3244 1817/3246 1831/3245
f 2274/3238 1831/3243 2202/3241
f 1891/3240 1831/3247 1843/3248
f 1843/3248 1831/3247 2713/3249
f 1831/3245 1817/3246 2713/3250
f 1843/3248 2713/3249 1834/3251
f 2713/3249 1631/3252 1834/3251
f 1891/3253 2282/3254 1809/3242
f 1979/3239 1891/3240 2072/3255
f 1891/3253 1809/3242 1831/3243
f 2072/3255 1891/3240 2059/3256
f 1979/3239 2072/3255 2059/3256
f 2059/3256 1891/3240 1843/3248
f 2178/3257 1843/3248 1834/3251
f 2059/3256 1843/3248 2178/3257
f 1979/3239 2059/3256 2178/3257
f 2282/3254 2238/2434 1809/3242
f 2357/3258 2047/3259 2672/3213
f 2310/3260 2672/3213 2047/3259
f 2252/3261 2672/3213 2310/3260
f 2302/3262 1738/3263 2344/3264
f 2344/3264 2357/3258 2672/3213
f 1738/3263 2357/3258 2344/3264
f 2344/3264 2672/3213 1979/3239
f 1979/3239 2178/3257 1851/3265
f 1903/3266 1979/3239 1851/3265
f 2178/3257 1834/3251 1971/3267
f 1851/3265 2178/3257 2544/3268
f 1851/3265 2544/3268 1903/3266
f 2178/3257 1971/3267 1404/3269
f 2544/3268 2178/3257 1404/3269
f 1903/3266 2344/3264 1979/3239
f 1858/3270 1947/480 1636/3271
f 549/3272 1950/3042 572/3044
f 549/3272 572/3044 626/3273
f 494/3274 1950/3042 549/3272
f 549/3272 626/3273 1889/3043
f 1947/480 1950/3042 494/3274
f 1684/3275 494/3274 549/3272
f 1684/3275 549/3272 1889/3043
f 1889/3043 572/3044 623/3045
f 626/3273 572/3044 1889/3043
f 1947/480 494/3274 1684/3275
f 1947/480 1684/3275 1765/3276
f 1765/3276 1684/3275 1694/3277
f 1732/3278 1947/480 1765/3276
f 1636/3271 1732/3278 1765/3276
f 1636/3271 1765/3276 1694/3277
f 1732/3278 1636/3271 1947/480
f 1858/3270 1636/3271 1694/3277
f 1684/3275 1889/3043 1694/3277
f 1889/3043 1795/3046 1630/3279
f 1889/3043 1630/3279 1694/3277
f 1575/3280 1947/3236 1858/3281
f 1858/3281 1694/3282 1901/3283
f 1741/3237 1947/3236 1575/3280
f 1858/3281 1901/3283 262/3284
f 1666/3285 1858/3281 262/3284
f 1901/3283 1694/3282 1630/3286
f 335/2891 1630/3279 1795/3046
f 1919/3287 1901/3283 1630/3286
f 1901/3283 1919/3287 262/3284
f 262/3284 1919/3287 335/3288
f 335/3288 1919/3287 1630/3286
f 260/3289 262/3284 335/3288
f 251/3290 262/3284 260/3289
f 2232/3209 1302/3065 2801/3204
f 2174/3207 2654/3034 2394/3032
f 1302/3065 2174/3207 2611/3205
f 1302/3065 2611/3205 2801/3204
f 1302/3065 2654/3034 2174/3207
f 1666/3285 1575/3280 1858/3281
f 1666/3285 262/3284 1668/3291
f 1668/3291 262/3284 251/3290
f 251/3290 260/3289 335/3288
f 315/3292 251/3290 335/3288
f 1575/3280 1666/3285 1668/3291
f 1585/3235 1741/3237 1930/3293
f 1741/3237 1575/3280 1668/3291
f 1741/3237 1668/3291 1973/3294
f 1973/3294 1668/3291 1930/3293
f 1930/3293 1668/3291 251/3290
f 1930/3293 251/3290 315/3292
f 1741/3237 1973/3294 1930/3293
f 1585/3235 1930/3293 315/3292
f 1585/3235 315/3292 1873/3295
f 1812/3234 1585/527 1649/3296
f 1649/3297 1585/3298 1761/3299
f 1761/3299 1585/3298 1873/3300
f 1761/3299 1873/3300 1792/3301
f 1792/3301 1873/3300 1963/3302
f 1761/3299 1792/3301 1963/3302
f 1761/3303 1812/3304 1649/3305
f 1646/3306 1963/3302 1873/3300
f 1873/3295 315/3292 1646/3307
f 1761/3299 1963/3302 1646/3306
f 1646/3307 315/3292 335/3288
f 1711/3308 1761/3309 1646/3310
f 1646/3310 335/321 1711/3308
f 1711/3308 335/321 525/546
f 2238/2420 1503/2978 1383/2421
f 1383/2421 1503/2978 1380/2425
f 1734/2427 1380/2425 1717/3311
f 1314/3177 1319/3176 1384/3150
f 1503/2978 1534/3173 1380/2425
f 1717/3311 1380/2425 1314/3177
f 1717/3311 1314/3177 1384/3150
f 1380/2425 1534/3173 1444/3312
f 1444/3312 1534/3173 1581/3174
f 1380/2425 1444/3312 1314/3177
f 1581/3174 1498/3172 1314/3177
f 1444/3312 1581/3174 1314/3177
f 2016/3222 1965/3218 2646/3220
f 1602/3194 1571/3027 1840/3026
f 1775/3313 1840/3201 1662/3314
f 1662/3314 1840/3201 1785/3203
f 1662/3314 1700/3315 1775/3313
f 1576/3316 1662/3314 1785/3203
f 2326/3226 1576/3316 1785/3203
f 1754/3317 1775/3313 1700/3315
f 1686/3318 1775/3313 1754/3317
f 1576/3316 1700/3315 1662/3314
f 1576/3316 1754/3317 1700/3315
f 1686/3318 1754/3317 1576/3316
f 2326/3226 2545/3225 1686/3318
f 2326/3226 1686/3318 1576/3316
f 1985/3319 1785/3203 2240/3216
f 2240/3216 2154/3320 1985/3319
f 2326/3233 1976/3321 2296/3221
f 2296/3221 1976/3321 2160/3322
f 2646/3215 2154/3320 2240/3216
f 1898/3323 2296/3324 2160/3325
f 2016/3222 2296/3221 1898/3326
f 2160/3325 1785/3203 1985/3319
f 1846/3327 1985/3319 2154/3320
f 1846/3327 2160/3325 1985/3319
f 1898/3323 2160/3325 1846/3327
f 1898/3323 1846/3327 2154/3320
f 2016/3222 2154/3219 1965/3218
f 1898/3326 2154/3219 2016/3222
f 2252/3261 1302/3227 2672/3213
f 1976/3321 2326/3233 2160/3322
f 2160/3325 2326/3226 1785/3203
f 1974/3206 2174/3207 1458/3035
f 1974/3206 1458/3035 1740/3328
f 1740/3328 1602/3194 1840/3026
f 2232/3209 1974/3206 1740/3328
f 1775/3313 1740/3329 1840/3201
f 2232/3224 1740/3329 1775/3313
f 1686/3318 2232/3224 1775/3313
f 2545/3225 2232/3224 1686/3318
f 1302/3227 2326/3229 2672/3213
f 1740/3328 1458/3035 1602/3194
f 2084/3330 1555/3331 1302/3227
f 2174/3207 2394/3032 1458/3035
f 1407/3136 1515/2709 1417/2707
f 670/2706 1417/2707 1515/2709
f 1327/2717 1515/2725 1513/2719
f 1246/2715 1515/2725 1327/2717
f 1320/2726 1515/2725 1555/3332
f 1825/2493 1368/2492 1817/3246
f 1817/3246 1368/2492 1413/3333
f 1817/3246 1413/3333 1760/2510
f 1817/3246 1760/2510 1631/3334
f 1685/3335 1631/3334 1760/2510
f 1685/3335 1760/2510 1495/2509
f 1817/3246 1631/3334 2713/3250
f 1631/3252 1367/3336 1834/3251
f 1834/3251 1367/3336 1971/3267
f 1324/3337 1631/3338 1685/3339
f 1730/2495 1368/2492 1478/2494
f 1356/3340 1368/2492 1730/2495
f 1356/3340 1413/3333 1368/2492
f 1730/2495 1413/3333 1356/3340
f 1730/2495 1760/2510 1413/3333
f 1268/3341 1631/3338 1324/3337
f 2783/3342 2097/3343 2560/3344
f 2783/3342 2560/3344 1258/3345
f 2494/3346 2783/3342 1258/3345
f 1786/3347 2783/3342 2494/3346
f 2684/3348 2494/3346 1258/3345
f 1786/3347 2494/3346 2684/3348
f 1971/3267 1367/3336 1404/3269
f 2544/3268 1404/3269 1432/3349
f 1631/3252 1268/3350 1367/3336
f 1367/3336 1247/3351 1404/3269
f 1247/3351 1367/3336 1317/3352
f 1268/3350 1317/3352 1367/3336
f 1432/3349 1404/3269 1247/3351
f 1432/3349 1247/3351 1316/3353
f 1316/3353 1247/3351 1255/3354
f 1223/3355 1432/3349 1316/3353
f 1317/3352 1268/3350 1247/3351
f 1255/3354 1247/3351 1268/3350
f 2560/3356 1268/3341 1324/3337
f 1316/3357 1255/3358 2558/3359
f 1324/3337 1223/3360 2560/3356
f 1260/3361 1223/3362 1324/3363
f 1260/3361 1324/3363 1258/3345
f 1258/3345 2772/3364 1260/3361
f 1260/3361 2772/3364 1223/3362
f 1223/3360 2571/3365 2560/3356
f 1223/3366 1316/3357 2558/3359
f 1223/3366 2558/3359 2571/3367
f 2571/3367 2558/3359 2095/3368
f 2772/3364 2560/3344 2571/3369
f 1258/3345 2560/3344 2772/3364
f 2097/3370 1960/3371 1268/3341
f 1836/3372 1268/3341 1960/3371
f 1255/3358 1268/3341 1836/3372
f 2097/3370 1268/3341 2560/3356
f 2097/3370 1836/3372 1960/3371
f 2558/3359 1255/3358 1836/3372
f 2095/3368 2558/3359 1836/3372
f 2095/3368 1836/3372 2097/3370
f 2571/3367 2095/3368 2097/3370
f 2772/3373 2571/3374 1786/3347
f 1786/3347 2571/3374 2097/3343
f 2772/3373 1786/3347 1223/3375
f 2097/3343 2783/3342 1786/3347
f 1223/3375 1786/3347 2084/3376
f 2310/3260 2047/3259 1708/3377
f 1704/3378 2310/3260 1708/3377
f 1833/3379 2047/3259 2357/3258
f 1738/3263 1833/3379 2357/3258
f 1708/3377 2047/3259 1833/3379
f 1833/3379 1720/3380 1708/3377
f 1738/3263 1708/3377 1720/3380
f 1704/3378 1708/3377 1738/3263
f 1738/3263 1720/3380 1833/3379
f 2252/3261 2310/3260 1704/3378
f 2252/3261 1704/3378 1738/3263
f 2302/3262 2252/3261 1738/3263
f 2344/3264 2252/3261 2302/3262
f 1903/3266 2252/3261 2344/3264
f 2544/3268 2084/3330 1903/3266
f 2544/3268 1432/3349 2084/3330
f 2084/3330 2252/3261 1903/3266
f 2084/3330 1302/3227 2252/3261
f 1432/3349 1223/3355 2084/3330
f 1677/2731 1580/2733 1320/3381
f 1677/2731 1320/3381 1438/3382
f 1438/3382 1320/3381 1291/3383
f 1291/3383 1343/3384 1438/3382
f 1438/3382 1343/3384 1677/2731
f 1343/3384 1509/2734 1677/2731
f 2084/3376 1320/3385 1296/3386
f 1296/3387 1320/2726 1555/3332
f 1296/3388 1555/3331 2084/3330
f 2675/1091 1982/1084 498/3389
f 498/3390 1982/3391 1842/3392
f 1982/3391 1829/3393 1842/3392
f 624/1097 2675/1091 498/3389
f 498/3390 1842/3392 1829/3393
f 655/1086 602/1069 1812/526
f 655/1086 1982/1084 616/1085
f 1812/526 1982/1084 655/1086
f 1982/3391 47/3394 1829/3393
f 498/3390 1829/3393 47/3394
f 1812/3304 141/3395 1982/3391
f 141/3395 47/3394 1982/3391
f 141/3395 1812/3304 1761/3303
f 498/3390 47/3394 330/3396
f 47/3394 141/3395 330/3396
f 498/3390 330/3396 141/3395
f 498/3390 141/3395 131/3397
f 498/3390 83/3398 309/3399
f 143/3400 498/3390 309/3399
f 224/3401 498/3390 143/3400
f 86/3402 498/3403 224/3404
f 624/3405 498/3403 181/3406
f 181/3406 498/3403 406/3407
f 406/3407 498/3403 86/3402
f 27/3408 406/3407 86/3402
f 27/3408 86/3402 408/3409
f 408/3409 86/3402 42/3410
f 141/3395 1761/3303 1711/3411
f 498/3390 131/3397 83/3398
f 83/3398 131/3397 438/3412
f 141/3395 438/3412 131/3397
f 441/3413 83/3398 25/3414
f 141/3395 387/3415 438/3412
f 83/3398 438/3412 25/3414
f 25/3414 438/3412 387/3415
f 441/3413 25/3414 1966/3416
f 1711/3411 387/3415 141/3395
f 25/3414 387/3415 420/3417
f 143/3400 83/3398 441/3413
f 309/3399 83/3398 143/3400
f 143/3400 441/3413 1966/3416
f 1966/3416 25/3414 363/3418
f 337/3419 143/3420 1995/3421
f 1995/3422 143/3400 1966/3416
f 337/3419 25/3423 31/3424
f 224/3404 143/3420 337/3419
f 86/3402 224/3404 318/3425
f 1839/3426 337/3419 1995/3421
f 31/3424 318/3425 224/3404
f 224/3404 337/3419 31/3424
f 1966/3416 363/3418 374/3427
f 374/3427 363/3418 25/3414
f 1995/3422 1966/3416 374/3427
f 1995/3422 374/3427 25/3414
f 25/3414 420/3417 31/3428
f 1987/3429 1995/3421 25/3423
f 1987/3429 25/3423 337/3419
f 1839/3426 1995/3421 1987/3429
f 318/3425 31/3424 28/3430
f 28/3431 31/3428 420/3417
f 420/3417 387/3415 28/3431
f 28/3431 387/3415 1711/3411
f 2384/1116 1711/1138 525/451
f 28/3432 1711/1138 2153/1118
f 86/3402 318/3425 28/3430
f 337/3419 1839/3426 1987/3429
f 86/3402 28/3430 308/3433
f 1589/3434 28/3432 2153/1118
f 624/3435 181/3436 1852/3437
f 181/3406 406/3407 1589/3438
f 406/3407 27/3408 211/3439
f 128/3440 406/3407 211/3439
f 211/3439 27/3408 408/3409
f 128/3440 211/3439 408/3409
f 128/3440 408/3409 402/3441
f 128/3440 125/3442 346/3443
f 128/3440 385/3444 406/3407
f 128/3440 346/3443 385/3444
f 1589/3438 406/3407 385/3444
f 1589/3438 385/3444 346/3443
f 1893/2647 1852/1167 181/2649
f 402/3441 418/3445 125/3442
f 125/3442 42/3410 86/3402
f 125/3442 86/3402 308/3433
f 42/3410 125/3442 418/3445
f 288/3446 408/3409 42/3410
f 402/3441 288/3446 418/3445
f 42/3410 418/3445 288/3446
f 402/3441 408/3409 288/3446
f 402/3441 125/3442 128/3440
f 308/3433 346/3443 125/3442
f 1648/2066 1589/3434 2153/1118
f 2436/3447 2712/2508 2643/2513
f 2436/3447 1931/3448 2712/2508
f 2436/3447 2643/2513 1286/2458
f 1597/2562 1931/3448 2436/3447
f 1597/2562 2436/3447 1286/2458
f 2050/3449 2161/3450 1685/3451
f 2161/3450 1728/3452 1685/3451
f 1728/3452 2161/3450 2050/3449
f 1358/3453 1728/3452 2050/3449
f 1358/3453 1592/3454 1728/3452
f 1931/3448 1495/2509 2712/2508
f 1567/2561 1494/3455 1597/2562
f 1480/3456 1567/2561 1470/2563
f 1597/2562 1495/2509 1931/3448
f 1494/3455 1495/2509 1597/2562
f 1494/3455 1685/3335 1495/2509
f 1939/2564 1685/3335 1567/2561
f 1567/2561 1685/3335 1494/3455
f 1939/2564 1567/2561 1480/3456
f 1258/3457 1324/3337 1685/3339
f 2141/3458 1258/3457 1685/3339
f 1592/3454 2141/3459 1728/3452
f 1728/3452 2141/3459 1685/3451
f 1715/3460 1592/3454 1358/3453
f 1715/3460 1410/3461 1592/3454
f 1866/3462 1410/3461 2800/2579
f 1786/3347 2684/3348 2556/3463
f 2556/3463 2684/3348 1258/3345
f 2141/3464 2556/3463 1258/3345
f 1786/3347 2556/3463 2141/3464
f 1410/3461 1866/3462 1592/3454
f 1866/3462 2141/3459 1592/3454
f 1939/2564 1480/3456 1470/2563
f 2050/3449 1685/3451 1939/2580
f 2800/2579 2050/3449 1939/2580
f 1358/3453 2050/3449 2800/2579
f 1358/3453 2800/2579 1661/3465
f 1586/3466 1410/3461 1715/3460
f 2800/2579 1410/3461 1586/3466
f 1661/3465 1586/3466 1715/3460
f 1358/3453 1661/3465 1715/3460
f 1661/3465 2800/2579 1586/3466
f 1786/3347 1320/3385 2084/3376
f 2141/3464 1320/3385 1786/3347
f 2800/2579 2141/3459 1866/3462
f 1085/3467 2141/3459 2800/2579
f 1440/3468 1320/3385 1654/3469
f 1343/3470 1440/3468 1654/3469
f 1440/3468 1291/3471 1320/3385
f 1440/3468 1343/3470 1291/3471
f 2141/3464 1343/3470 1654/3469
f 1654/3469 1320/3385 2141/3464
f 1085/3467 1343/3472 2141/3459
f 1085/2752 876/2736 1509/2734
f 1085/2752 1509/2734 1343/3384
f 1589/3438 346/3443 308/3433
f 1589/3438 308/3433 28/3430
f 1323/2688 2800/2585 1305/2589
f 181/2649 1589/3473 255/2651
f 216/3474 2467/3475 1860/3476
f 1369/3477 622/3478 1647/3479
f 672/3480 1572/3481 684/3482
f 1572/3481 760/3483 684/3482
f 1369/3477 1647/3479 1572/3481
f 1572/3481 1647/3479 760/3483
f 980/3484 2467/3475 749/3485
f 1800/3486 1487/3487 1405/3488
f 1619/3489 1800/3486 1405/3488
f 216/3474 1430/3490 2467/3475
f 1430/3490 1427/3491 2467/3475
f 1430/3490 1619/3489 1427/3491
f 1278/3492 2467/3475 1427/3491
f 1427/3491 1405/3488 1278/3492
f 1619/3489 1405/3488 1427/3491
f 2467/3475 1572/3481 672/3480
f 2467/3475 1369/3477 1572/3481
f 1278/3492 1369/3477 2467/3475
f 1369/3477 1405/3488 622/3478
f 1278/3492 1405/3488 1369/3477
f 1405/3488 1415/3493 622/3478
f 622/3478 1415/3493 591/3494
f 1405/3488 1487/3487 1415/3493
f 1538/3495 1625/3496 1620/3497
f 1620/3497 1625/3496 591/3494
f 1415/3493 1620/3497 591/3494
f 1415/3493 1538/3495 1620/3497
f 1487/3487 1538/3495 1415/3493
f 1800/3486 1525/3498 1487/3487
f 1512/3499 1800/3486 1619/3489
f 216/3474 1619/3489 1430/3490
f 1619/3489 1650/3500 1512/3499
f 1512/3499 1525/3498 1800/3486
f 1558/3501 1525/3498 1512/3499
f 1512/3499 1650/3500 1558/3501
f 216/3474 1650/3500 1619/3489
f 1603/3502 1378/3503 1306/3504
f 1558/3501 1603/3502 1306/3504
f 1650/3500 1639/3505 1558/3501
f 216/3474 1639/3505 1650/3500
f 1487/3487 1214/3506 1526/3507
f 1526/3507 1423/3508 1487/3487
f 1526/3507 1538/3495 1423/3508
f 1306/3504 1526/3507 1214/3506
f 1558/3501 1306/3504 1525/3498
f 1525/3498 1306/3504 1487/3487
f 1487/3487 1306/3504 1214/3506
f 1234/3509 673/3510 1219/3511
f 1219/3511 673/3510 1625/3496
f 1452/3512 448/3513 1497/3514
f 1526/3507 1219/3511 1625/3496
f 1526/3507 1625/3496 1538/3495
f 1423/3508 1538/3495 1487/3487
f 673/3510 1497/3514 458/3515
f 1234/3509 1403/3516 673/3510
f 1403/3516 1452/3512 673/3510
f 1452/3512 1497/3514 673/3510
f 1403/3516 448/3513 1452/3512
f 1234/3509 448/3513 1505/3517
f 1505/3517 448/3513 1403/3516
f 1261/3518 1434/3519 448/3513
f 1261/3518 448/3513 1234/3509
f 1219/3511 1378/3503 1234/3509
f 1306/3504 1219/3511 1526/3507
f 1505/3517 1403/3516 1234/3509
f 1378/3503 1219/3511 1306/3504
f 1378/3503 1337/3520 1234/3509
f 1222/3521 1261/3518 1234/3509
f 1337/3520 1222/3521 1234/3509
f 2517/3522 1860/3523 2131/3524
f 1614/3525 845/3526 1434/3527
f 1445/3528 1614/3525 1434/3527
f 1400/3529 1445/3528 1434/3527
f 1294/3530 1400/3529 1434/3527
f 1614/3525 1522/3531 845/3526
f 1566/3532 845/3526 1522/3531
f 1445/3528 1522/3531 1614/3525
f 1445/3528 1401/3533 1522/3531
f 1568/3534 1445/3528 1400/3529
f 1568/3534 1376/3535 1445/3528
f 1566/3532 1522/3531 1401/3533
f 1376/3535 1401/3533 1445/3528
f 1376/3535 1566/3532 1401/3533
f 1562/3536 1603/3502 1558/3501
f 1639/3505 1562/3536 1558/3501
f 1545/3537 1337/3520 1603/3502
f 1562/3536 1545/3537 1603/3502
f 1603/3502 1337/3520 1378/3503
f 1797/3538 1337/3520 1545/3537
f 1337/3520 1724/3539 1222/3521
f 1724/3539 1337/3520 1797/3538
f 1222/3521 1434/3519 1261/3518
f 1724/3539 1242/3540 1222/3521
f 1724/3539 1514/3541 1242/3540
f 1434/3519 1222/3521 1242/3540
f 1294/3530 1434/3527 1242/3542
f 1294/3530 1242/3542 1248/3543
f 1294/3530 1360/3544 1400/3529
f 1360/3544 1568/3534 1400/3529
f 1542/3545 1568/3534 1360/3544
f 1542/3545 1360/3544 1294/3530
f 1248/3543 1242/3542 1554/3546
f 1233/3547 1225/3548 1514/3541
f 1225/3548 1242/3540 1514/3541
f 1554/3549 1242/3540 1225/3548
f 1210/3550 1554/3549 1225/3548
f 1233/3547 1210/3550 1225/3548
f 1245/3551 1554/3549 1210/3550
f 1334/3552 1294/3530 1248/3543
f 1334/3552 1542/3545 1294/3530
f 1568/3534 776/3553 1376/3535
f 1240/3554 1248/3543 1554/3546
f 1240/3554 1334/3552 1248/3543
f 1240/3554 1554/3546 1334/3552
f 1593/3555 1542/3545 1334/3552
f 1554/3546 1209/3556 1334/3552
f 1209/3556 1593/3555 1334/3552
f 1593/3555 1568/3534 1542/3545
f 1593/3555 702/3557 1568/3534
f 1697/3558 1639/3505 216/3474
f 1508/3559 1697/3558 216/3474
f 1545/3537 1562/3536 1639/3505
f 1639/3505 1797/3538 1545/3537
f 1639/3505 1724/3539 1797/3538
f 1464/3560 1489/3561 1639/3505
f 1697/3558 1464/3560 1639/3505
f 1776/3562 1514/3541 1724/3539
f 1776/3562 1724/3539 1639/3505
f 1489/3561 1776/3562 1639/3505
f 1464/3560 1454/3563 1489/3561
f 1776/3562 1489/3561 1454/3563
f 1667/3564 1514/3541 1776/3562
f 1464/3560 1776/3562 1454/3563
f 1493/3565 1776/3562 1464/3560
f 1697/3558 1493/3565 1464/3560
f 1508/3559 1499/3566 1697/3558
f 1499/3566 1541/3567 1697/3558
f 1493/3565 1667/3564 1776/3562
f 1541/3567 1412/3568 1493/3565
f 1541/3567 1493/3565 1697/3558
f 1667/3564 1233/3547 1514/3541
f 1508/3559 1233/3547 1667/3564
f 1412/3568 1508/3559 1667/3564
f 1412/3568 1667/3564 1493/3565
f 1245/3551 1210/3550 1233/3547
f 1224/3569 1245/3551 1233/3547
f 1224/3569 1554/3549 1245/3551
f 1508/3559 1224/3569 1233/3547
f 1532/3570 1224/3569 1508/3559
f 1532/3570 1554/3549 1224/3569
f 1499/3566 1412/3568 1541/3567
f 1507/3571 1554/3549 1532/3570
f 1507/3571 1532/3570 1508/3559
f 1209/3556 1554/3546 1593/3555
f 1363/3572 1507/3571 1508/3559
f 1363/3572 1554/3549 1507/3571
f 110/3573 1799/3574 2664/3575
f 1896/3576 1799/3574 110/3573
f 1896/3576 2664/3575 1799/3574
f 2664/3575 2638/3577 216/3578
f 2638/3577 1508/3579 216/3578
f 1896/3576 1876/3580 2638/3577
f 1896/3576 2638/3577 2664/3575
f 2638/3577 1876/3580 1508/3579
f 1876/3580 1640/3581 1508/3579
f 1896/3576 1640/3581 1876/3580
f 1640/3581 1573/3582 1508/3579
f 234/3583 421/3584 2407/3585
f 421/3584 431/3586 2407/3585
f 1896/3576 1816/3587 1926/3588
f 1816/3587 2407/3589 1926/3588
f 1926/3588 2407/3589 1655/3590
f 1433/3591 1896/3576 1655/3590
f 1926/3588 1655/3590 1896/3576
f 1433/3591 1573/3582 1640/3581
f 1433/3591 1640/3581 1896/3576
f 1655/3590 1382/3592 1433/3591
f 2407/3589 1382/3592 1655/3590
f 1382/3592 1573/3582 1433/3591
f 1226/3593 1573/3582 1382/3592
f 1382/3592 2407/3589 1226/3593
f 1573/3582 1757/3594 1508/3579
f 1226/3593 2701/3595 1573/3582
f 1226/3593 2407/3589 2701/3595
f 2701/3595 2216/3596 1573/3582
f 2216/3596 1757/3594 1573/3582
f 2407/3589 2602/3597 2701/3595
f 2701/3595 2602/3597 2779/3598
f 2701/3595 2779/3598 2216/3596
f 2779/3598 1757/3594 2216/3596
f 2779/3598 2602/3597 1757/3594
f 2358/3599 2602/3597 1915/3600
f 2602/3597 2358/3599 1757/3594
f 2602/3597 2407/3589 1915/3600
f 776/3553 440/2366 1566/3532
f 776/3553 1566/3532 1376/3535
f 776/3553 1568/3534 702/3557
f 1499/3566 1508/3559 1412/3568
f 1554/3546 1344/3601 1593/3555
f 1363/3572 1344/3602 1554/3549
f 1344/3601 702/3557 1593/3555
f 1508/3559 1344/3602 1363/3572
f 1508/3579 1757/3594 1348/3603
f 1915/3600 2407/3589 1307/3604
f 2358/3599 1348/3603 1757/3594
f 2358/3599 1915/3600 1348/3603
f 1915/3600 1307/3604 1348/3603
f 1348/3603 1307/3604 1345/3605
f 1345/3605 1297/3606 1348/3603
f 1345/3605 1307/3604 1297/3606
f 1297/3606 1508/3579 1348/3603
f 1297/3606 1595/3607 1508/3579
f 1307/3604 1595/3607 1297/3606
f 1595/3607 1307/3604 1476/3608
f 1476/3608 1307/3604 1560/3609
f 1560/3609 1307/3604 706/3610
f 706/3610 1307/3604 867/3611
f 1595/3607 1476/3608 1508/3579
f 1476/3608 1560/3609 1508/3579
f 1560/3609 936/3612 1508/3579
f 1560/3609 706/3610 936/3612
f 1860/3613 1716/3614 216/3615
f 1804/3616 216/3615 1716/3614
f 127/3617 216/3615 1804/3616
f 1692/3618 127/3617 1804/3616
f 1692/3618 261/3619 127/3617
f 1868/3620 261/3619 1692/3618
f 1868/3620 239/3621 261/3619
f 1748/3622 1868/3620 1692/3618
f 1980/3623 239/3621 1868/3620
f 1980/3623 1868/3620 1748/3622
f 1819/3624 1748/3622 1692/3618
f 1819/3624 1980/3623 1748/3622
f 1848/3625 1804/3616 1716/3614
f 1860/3613 1848/3625 1716/3614
f 505/3626 650/3627 1860/3613
f 1848/3625 1860/3613 650/3627
f 547/3628 1848/3625 650/3627
f 547/3628 482/3629 1818/3630
f 547/3628 1818/3630 1848/3625
f 508/3631 642/3632 482/3629
f 508/3631 482/3629 547/3628
f 508/3631 547/3628 650/3627
f 1692/3618 1890/3633 1819/3624
f 1692/3618 1804/3616 1848/3625
f 1770/3634 1692/3618 1848/3625
f 1805/3635 1890/3633 1782/3636
f 1770/3634 1890/3633 1692/3618
f 1782/3636 1890/3633 1770/3634
f 2338/3637 1890/3633 1805/3635
f 1890/3633 1980/3623 1819/3624
f 2338/3637 1980/3623 1890/3633
f 482/3629 1805/3635 1818/3630
f 1818/3630 1805/3635 1782/3636
f 1782/3636 1770/3634 1848/3625
f 1818/3630 1782/3636 1848/3625
f 2308/3638 1805/3635 482/3629
f 2308/3638 2338/3637 1805/3635
f 2308/3638 482/3629 642/3632
f 110/3639 216/3615 401/3640
f 127/3617 401/3640 216/3615
f 447/3641 401/3640 389/3642
f 180/3643 447/3641 389/3642
f 185/3644 110/3639 401/3640
f 184/3645 395/3646 185/3644
f 184/3645 234/1616 395/3646
f 180/3643 185/3644 401/3640
f 180/3643 184/3645 185/3644
f 447/3641 180/3643 401/3640
f 180/3643 234/1616 184/3645
f 110/3573 2664/3575 216/3578
f 476/3647 66/3648 110/3639
f 185/3644 476/3647 110/3639
f 395/3646 341/3649 476/3647
f 395/3646 476/3647 185/3644
f 341/3649 234/1616 476/3647
f 234/1616 341/3649 395/3646
f 476/3647 234/1616 377/3650
f 476/3647 377/3650 66/3648
f 119/3651 110/3639 66/3648
f 234/1616 102/3652 57/3653
f 377/3650 234/1616 57/3653
f 377/3650 57/3653 66/3648
f 66/3648 82/3654 119/3651
f 57/3653 82/3654 66/3648
f 119/3651 102/3652 110/3639
f 82/3654 102/3652 119/3651
f 57/3653 102/3652 82/3654
f 102/3655 2808/3656 110/3657
f 123/3658 431/3586 421/3584
f 234/3583 2407/3585 2179/3659
f 123/3658 421/3584 234/3583
f 102/3655 234/3583 2179/3659
f 102/3655 2179/3659 2808/3656
f 2808/3656 2179/3659 2721/3660
f 2808/3656 2721/3660 110/3657
f 2179/3661 1896/3576 110/3573
f 2721/3660 2179/3659 110/3657
f 2253/3662 1896/3576 2179/3661
f 2179/3661 2407/3589 2253/3662
f 2253/3662 2407/3589 2129/3663
f 2129/3663 2407/3589 1816/3587
f 2129/3663 1896/3576 2253/3662
f 2129/3663 1816/3587 1896/3576
f 97/3664 389/3642 401/3640
f 349/3665 97/3664 401/3640
f 349/3665 401/3640 127/3617
f 442/3666 127/3617 226/3667
f 321/3668 442/3666 226/3667
f 234/1616 122/3669 159/3670
f 321/3668 159/3670 122/3669
f 442/3666 349/3665 127/3617
f 442/3666 321/3668 349/3665
f 122/3669 234/1616 349/3665
f 349/3665 234/1616 180/3643
f 349/3665 389/3642 97/3664
f 349/3665 180/3643 389/3642
f 321/3668 122/3669 349/3665
f 261/3619 226/3667 127/3617
f 449/3671 226/3667 261/3619
f 261/3619 1980/3623 449/3671
f 226/3667 159/3670 321/3668
f 2338/3637 234/1616 159/3670
f 1980/3623 159/3670 449/3671
f 449/3671 159/3670 226/3667
f 239/3621 108/3672 261/3619
f 1980/3623 108/3672 239/3621
f 108/3672 1980/3623 261/3619
f 2338/3637 159/3670 1980/3623
f 1606/3673 123/3674 234/3675
f 521/3676 1606/3673 234/3675
f 551/3677 521/3676 234/3675
f 641/1615 651/1621 234/1616
f 651/3678 551/3677 234/3675
f 1964/3679 521/3676 651/3678
f 551/3677 651/3678 521/3676
f 1150/2267 270/2266 1120/3680
f 987/3681 1113/3682 534/2229
f 987/3681 534/2229 825/3683
f 1094/3684 987/3681 825/3683
f 1434/2276 1092/2255 1150/2267
f 1434/2276 1150/2267 772/3685
f 270/2266 329/2268 80/2273
f 1173/3686 368/2269 915/2228
f 236/3687 740/3688 692/2265
f 740/3688 806/2271 692/2265
f 80/2273 380/2274 806/2271
f 236/3687 806/2271 740/3688
f 80/2273 806/2271 236/3687
f 697/3689 368/2269 1173/3686
f 530/3690 600/3691 1113/3682
f 1113/3682 600/3691 534/2229
f 1094/3684 1113/3682 987/3681
f 1120/3680 80/2273 583/3692
f 270/2266 80/2273 1120/3680
f 600/3691 692/2265 534/2229
f 583/3692 692/2265 600/3691
f 530/3690 583/3692 600/3691
f 1120/3680 583/3692 530/3690
f 1120/3680 530/3690 1113/3682
f 1094/3684 1120/3680 1113/3682
f 583/3692 267/3693 692/2265
f 267/3693 236/3687 692/2265
f 583/3692 236/3687 267/3693
f 80/2273 236/3687 583/3692
f 941/3694 874/3695 697/3696
f 941/3694 697/3696 1091/3697
f 723/3698 874/3695 837/3699
f 837/3699 941/3694 723/3698
f 874/3695 723/3698 784/3700
f 925/3701 697/3696 874/3695
f 874/3695 784/3700 925/3701
f 866/3702 784/3700 723/3698
f 866/3702 925/3701 784/3700
f 837/3699 874/3695 941/3694
f 448/3513 866/3702 920/3703
f 414/3704 448/3513 920/3703
f 920/3703 941/3694 1091/3697
f 920/3703 866/3702 941/3694
f 1091/3697 974/3705 920/3703
f 866/3702 723/3698 941/3694
f 697/3689 1173/3686 1111/3706
f 517/3707 1091/3697 697/3696
f 772/3685 292/3708 1434/2276
f 1434/2276 292/3708 448/3709
f 772/3685 1150/2267 292/3708
f 292/3708 1150/2267 1120/3680
f 448/3709 534/2229 368/2269
f 368/2269 697/3689 448/3709
f 448/3709 160/3710 534/2229
f 866/3702 448/3513 925/3701
f 167/3711 160/3710 448/3709
f 448/3709 292/3708 167/3711
f 825/3683 534/2229 160/3710
f 167/3711 825/3683 160/3710
f 292/3708 1120/3680 1094/3684
f 925/3701 448/3513 697/3696
f 292/3708 1094/3684 167/3711
f 167/3711 1094/3684 825/3683
f 1191/2300 1173/3686 915/2228
f 1111/3706 1173/3686 1191/2300
f 1111/3706 1191/2300 1203/3712
f 1111/3706 1203/3712 697/3689
f 697/3696 1203/3713 1003/3714
f 1203/3712 1191/2300 638/2302
f 1090/3715 638/2302 963/2305
f 638/2302 839/2287 963/2305
f 732/3716 963/2305 803/3717
f 1090/3715 963/2305 949/3718
f 949/3718 963/2305 865/3719
f 638/2302 1090/3715 949/3718
f 638/2302 949/3718 865/3719
f 865/3719 963/2305 732/3716
f 865/3719 732/3716 882/3720
f 734/3721 638/2302 1057/3722
f 638/2302 865/3719 882/3720
f 1057/3722 638/2302 882/3720
f 1203/3712 734/3721 1057/3722
f 1203/3712 1057/3722 882/3720
f 1203/3712 638/2302 734/3721
f 1203/3712 882/3720 1061/2310
f 634/3723 625/3724 517/3707
f 699/3725 625/3724 634/3723
f 499/3726 634/3723 517/3707
f 499/3726 517/3707 189/3727
f 857/3728 189/3727 54/3729
f 857/3728 699/3725 189/3727
f 499/3726 189/3727 634/3723
f 634/3723 189/3727 699/3725
f 699/3725 93/3730 573/3731
f 822/3732 100/3733 975/3734
f 54/3729 189/3727 517/3707
f 54/3729 517/3707 1003/3714
f 517/3707 697/3696 1003/3714
f 93/3730 699/3725 857/3728
f 306/3735 54/3729 1003/3714
f 306/3735 857/3728 54/3729
f 857/3728 306/3735 1003/3714
f 768/3736 93/3730 857/3728
f 87/3737 93/3730 768/3736
f 975/3734 100/3733 87/3737
f 87/3737 100/3733 93/3730
f 975/3734 87/3737 768/3736
f 622/3478 591/3494 1022/3738
f 1022/3738 591/3494 707/3739
f 591/3494 975/3734 707/3739
f 880/3740 857/3728 1003/3714
f 1026/3741 880/3740 1003/3714
f 1024/3742 880/3740 1026/3741
f 857/3728 880/3740 1024/3742
f 1010/3743 1024/3742 1026/3741
f 900/3744 768/3736 857/3728
f 857/3728 1024/3742 900/3744
f 900/3744 707/3739 768/3736
f 975/3734 768/3736 707/3739
f 870/3745 2467/3475 672/3480
f 672/3480 858/3746 870/3745
f 1002/3747 370/3748 2467/3475
f 858/3746 1002/3747 870/3745
f 1002/3747 858/3746 622/3478
f 2467/3475 870/3745 1002/3747
f 370/3748 1002/3747 622/3478
f 26/3749 370/3748 622/3478
f 26/3749 622/3478 749/3485
f 622/3478 1022/3738 749/3485
f 760/3483 1647/3479 622/3478
f 672/3480 684/3482 858/3746
f 684/3482 760/3483 858/3746
f 858/3746 760/3483 622/3478
f 707/3739 938/3750 1022/3738
f 707/3739 931/3751 938/3750
f 931/3751 1007/3752 938/3750
f 1007/3752 900/3744 1024/3742
f 931/3751 707/3739 961/3753
f 961/3753 1007/3752 931/3751
f 707/3739 900/3744 961/3753
f 961/3753 900/3744 1007/3752
f 1027/3754 1026/3741 1003/3714
f 1010/3743 1026/3741 1027/3754
f 1027/3754 1003/3714 953/3755
f 953/3755 1003/3714 910/3756
f 938/3750 1027/3754 953/3755
f 938/3750 1010/3743 1027/3754
f 938/3750 1024/3742 1010/3743
f 938/3750 1007/3752 1024/3742
f 938/3750 953/3755 1022/3738
f 1048/3757 1022/3738 953/3755
f 1048/3757 953/3755 910/3756
f 414/3704 1018/3758 822/3732
f 778/3759 414/3704 822/3732
f 458/3515 414/3704 778/3759
f 458/3515 778/3759 815/3760
f 975/3734 458/3515 815/3760
f 815/3760 778/3759 822/3732
f 815/3760 822/3732 975/3734
f 414/3704 920/3703 1018/3758
f 1018/3758 1019/3761 974/3705
f 591/3494 1625/3496 458/3515
f 458/3515 975/3734 591/3494
f 673/3510 458/3515 1625/3496
f 1497/3514 448/3513 414/3704
f 1018/3758 920/3703 1019/3761
f 1019/3761 920/3703 974/3705
f 458/3515 1497/3514 414/3704
f 625/3724 1077/3762 517/3707
f 1077/3762 1091/3697 517/3707
f 1018/3758 1077/3762 625/3724
f 1077/3762 974/3705 1091/3697
f 1018/3758 974/3705 1077/3762
f 699/3725 524/3763 625/3724
f 625/3724 524/3763 1018/3758
f 631/3764 1018/3758 524/3763
f 822/3732 1018/3758 573/3731
f 631/3764 524/3763 699/3725
f 573/3731 1018/3758 631/3764
f 822/3732 573/3731 100/3733
f 573/3731 631/3764 699/3725
f 100/3733 573/3731 93/3730
f 910/3756 1003/3714 1203/3713
f 863/3765 2467/3475 370/3748
f 863/3765 370/3748 26/3749
f 863/3765 749/3485 2467/3475
f 863/3765 26/3749 749/3485
f 749/3485 1022/3738 1048/3757
f 980/3484 749/3485 1048/3757
f 980/3484 1048/3757 910/3756
f 913/3766 910/3756 1203/3713
f 1065/3767 901/3768 980/3484
f 1143/3769 1065/3767 980/3484
f 1143/3769 980/3484 910/3756
f 1028/3770 901/3768 1065/3767
f 1143/3769 910/3756 913/3766
f 1143/3769 913/3766 1203/3713
f 1199/3771 1143/3769 1203/3713
f 1028/3770 1065/3767 1144/3772
f 2467/3475 980/3484 901/3768
f 1065/3767 1143/3769 1144/3772
f 1144/3772 1143/3769 1199/3771
f 1144/3772 1199/3771 1203/3713
f 1192/3773 1144/3772 1203/3713
f 1084/3774 1192/3773 1203/3713
f 1005/3775 1028/3770 1144/3772
f 2467/3475 901/3768 875/3776
f 875/3776 901/3768 1028/3770
f 1005/3775 1144/3772 1192/3773
f 1005/3775 875/3776 1028/3770
f 875/3776 1005/3775 1192/3773
f 1084/3774 1203/3713 1061/3777
f 1566/3532 440/2366 845/3526
f 776/3553 484/2371 440/2366
f 610/2411 966/3778 555/3779
f 695/3780 555/3779 966/3778
f 610/2411 555/3779 695/3780
f 133/3781 776/3553 702/3557
f 133/3781 484/2371 776/3553
f 1050/3782 966/2374 484/2371
f 1050/3782 484/2371 133/3781
f 966/3778 664/3783 695/3780
f 664/3783 610/2411 695/3780
f 566/3784 610/2411 664/3783
f 966/3778 566/3784 664/3783
f 729/3785 610/2411 566/3784
f 566/3784 966/3778 729/3785
f 729/3785 966/3778 1050/3786
f 963/2305 639/2304 803/3717
f 803/3717 639/2304 258/2306
f 732/3716 803/3717 258/2306
f 882/3720 732/3716 258/2306
f 882/3720 258/2306 1061/2310
f 1061/2310 486/2311 356/3787
f 1061/2310 378/3788 592/2410
f 966/3778 610/2411 986/2381
f 378/3788 657/2408 592/2410
f 378/3788 342/2409 657/2408
f 486/2311 342/2409 378/3788
f 356/3787 486/2311 378/3788
f 378/3788 1061/2310 356/3787
f 592/2410 610/2411 1061/2310
f 1061/2310 610/2411 729/3785
f 1168/3789 729/3790 1050/3791
f 1180/3792 1168/3789 133/3793
f 1037/3794 1033/3795 1135/3796
f 1037/3794 1135/3796 1168/3789
f 1061/3797 729/3790 1168/3789
f 1135/3796 1061/3797 1168/3789
f 1033/3795 1061/3797 1135/3796
f 1084/3798 1061/3797 1033/3795
f 1037/3794 1084/3798 1033/3795
f 1084/3798 1037/3794 1096/3799
f 1344/3601 133/3781 702/3557
f 133/3793 1168/3789 1050/3791
f 1180/3792 133/3793 927/3800
f 927/3800 133/3793 1184/3801
f 1344/3802 1029/3803 133/3804
f 1184/3805 133/3804 1029/3803
f 936/3612 1344/3802 1508/3579
f 936/3612 706/3610 867/3611
f 936/3612 867/3611 781/3806
f 1096/3799 1037/3794 1168/3789
f 1096/3799 1168/3789 1175/3807
f 1084/3798 1096/3799 1175/3807
f 1175/3807 1168/3789 1180/3792
f 1175/3807 1180/3792 1201/3808
f 1201/3808 1180/3792 1105/3809
f 1105/3809 1180/3792 927/3800
f 1201/3808 1084/3798 1175/3807
f 1201/3808 1105/3809 919/3810
f 1201/3808 919/3810 1084/3798
f 919/3810 1193/3811 1084/3798
f 1105/3809 927/3800 922/3812
f 1193/3811 1105/3809 922/3812
f 922/3812 927/3800 1164/3813
f 1193/3811 922/3812 1164/3813
f 1164/3813 927/3800 1184/3801
f 1164/3813 1184/3801 914/3814
f 1172/3815 1164/3813 914/3814
f 919/3810 1105/3809 918/3816
f 918/3816 1193/3811 919/3810
f 918/3816 1105/3809 1193/3811
f 1193/3811 1164/3813 1172/3815
f 1172/3815 1084/3798 1193/3811
f 1084/3798 1172/3815 945/3817
f 1172/3815 914/3814 945/3817
f 1184/3801 1084/3798 945/3817
f 704/1679 1629/3818 1990/1564
f 2676/3819 2451/3820 2711/3821
f 2711/3821 2451/3820 1722/3822
f 1827/3823 1722/3822 2109/3824
f 1557/3825 1722/3822 1827/3823
f 1722/3822 2451/3820 2109/3824
f 2451/3820 2031/3826 2109/3824
f 1827/3823 2109/3824 2031/3826
f 2451/3820 1629/2753 1504/2755
f 1285/3827 1307/3604 2407/3589
f 2451/3820 1504/2755 2031/3826
f 1827/3823 2031/3826 1504/2755
f 1557/3825 1827/3823 1285/3827
f 1827/3823 1504/2755 1584/3828
f 1285/3827 1827/3823 1584/3828
f 79/3829 703/1569 1990/1564
f 1990/1564 703/1569 1993/1565
f 79/3829 72/3830 424/3831
f 386/3832 424/3831 72/3830
f 391/3833 32/3834 72/3830
f 32/3834 386/3832 72/3830
f 568/3835 589/1575 1961/3836
f 1731/3837 1961/3836 589/1575
f 568/3835 1961/3836 1803/3838
f 2255/1561 2516/1560 117/1597
f 512/1577 568/3835 2516/1560
f 512/1577 593/1574 568/3835
f 589/1575 595/3839 593/1574
f 593/1574 595/3839 568/3835
f 595/3839 589/1575 568/3835
f 2516/1560 1803/3838 117/1597
f 2516/1560 568/3835 1803/3838
f 703/1569 79/3829 589/1575
f 589/1575 79/3829 424/3831
f 589/1575 424/3831 1725/3840
f 1725/3840 1612/3841 1828/3842
f 1961/3836 1731/3837 1803/3838
f 1803/3838 1731/3837 1742/3843
f 1731/3837 1725/3840 1742/3843
f 1731/3837 589/1575 1725/3840
f 1742/3843 1725/3840 1828/3842
f 1725/3840 371/3844 1612/3841
f 117/1597 1742/3843 277/3845
f 1803/3838 1742/3843 117/1597
f 1742/3843 1612/3841 391/3833
f 1742/3843 391/3833 277/3845
f 1742/3843 1828/3842 1612/3841
f 371/3844 1725/3840 424/3831
f 371/3844 424/3831 32/3834
f 1612/3841 371/3844 32/3834
f 1612/3841 32/3834 391/3833
f 32/3834 424/3831 297/3846
f 424/3831 386/3832 297/3846
f 297/3846 386/3832 32/3834
f 1659/3847 196/3848 123/3658
f 121/3849 396/3850 196/3848
f 121/3849 196/3848 1659/3847
f 213/3851 1659/3852 225/3853
f 271/3854 426/3855 225/3853
f 426/3855 213/3851 225/3853
f 271/3854 213/3851 426/3855
f 271/3854 1659/3852 213/3851
f 745/1596 121/3849 1659/3847
f 1659/3852 123/3674 1606/3673
f 1864/3856 1659/3852 1606/3673
f 1864/3856 225/3853 1659/3852
f 1864/3856 271/3854 225/3853
f 410/3857 1659/3852 135/3858
f 410/3857 135/3858 271/3854
f 410/3857 271/3854 1864/3856
f 135/3858 1659/3852 271/3854
f 745/3859 1659/3852 410/3857
f 1908/3860 745/3859 1864/3856
f 1864/3856 745/3859 410/3857
f 1606/3673 1908/3860 1864/3856
f 731/3861 521/3676 1964/3679
f 731/3861 1606/3673 521/3676
f 1981/3862 1908/3860 1606/3673
f 731/3861 1981/3862 1606/3673
f 731/3861 745/3859 1908/3860
f 731/3861 1908/3860 1981/3862
f 745/1596 117/1597 121/3849
f 291/3863 2468/3864 2407/3585
f 2669/3865 2532/3866 291/3863
f 2532/3866 2468/3864 291/3863
f 1990/1564 1629/3818 2063/3867
f 2468/3864 2063/3867 2407/3585
f 2468/3864 1990/1564 2063/3867
f 2407/3585 2063/3867 1916/3868
f 2063/3867 2714/3869 1916/3868
f 2407/3585 2714/3869 1669/3870
f 2407/3585 1916/3868 2714/3869
f 79/3829 1990/1564 35/3871
f 79/3829 35/3871 291/3863
f 461/3872 79/3829 291/3863
f 107/3873 79/3829 461/3872
f 35/3871 1990/1564 2703/3874
f 35/3871 2703/3874 291/3863
f 2703/3874 1990/1564 2669/3865
f 291/3863 2703/3874 2669/3865
f 2669/3865 1990/1564 2532/3866
f 2532/3866 1990/1564 2468/3864
f 2063/3867 1629/3818 1691/3875
f 1565/3876 1691/3875 1528/3877
f 2063/3867 1691/3875 2714/3869
f 2714/3869 1691/3875 1565/3876
f 1669/3870 2714/3869 1565/3876
f 1565/3876 1528/3877 1669/3870
f 1528/3877 1691/3875 1669/3870
f 2773/3878 1629/3818 2451/3879
f 1691/3875 1629/3818 2773/3878
f 1669/3870 2773/3878 1431/3880
f 1669/3870 1691/3875 2773/3878
f 1669/3870 1431/3880 2407/3585
f 1431/3880 2409/3881 2407/3585
f 1431/3880 2773/3878 2409/3881
f 2451/3879 2676/3882 2773/3878
f 2300/3883 2773/3878 2676/3882
f 2409/3881 2773/3878 2300/3883
f 2300/3883 2676/3882 1751/3884
f 2409/3881 1751/3884 2407/3585
f 2409/3881 2300/3883 1751/3884
f 1751/3884 2676/3882 1678/3885
f 1751/3884 1678/3885 2407/3585
f 1678/3885 2676/3882 2407/3585
f 2676/3819 2711/3821 1722/3822
f 2407/3589 2676/3819 1557/3825
f 2676/3819 1722/3822 1557/3825
f 2407/3589 1557/3825 1285/3827
f 105/3886 2407/3585 431/3586
f 105/3886 291/3863 2407/3585
f 105/3886 431/3586 220/3887
f 220/3887 431/3586 123/3658
f 396/3850 220/3887 123/3658
f 396/3850 254/3888 220/3887
f 195/3889 254/3888 396/3850
f 228/3890 220/3887 254/3888
f 232/3891 121/3849 176/3892
f 176/3892 231/3893 228/3890
f 232/3891 176/3892 228/3890
f 232/3891 228/3890 95/3894
f 95/3894 228/3890 254/3888
f 95/3894 254/3888 195/3889
f 396/3850 123/3658 196/3848
f 287/3895 195/3889 396/3850
f 121/3849 287/3895 396/3850
f 287/3895 121/3849 238/3896
f 238/3896 95/3894 195/3889
f 287/3895 238/3896 195/3889
f 238/3896 121/3849 232/3891
f 238/3896 232/3891 95/3894
f 117/1597 291/3863 105/3886
f 121/3849 117/1597 284/3897
f 231/3893 220/3887 228/3890
f 231/3893 105/3886 220/3887
f 117/1597 105/3886 231/3893
f 284/3897 117/1597 231/3893
f 176/3892 284/3897 231/3893
f 176/3892 121/3849 284/3897
f 117/1597 461/3872 291/3863
f 72/3830 79/3829 393/3898
f 277/3845 393/3898 92/3899
f 391/3833 393/3898 277/3845
f 391/3833 72/3830 393/3898
f 92/3899 415/3900 277/3845
f 92/3899 393/3898 415/3900
f 415/3900 397/3901 117/1597
f 277/3845 415/3900 117/1597
f 117/1597 107/3873 461/3872
f 397/3901 107/3873 117/1597
f 397/3901 79/3829 107/3873
f 79/3829 397/3901 393/3898
f 415/3900 393/3898 397/3901
f 844/3902 1504/2755 319/2754
f 787/3903 844/3902 319/2754
f 1262/3904 1504/2755 844/3902
f 1262/3904 844/3902 977/3905
f 1285/3827 1270/3906 1307/3604
f 1584/3828 1270/3906 1285/3827
f 1584/3828 1504/2755 1262/3904
f 1584/3828 1262/3904 1270/3906
f 1262/3904 509/3907 1270/3906
f 509/3907 867/3611 1270/3906
f 1262/3904 906/3908 509/3907
f 906/3908 1262/3904 977/3905
f 906/3908 977/3905 509/3907
f 509/3907 977/3905 304/3909
f 509/3907 304/3909 851/3910
f 304/3909 977/3905 851/3910
f 509/3907 872/3911 867/3611
f 977/3905 844/3902 851/3910
f 844/3902 787/3903 851/3910
f 851/3910 787/3903 841/3912
f 851/3910 872/3911 509/3907
f 841/3912 787/3903 1016/3913
f 851/3910 841/3912 1016/3913
f 924/3914 1016/3913 1070/3915
f 851/3910 1016/3913 924/3914
f 1307/3604 1270/3906 867/3611
f 936/3612 781/3806 759/3916
f 867/3611 930/3917 781/3806
f 781/3806 930/3917 759/3916
f 930/3917 867/3611 872/3911
f 930/3917 872/3911 887/3918
f 887/3918 872/3911 1112/3919
f 823/3920 319/2754 1112/3919
f 612/3921 1354/2760 1355/2770
f 681/2757 1354/2760 612/3921
f 705/2765 681/2757 612/3921
f 793/2768 319/2758 681/2757
f 319/2758 793/2768 548/3922
f 612/3921 1355/2770 705/2765
f 705/2765 793/2768 681/2757
f 319/2758 548/3922 173/2769
f 548/3922 793/2768 173/2769
f 1112/3923 319/2758 173/2769
f 1112/3923 173/2769 320/3924
f 1112/3923 320/3924 643/3925
f 1016/3913 787/3903 319/2754
f 1070/3915 1016/3913 435/3926
f 924/3914 1070/3915 435/3926
f 924/3914 872/3911 851/3910
f 435/3926 872/3911 924/3914
f 435/3926 1016/3913 114/3927
f 325/3928 435/3926 114/3927
f 435/3926 325/3928 872/3911
f 114/3927 215/3929 325/3928
f 325/3928 215/3929 872/3911
f 1016/3913 319/2754 215/3929
f 114/3927 1016/3913 215/3929
f 215/3929 823/3920 872/3911
f 215/3929 319/2754 823/3920
f 1112/3919 872/3911 823/3920
f 643/3925 320/3924 1075/3930
f 1075/3930 320/3924 859/3931
f 1112/3923 643/3925 957/3932
f 957/3932 643/3925 1284/3933
f 936/3612 759/3916 796/3934
f 936/3612 796/3934 944/3935
f 944/3935 1344/3802 936/3612
f 944/3935 1029/3803 1344/3802
f 796/3934 759/3916 930/3917
f 945/3817 914/3814 1184/3801
f 930/3917 887/3918 959/3936
f 944/3935 796/3934 930/3917
f 944/3935 930/3917 959/3936
f 959/3936 1029/3803 944/3935
f 1034/3937 959/3936 887/3918
f 1029/3803 959/3936 1017/3938
f 1184/3805 1029/3803 1183/3939
f 1017/3938 959/3936 1034/3937
f 1034/3937 1029/3803 1017/3938
f 883/3940 1183/3939 1029/3803
f 1034/3937 883/3940 1029/3803
f 902/3941 887/3918 1112/3919
f 883/3940 1034/3937 887/3918
f 883/3940 887/3918 902/3941
f 902/3941 1183/3939 883/3940
f 902/3942 1194/3943 1183/3944
f 1194/3943 902/3942 1178/3945
f 1178/3945 902/3942 997/3946
f 1194/3943 1167/3947 1183/3944
f 1178/3945 1167/3947 1194/3943
f 893/3948 1184/3949 1183/3950
f 1064/3951 893/3948 1183/3950
f 1167/3947 1178/3945 997/3946
f 997/3946 902/3942 957/3952
f 957/3952 902/3942 1112/3953
f 1183/3944 1167/3947 991/3954
f 1167/3947 997/3946 991/3954
f 991/3954 997/3946 957/3952
f 909/3955 991/3954 957/3952
f 991/3954 909/3955 811/3956
f 811/3956 957/3952 1004/3957
f 811/3956 909/3955 957/3952
f 1064/3958 1183/3944 991/3954
f 802/3959 1004/3957 957/3952
f 811/3956 1004/3957 802/3959
f 1064/3958 991/3954 811/3956
f 802/3959 1064/3958 811/3956
f 1064/3958 802/3959 957/3952
f 1064/3958 957/3952 157/3960
f 1922/3961 1064/3951 157/3962
f 682/1694 607/3963 704/2592
f 614/1685 682/1694 704/2592
f 682/1694 492/1687 628/3964
f 628/3964 607/3963 682/1694
f 492/1687 607/3963 628/3964
f 607/3963 587/3965 704/2592
f 511/3966 587/3965 607/3963
f 587/3965 1883/2638 704/2592
f 704/2592 1883/2638 203/2590
f 492/1687 2716/1695 497/3967
f 497/3967 2716/1695 652/3968
f 463/3969 492/1687 497/3967
f 492/1687 463/3969 607/3963
f 607/3963 463/3969 511/3966
f 511/3966 463/3969 587/3965
f 463/3969 497/3967 587/3965
f 587/3965 497/3967 481/3970
f 481/3970 497/3967 652/3968
f 481/3970 1883/2638 587/3965
f 481/3970 652/3968 1883/2638
f 490/3971 2716/1695 1845/3972
f 652/3968 2716/1695 490/3971
f 1883/2638 652/3968 490/3971
f 490/3971 1845/3972 1883/2638
f 1845/3972 1693/3973 1883/2638
f 1693/3973 1845/3972 1813/3974
f 1813/3974 1845/3972 2716/1695
f 1693/3973 263/2637 1883/2638
f 252/3975 1693/3973 1813/3974
f 252/3975 1813/3974 2716/1695
f 252/3975 263/2637 1693/3973
f 252/3975 2716/1695 62/3976
f 62/3976 2716/1695 285/2003
f 263/2637 264/3977 203/2590
f 264/3977 252/3975 62/3976
f 264/3977 263/2637 252/3975
f 264/3977 2137/3978 203/2590
f 2137/3978 1539/3979 203/2590
f 264/3977 1811/3980 2137/3978
f 264/3977 62/3976 285/2003
f 372/2002 350/3981 285/2003
f 409/3982 372/3983 276/3984
f 233/3985 264/3977 285/2003
f 350/3981 233/3985 285/2003
f 372/2002 343/3986 350/3981
f 350/3981 343/3986 233/3985
f 409/3987 343/3986 372/2002
f 343/3986 1312/3988 233/3985
f 409/3987 1312/3988 343/3986
f 1312/3989 409/3990 48/3991
f 48/3991 2763/3992 1312/3989
f 471/3993 653/2061 2043/2008
f 2608/2004 640/2060 653/2061
f 644/2062 640/2060 2608/2004
f 2608/2004 653/2061 471/3993
f 543/3994 2608/3995 471/3996
f 2608/3995 581/3997 372/3998
f 581/3999 58/4000 416/4001
f 372/3983 581/3999 416/4001
f 543/4002 471/2648 255/2651
f 58/4000 581/3999 96/4003
f 373/4004 372/3983 416/4001
f 276/3984 372/3983 373/4004
f 124/4005 373/4004 434/4006
f 124/4005 434/4006 307/4007
f 124/4005 307/4007 373/4004
f 307/4007 205/4008 373/4004
f 373/4004 205/4008 276/3984
f 373/4004 416/4001 58/4000
f 434/4006 373/4004 58/4000
f 205/4008 307/4007 434/4006
f 282/4009 205/4008 434/4006
f 360/4010 70/4011 282/4009
f 70/4011 205/4008 282/4009
f 360/4010 282/4009 434/4006
f 111/4012 205/4008 70/4011
f 360/4010 332/4013 70/4011
f 70/4011 332/4013 111/4012
f 351/4014 332/4013 360/4010
f 360/4010 434/4006 403/4015
f 434/4006 58/4000 403/4015
f 351/4014 360/4010 403/4015
f 111/4012 276/3984 205/4008
f 111/4012 332/4013 351/4014
f 276/3984 111/4012 409/3982
f 403/4015 111/4012 351/4014
f 403/4015 210/4016 111/4012
f 58/4000 207/4017 403/4015
f 207/4017 58/4000 96/4003
f 403/4015 207/4017 210/4016
f 409/3982 111/4012 210/4016
f 409/3982 210/4016 96/4003
f 207/4017 96/4003 210/4016
f 48/4018 409/3982 96/4003
f 48/4018 96/4003 597/4019
f 581/3997 2608/3995 543/3994
f 255/2651 1589/3473 1648/4020
f 543/4002 255/2651 1648/4020
f 597/4019 96/4003 581/3999
f 203/2590 1539/3979 1359/2596
f 1353/2600 1359/2596 1539/3979
f 1393/2633 1920/2597 1359/2596
f 1353/2600 1393/2633 1359/2596
f 1393/2633 2292/2632 1882/4021
f 1393/2633 1882/4021 1920/2597
f 1882/4021 2292/2632 2033/2603
f 1882/4021 2033/2603 1920/2597
f 2292/2632 1967/2605 2033/2603
f 1353/2600 1418/2599 1393/2633
f 1539/3979 1411/2598 1353/2600
f 1496/4022 1411/2598 1539/3979
f 1811/3980 1539/3979 2137/3978
f 2627/4023 1539/3979 1811/3980
f 2627/4023 2807/4024 1539/3979
f 1496/4022 1388/2675 1411/2598
f 1496/4022 1653/2679 1388/2675
f 2099/4025 1653/2679 1496/4022
f 1905/2681 1653/2679 2099/4025
f 2627/4023 2319/4026 2807/4024
f 2627/4023 1811/3980 2319/4026
f 2807/4024 2319/4026 2162/4027
f 2807/4024 2162/4027 1539/3979
f 2162/4027 1496/4022 1539/3979
f 1811/3980 264/3977 2319/4026
f 264/3977 2162/4027 2319/4026
f 233/3985 2162/4027 264/3977
f 233/3985 2099/4025 2162/4027
f 2162/4027 2099/4025 1496/4022
f 233/3985 1905/2681 2099/4025
f 1466/2680 1653/2679 1905/2681
f 1905/2681 1312/3988 1323/2688
f 1312/3988 2800/2585 1323/2688
f 1312/3988 1905/2681 233/3985
f 320/3924 173/2769 861/2767
f 320/3924 861/2767 1312/3989
f 320/3924 1312/3989 859/3931
f 1759/2775 1312/3989 861/2767
f 859/3931 1312/3989 2763/3992
f 311/4028 859/3931 2763/3992
f 1075/3930 859/3931 311/4028
f 453/4029 984/4030 311/4028
f 984/4030 1075/3930 311/4028
f 984/4030 643/3925 1075/3930
f 1312/2790 1759/2617 166/2772
f 1312/2790 1085/2789 2800/4031
f 506/4032 597/4033 571/4034
f 2190/4035 506/4032 571/4034
f 48/4036 597/4033 506/4032
f 2190/4035 48/4036 506/4032
f 157/3960 48/4036 2190/4035
f 1284/4037 48/4036 157/3960
f 48/3991 2741/4038 2763/3992
f 1284/3933 2763/3992 2741/4038
f 1284/3933 2741/4038 48/3991
f 412/4039 453/4029 311/4028
f 412/4039 311/4028 1284/3933
f 412/4039 1284/3933 453/4029
f 1284/3933 643/3925 984/4030
f 1284/3933 311/4028 2763/3992
f 1284/3933 984/4030 453/4029
f 157/3960 957/3952 1284/4037
f 3019/4040 4157/4041 3592/4042
f 4085/4043 3592/4042 4157/4041
f 3019/4040 4151/4044 4157/4041
f 4151/4044 3245/4045 4157/4041
f 3248/4046 4157/4047 3474/4048
f 3250/4049 3139/4050 3602/4051
f 4539/4052 3474/4048 4574/4053
f 4465/4054 4708/4055 4578/4056
f 4578/4056 4708/4055 3046/4057
f 4564/4058 4465/4054 4578/4056
f 4578/4056 4539/4052 4564/4058
f 4574/4053 3474/4048 3749/4059
f 3749/4059 3474/4048 4026/4060
f 4564/4058 4539/4052 4574/4053
f 4574/4053 3749/4059 4564/4058
f 3749/4059 4465/4054 4564/4058
f 3677/4061 4578/4056 3046/4057
f 3248/4046 3474/4048 3726/4062
f 3726/4062 3474/4048 3677/4061
f 3417/4063 3248/4046 3726/4062
f 3613/4064 3046/4057 3696/4065
f 3613/4064 3726/4062 3350/4066
f 3613/4064 3350/4066 3046/4057
f 3350/4066 3677/4061 3046/4057
f 3350/4066 3726/4062 3677/4061
f 3602/4051 3696/4065 3046/4057
f 3417/4063 3726/4062 3613/4064
f 3696/4065 3417/4063 3613/4064
f 3602/4051 3417/4063 3696/4065
f 3139/4050 3417/4063 3602/4051
f 3248/4046 3417/4063 3139/4050
f 3677/4061 3474/4048 4539/4052
f 3677/4061 4539/4052 4578/4056
f 3245/4067 4272/4068 4157/4047
f 3474/4048 4157/4047 3887/4069
f 4026/4060 3474/4048 3887/4069
f 4026/4060 3887/4069 3761/4070
f 3749/4059 4026/4060 4465/4054
f 4465/4054 4359/4071 4708/4055
f 3887/4069 4157/4047 4566/4072
f 3761/4070 4465/4054 4026/4060
f 3761/4070 3887/4069 4566/4072
f 4566/4072 4465/4054 3761/4070
f 4566/4072 4157/4047 4597/4073
f 4597/4073 4157/4047 4434/4074
f 4465/4054 4566/4072 4206/4075
f 4206/4075 4566/4072 4597/4073
f 4206/4075 4597/4073 4359/4071
f 4206/4075 4359/4071 4465/4054
f 4434/4074 4359/4071 4597/4073
f 4434/4074 4223/4076 4359/4071
f 4434/4074 4157/4047 4223/4076
f 3046/4057 4708/4055 4210/4077
f 4223/4076 4708/4055 4359/4071
f 4072/4078 4157/4047 4666/4079
f 4072/4078 4666/4079 4109/4080
f 4072/4078 4223/4076 4157/4047
f 3843/4081 4708/4055 4223/4076
f 3843/4081 4074/4082 4708/4055
f 4223/4076 4074/4082 3843/4081
f 4223/4076 4072/4078 4074/4082
f 4293/4083 4074/4082 4072/4078
f 4293/4083 4109/4080 4074/4082
f 4074/4082 4109/4080 4708/4055
f 4293/4083 4072/4078 4109/4080
f 4272/4068 3847/4084 4157/4047
f 4157/4047 3847/4084 4227/4085
f 4109/4080 4666/4079 4763/4086
f 4666/4079 4157/4047 4432/4087
f 4763/4086 4492/4088 4603/4089
f 4763/4086 4666/4079 4492/4088
f 4763/4086 4603/4089 4708/4055
f 4763/4086 4708/4055 4109/4080
f 4492/4088 4628/4090 4708/4055
f 4603/4089 4492/4088 4708/4055
f 4432/4087 4492/4088 4666/4079
f 4432/4087 4628/4090 4492/4088
f 4628/4090 4432/4087 4649/4091
f 4649/4091 4432/4087 4157/4047
f 4157/4047 3931/4092 4649/4091
f 4649/4091 3931/4092 4628/4090
f 4628/4090 4210/4077 4708/4055
f 3931/4092 4210/4077 4628/4090
f 3931/4092 4157/4047 4227/4085
f 3931/4092 4227/4085 4210/4077
f 4227/4085 3169/4093 4210/4077
f 2368/4094 3847/4084 2213/4095
f 3046/4057 4210/4077 3169/4093
f 3847/4096 4272/4097 2278/4098
f 4227/4085 3847/4084 3169/4093
f 2278/4098 2739/4099 3847/4096
f 2739/4099 2691/4100 3847/4096
f 2278/4098 2580/4101 2739/4099
f 2739/4099 2482/4102 2691/4100
f 2739/4099 2580/4101 2482/4102
f 2580/4101 2662/4103 2482/4102
f 3169/4093 3847/4084 2368/4094
f 4770/4104 3169/4093 4475/4105
f 2073/4106 2281/4107 2234/4108
f 2134/4109 2281/4107 2073/4106
f 2281/4107 2134/4109 2680/4110
f 2698/4111 4272/4112 3245/4113
f 4623/4114 2698/4115 3245/4045
f 4272/4112 2375/4116 2679/4117
f 4272/4112 2144/4118 2375/4116
f 2698/4111 2144/4118 4272/4112
f 2662/4103 2523/4119 2819/4120
f 4272/4097 2819/4120 2523/4119
f 2278/4098 4272/4097 2523/4119
f 2523/4119 2662/4103 2278/4098
f 2580/4101 2278/4098 2662/4103
f 4475/4105 3169/4093 2368/4094
f 4475/4121 2134/4109 2205/4122
f 2205/4122 2134/4109 2360/4123
f 2618/4124 4475/4121 2360/4123
f 4475/4121 2205/4122 2360/4123
f 3096/4125 4157/4047 3734/4126
f 4042/4127 4433/4128 3167/4129
f 4157/4047 3096/4125 3895/4130
f 4588/4131 4433/4128 4042/4127
f 3895/4130 3096/4125 4588/4131
f 4461/4132 4157/4047 3248/4046
f 3734/4126 4157/4047 4461/4132
f 4461/4132 3248/4046 4088/4133
f 4461/4132 4088/4133 4747/4134
f 4611/4135 4747/4134 4088/4133
f 3167/4129 4748/4136 4611/4135
f 3794/4137 4461/4132 4404/4138
f 4461/4132 4747/4134 4404/4138
f 4404/4138 4747/4134 4622/4139
f 4748/4136 4404/4138 4622/4139
f 3936/4140 4404/4138 4748/4136
f 4622/4139 4747/4134 4748/4136
f 4748/4136 4747/4134 4611/4135
f 3351/4141 3912/4142 3167/4129
f 3912/4142 3936/4140 3167/4129
f 3912/4142 3566/4143 3936/4140
f 3936/4140 4748/4136 3167/4129
f 3566/4143 3794/4137 3936/4140
f 3936/4140 3794/4137 4404/4138
f 4486/4144 3167/4129 3046/4057
f 3268/4145 3734/4126 3167/4129
f 3268/4145 3096/4125 3734/4126
f 2981/4146 3268/4145 3167/4129
f 2981/4146 3096/4125 3268/4145
f 4433/4128 2981/4146 3167/4129
f 4433/4128 3096/4125 2981/4146
f 4433/4128 4588/4131 3096/4125
f 3734/4126 4461/4132 3794/4137
f 3182/4147 3351/4141 3167/4129
f 3734/4126 3794/4137 3182/4147
f 3182/4147 3794/4137 3351/4141
f 3351/4141 3794/4137 3912/4142
f 3912/4142 3794/4137 3566/4143
f 4028/4148 3182/4147 3167/4129
f 4028/4148 3734/4126 3182/4147
f 4028/4148 4003/4149 3734/4126
f 4003/4149 4028/4148 3167/4129
f 3734/4126 4003/4149 3167/4129
f 4247/4150 3649/4151 3167/4129
f 4486/4144 4247/4150 3167/4129
f 3649/4151 4042/4127 3167/4129
f 3649/4151 3992/4152 4042/4127
f 3992/4152 4588/4131 4042/4127
f 4247/4150 4330/4153 3649/4151
f 4395/4154 3649/4151 4330/4153
f 4395/4154 4656/4155 3649/4151
f 3895/4130 4588/4131 3992/4152
f 4157/4047 3895/4130 3646/4156
f 4656/4155 3992/4152 3649/4151
f 3646/4156 3992/4152 4656/4155
f 3646/4156 3895/4130 3992/4152
f 4771/4157 4607/4158 4656/4155
f 4607/4158 4157/4047 3646/4156
f 4607/4158 3646/4156 4656/4155
f 4247/4150 3654/4159 4104/4160
f 4104/4160 3689/4161 4247/4150
f 3985/4162 3689/4161 4104/4160
f 4247/4150 3991/4163 3654/4159
f 3991/4163 3821/4164 3654/4159
f 3689/4161 4330/4153 4247/4150
f 3654/4159 3689/4161 3985/4162
f 3861/4165 3654/4159 4153/4166
f 3861/4165 3689/4161 3654/4159
f 3861/4165 4153/4166 4019/4167
f 4019/4167 3689/4161 3861/4165
f 3985/4162 4104/4160 3654/4159
f 4486/4144 3800/4168 4247/4150
f 4446/4169 3800/4168 4486/4144
f 3712/4170 3800/4168 4446/4169
f 4446/4169 4486/4144 4495/4171
f 4495/4171 4486/4144 3056/4172
f 4247/4150 3800/4168 3991/4163
f 3800/4168 3712/4170 3991/4163
f 3563/4173 3991/4163 3712/4170
f 3563/4173 3712/4170 4446/4169
f 3991/4163 3563/4173 4495/4171
f 3272/4174 3991/4163 4495/4171
f 4495/4171 3563/4173 4446/4169
f 4495/4175 4770/4176 4202/4177
f 3654/4159 3821/4164 3581/4178
f 3654/4159 3581/4178 3177/4179
f 3581/4178 3821/4164 3697/4180
f 3272/4174 3581/4178 3697/4180
f 3697/4180 3821/4164 3991/4163
f 3697/4180 3991/4163 3272/4174
f 3020/4181 3272/4174 4495/4171
f 3251/4182 3020/4181 4495/4171
f 3272/4174 3177/4179 3581/4178
f 3020/4181 3177/4179 3272/4174
f 4778/4183 4085/4043 4157/4041
f 3927/4184 4004/4185 4085/4043
f 4004/4185 3592/4042 4085/4043
f 3523/4186 3592/4042 4004/4185
f 4004/4185 3561/4187 3523/4186
f 3523/4186 3561/4187 3589/4188
f 3856/4189 3911/4190 3738/4191
f 3738/4191 3911/4190 3927/4184
f 3465/4192 3911/4190 3856/4189
f 4004/4185 3927/4184 3911/4190
f 3499/4193 3292/4194 3301/4195
f 3526/4196 3499/4193 3301/4195
f 3526/4196 3291/4197 3499/4193
f 3465/4192 3292/4194 3499/4193
f 3815/4198 3499/4193 3291/4197
f 3465/4192 3499/4193 3815/4198
f 3465/4192 3815/4198 3911/4190
f 3526/4196 3560/4199 3373/4200
f 3526/4196 3373/4200 3291/4197
f 3560/4199 3555/4201 3373/4200
f 3556/4202 3555/4201 3560/4199
f 3526/4196 3556/4202 3560/4199
f 3526/4196 3229/4203 3556/4202
f 3589/4188 3355/4204 3556/4202
f 4330/4205 3229/4203 3526/4196
f 3373/4200 3906/4206 3291/4197
f 3815/4198 3291/4197 3906/4206
f 4004/4185 3815/4198 3561/4187
f 3373/4200 3716/4207 3906/4206
f 3815/4198 4004/4185 3911/4190
f 3716/4207 3962/4208 3815/4198
f 3716/4207 3815/4198 3906/4206
f 3716/4207 3373/4200 3555/4201
f 3716/4207 3561/4187 3962/4208
f 3561/4187 3815/4198 3962/4208
f 3716/4207 3555/4201 3561/4187
f 3556/4202 3355/4204 3555/4201
f 3355/4204 3561/4187 3555/4201
f 3355/4204 3589/4188 3402/4209
f 3561/4187 3402/4209 3589/4188
f 3402/4209 3561/4187 3355/4204
f 2931/4210 3249/4211 3592/4042
f 2931/4210 3592/4042 2943/4212
f 2843/4213 3249/4211 2931/4210
f 3114/4214 2843/4213 2931/4210
f 3114/4214 3190/4215 2843/4213
f 3114/4214 2931/4210 2879/4216
f 3097/4217 3190/4215 3114/4214
f 3132/4218 2814/4219 3196/4220
f 3132/4218 2943/4212 2841/4221
f 3132/4218 3196/4220 2943/4212
f 2839/4222 3204/4223 3209/4224
f 3204/4223 3132/4218 3209/4224
f 2814/4219 3132/4218 3204/4223
f 2847/4225 2814/4219 3204/4223
f 2839/4222 3209/4224 2956/4226
f 2841/4221 2956/4226 3132/4218
f 3209/4224 3132/4218 2956/4226
f 3120/4227 2943/4212 3196/4220
f 3024/4228 2931/4210 2943/4212
f 3120/4227 3024/4228 2943/4212
f 2814/4219 2931/4210 3024/4228
f 2814/4219 3024/4228 3120/4227
f 2814/4219 2879/4216 2931/4210
f 2814/4219 3114/4214 2879/4216
f 2814/4219 3097/4217 3114/4214
f 2814/4219 3120/4227 3196/4220
f 3229/4203 2814/4219 2847/4225
f 2943/4212 3592/4042 3523/4186
f 2943/4212 3523/4186 3128/4229
f 2847/4225 3128/4229 3523/4186
f 3229/4203 2847/4225 3523/4186
f 3568/4230 3589/4188 3229/4203
f 3568/4230 3523/4186 3589/4188
f 3229/4203 3589/4188 3556/4202
f 3568/4230 3229/4203 3523/4186
f 2943/4212 3128/4229 2841/4221
f 2841/4221 3128/4229 2956/4226
f 2847/4225 2839/4222 2956/4226
f 2847/4225 2956/4226 3128/4229
f 3204/4223 2839/4222 2847/4225
f 3387/4231 2814/4219 3229/4203
f 4771/4157 4395/4154 4594/4232
f 4226/4233 4594/4234 4395/4235
f 4330/4205 4226/4233 4395/4235
f 3714/4236 4226/4233 4330/4205
f 4226/4233 4778/4183 4594/4234
f 3565/4237 3766/4238 3714/4236
f 3565/4237 3714/4236 4330/4205
f 3714/4236 4778/4183 4226/4233
f 3766/4238 4778/4183 3714/4236
f 3293/4239 3756/4240 3766/4238
f 3293/4239 3927/4184 3756/4240
f 3927/4184 3766/4238 3756/4240
f 3927/4184 4085/4043 4778/4183
f 3927/4184 4778/4183 3766/4238
f 3293/4239 3766/4238 3565/4237
f 3689/4241 3431/4242 4330/4205
f 3293/4239 3738/4191 3927/4184
f 3301/4195 3738/4191 3293/4239
f 3465/4192 3856/4189 3301/4195
f 3301/4195 3856/4189 3738/4191
f 4330/4205 3293/4239 3565/4237
f 3301/4195 3292/4194 3465/4192
f 4330/4205 3301/4195 3293/4239
f 3526/4196 3301/4195 4330/4205
f 3431/4242 3387/4231 4330/4205
f 3689/4241 3387/4231 3431/4242
f 4771/4157 4656/4155 4395/4154
f 4308/4243 4157/4047 4607/4158
f 4594/4232 4778/4244 4308/4243
f 4778/4244 4157/4047 4308/4243
f 4594/4232 4308/4243 4771/4157
f 4308/4243 4607/4158 4771/4157
f 4153/4166 3689/4161 4019/4167
f 4053/4245 3689/4161 4153/4166
f 4053/4245 4153/4166 3945/4246
f 4153/4166 3654/4159 3493/4247
f 3177/4179 3020/4181 3654/4159
f 3387/4231 3229/4203 4330/4205
f 4568/4248 3387/4231 3689/4241
f 4088/4133 3248/4046 3139/4050
f 4611/4135 3046/4057 3167/4129
f 4611/4135 4088/4133 3250/4049
f 4611/4135 3250/4049 3046/4057
f 4088/4133 3139/4050 3250/4049
f 3250/4049 3602/4051 3046/4057
f 4486/4144 3046/4057 3056/4172
f 3056/4172 3046/4057 4495/4171
f 4770/4104 3046/4057 3169/4093
f 4495/4171 3046/4057 4770/4104
f 4895/4249 4741/4250 2414/4251
f 4895/4249 2414/4251 2603/4252
f 4895/4249 2603/4252 667/4253
f 4790/4254 4741/4255 4772/4256
f 4772/4256 4741/4255 3938/4257
f 4772/4256 3938/4257 4790/4254
f 4741/4250 4752/4258 3938/4259
f 4512/4260 3938/4257 2760/4261
f 4561/4262 4752/4258 4565/4263
f 4061/4264 4752/4258 4862/4265
f 4039/4266 4061/4264 4862/4265
f 4752/4258 4561/4262 4862/4265
f 4039/4267 4862/4268 4897/4269
f 4561/4262 4565/4263 4862/4265
f 4565/4263 4741/4250 4895/4249
f 4741/4250 4565/4263 4752/4258
f 3938/4259 4752/4258 4039/4266
f 3938/4257 4039/4270 4155/4271
f 4155/4271 4039/4270 2760/4261
f 4039/4266 4752/4258 4061/4264
f 4039/4267 4897/4269 8/4272
f 3938/4257 4155/4271 2760/4261
f 4869/4273 3282/4274 4853/4275
f 3282/4274 667/4276 4853/4275
f 4879/4277 4869/4273 4853/4275
f 4894/4278 4879/4277 4853/4275
f 8/4272 4878/4279 4879/4277
f 4894/4278 8/4272 4879/4277
f 4894/4278 4853/4275 8/4272
f 2760/4280 4853/4275 2764/4281
f 2764/4281 4853/4275 2426/4282
f 14/4283 4895/4249 3282/4284
f 4862/4265 4895/4249 14/4283
f 3282/4284 4895/4249 667/4253
f 4881/4285 767/4286 4893/4287
f 4864/4288 4893/4287 4869/4273
f 767/4286 4869/4273 4893/4287
f 767/4286 3282/4274 4869/4273
f 19/4289 1127/4290 767/4291
f 4881/4285 19/4292 767/4286
f 3282/4284 767/4291 1127/4290
f 4864/4288 4869/4273 4859/4293
f 4864/4288 4881/4285 4893/4287
f 4891/4294 4881/4285 4864/4288
f 4891/4294 19/4292 4881/4285
f 4891/4294 4862/4268 19/4292
f 4897/4269 4862/4268 4891/4294
f 1208/4295 1127/4290 19/4289
f 1208/4295 4854/4296 1127/4290
f 14/4283 4854/4296 1208/4295
f 3282/4284 1127/4290 4854/4296
f 3282/4284 4854/4296 14/4283
f 4862/4265 14/4283 1208/4295
f 4862/4265 1208/4295 19/4289
f 4862/4265 4565/4263 4895/4249
f 4879/4277 4878/4279 4859/4293
f 4897/4269 4864/4288 4859/4293
f 4878/4279 4897/4269 4859/4293
f 4897/4269 4891/4294 4864/4288
f 4879/4277 4859/4293 4869/4273
f 8/4272 4897/4269 4878/4279
f 4741/4250 4475/4121 2618/4124
f 4770/4297 4475/4121 4741/4250
f 2090/4298 2234/4108 2011/4299
f 2090/4298 2073/4106 2234/4108
f 2618/4124 2073/4106 4741/4250
f 2618/4124 2134/4109 2073/4106
f 2618/4124 2360/4123 2134/4109
f 4741/4250 2090/4298 2462/4300
f 2462/4300 2090/4298 2011/4299
f 2462/4300 2484/4301 4741/4250
f 4741/4250 2484/4301 2414/4251
f 2462/4300 2011/4299 2484/4301
f 2484/4301 2011/4299 2414/4251
f 2011/4299 2657/4302 2414/4251
f 2657/4302 2011/4299 2234/4108
f 4741/4250 2073/4106 2090/4298
f 4408/4303 4161/4304 4741/4305
f 3961/4306 4007/4307 4741/4305
f 3850/4308 4770/4176 4741/4305
f 4741/4305 4161/4304 3850/4308
f 4161/4304 4408/4303 3850/4308
f 4007/4307 4408/4303 4741/4305
f 3961/4306 3850/4308 4408/4303
f 3961/4306 4408/4303 4007/4307
f 3914/4309 3850/4308 3961/4306
f 4676/4310 3914/4309 3961/4306
f 3032/4311 4770/4176 3482/4312
f 4202/4177 4770/4176 3032/4311
f 3482/4312 4770/4176 3914/4309
f 3850/4308 3914/4309 4770/4176
f 4676/4310 3482/4312 3914/4309
f 4741/4305 4676/4310 3961/4306
f 4730/4313 3482/4312 4676/4310
f 4730/4313 4676/4310 4741/4305
f 4605/4314 4730/4313 4741/4305
f 3482/4312 4730/4313 4365/4315
f 4605/4314 4365/4315 4730/4313
f 4151/4044 2838/4316 3245/4045
f 3592/4317 3425/4318 3143/4319
f 3013/4320 3143/4319 3545/4321
f 2857/4322 2793/1369 3592/1357
f 4682/1366 3029/1368 3104/1370
f 2857/4322 3104/1370 2793/1369
f 3099/4323 2857/4322 3592/1357
f 3093/4324 2857/4322 3099/4323
f 4682/1366 3104/1370 4794/1442
f 4794/1442 3104/1370 2904/4325
f 3014/1420 2946/1422 2904/4325
f 2904/4325 2946/1422 4794/1442
f 2904/4325 3104/1370 2857/4322
f 2901/4326 2904/4325 2857/4322
f 3093/4324 2901/4326 2857/4322
f 3014/1420 2904/4325 2901/4326
f 3093/4324 3099/4323 3094/4327
f 3014/1420 2901/4326 3093/4324
f 3094/4327 3014/1420 3093/4324
f 2916/4328 3014/1420 3094/4327
f 3592/1357 3013/4329 3099/4323
f 3013/4320 3592/4317 3143/4319
f 2916/4328 3094/4327 3099/4323
f 3013/4329 2916/4328 3099/4323
f 3013/4329 3014/1420 2916/4328
f 3228/4330 3014/1420 3013/4329
f 3228/4330 4254/1421 3014/1420
f 3405/4331 3205/4332 3425/4318
f 3425/4318 3592/4317 3405/4331
f 3511/4333 3425/4318 3419/4334
f 3419/4334 3425/4318 3521/4335
f 3512/4336 3419/4334 3521/4335
f 3419/4334 3545/4321 3511/4333
f 3512/4336 3653/4337 3612/4338
f 3405/4331 3013/4320 3545/4321
f 3405/4331 3545/4321 3512/4336
f 3545/4321 3419/4334 3512/4336
f 3405/4331 3512/4336 3277/4339
f 3405/4331 3277/4339 3325/4340
f 3277/4339 3512/4336 3612/4338
f 3511/4333 3143/4319 3425/4318
f 3143/4319 3511/4333 3545/4321
f 3228/4341 3013/4320 3405/4331
f 3298/4342 3228/4341 3405/4331
f 3205/4332 3612/4338 3425/4318
f 3277/4339 3612/4338 3205/4332
f 3325/4340 3277/4339 3205/4332
f 3315/4343 3205/4332 3405/4331
f 3325/4340 3364/4344 3405/4331
f 3521/4335 3425/4318 3612/4338
f 3521/4335 3612/4338 3653/4337
f 3653/4337 3512/4336 3521/4335
f 3405/4331 3364/4344 3315/4343
f 3364/4344 3325/4340 3315/4343
f 3325/4340 3205/4332 3315/4343
f 4568/4345 3228/4341 3298/4342
f 3360/4346 4524/1450 4254/1481
f 3360/4346 4254/1481 3228/4347
f 3219/4348 2917/1471 2995/1482
f 4524/1450 3219/4348 2995/1482
f 3406/4349 2917/1471 3219/4348
f 3406/4350 3113/1483 2917/1484
f 3296/1486 3113/1483 3502/4351
f 3502/4351 3113/1483 3406/4350
f 3219/4348 3502/4352 3406/4349
f 3360/4346 3219/4348 4524/1450
f 3502/4352 3219/4348 3360/4346
f 3502/4352 3360/4346 3228/4347
f 3502/4351 3424/1487 3296/1486
f 3418/4353 3006/1494 3424/1487
f 3604/4354 3615/4355 3424/1487
f 3424/1487 3615/4355 3418/4353
f 3604/4354 3418/4353 3615/4355
f 3408/4356 3424/1487 3502/4351
f 3445/4357 3408/4356 3502/4351
f 3408/4356 3604/4354 3424/1487
f 3445/4357 3604/4354 3408/4356
f 3630/4358 3418/4353 3604/4354
f 3630/4358 3604/4354 3445/4357
f 3006/1494 3418/4353 3630/4358
f 3445/4357 2905/4359 3630/4358
f 3502/4351 3004/4360 3445/4357
f 3630/4358 2905/4359 3006/1494
f 3445/4357 3004/4360 2905/4359
f 3004/4360 3006/1494 2905/4359
f 3228/4347 3004/4361 3502/4352
f 3721/4362 3004/4361 3228/4347
f 3004/4360 4067/1825 3006/1494
f 3304/1941 4067/1825 3004/4360
f 3004/4361 3721/4362 3304/4363
f 2906/4364 3405/4365 3009/4366
f 3009/4366 3405/4365 3592/4042
f 2822/4367 3009/4366 3592/4042
f 2822/4367 2906/4364 3009/4366
f 2822/4367 3592/4042 3107/4368
f 3249/4211 3109/4369 3592/4042
f 3195/4370 3109/4369 3023/4371
f 3107/4368 3592/4042 3109/4369
f 3107/4368 3109/4369 3195/4370
f 3195/4370 3012/4372 3107/4368
f 3012/4372 2822/4367 3107/4368
f 2814/4219 3405/4365 3012/4372
f 3012/4372 2906/4364 2822/4367
f 3405/4365 2906/4364 3012/4372
f 3400/4373 3298/4342 3405/4331
f 4568/4345 3400/4373 3405/4331
f 3298/4342 3400/4373 4568/4345
f 4568/4345 3721/4374 3228/4341
f 3097/4217 3023/4371 3109/4369
f 3249/4211 3097/4217 3109/4369
f 3097/4217 3195/4370 3023/4371
f 3190/4215 3249/4211 2843/4213
f 3190/4215 3097/4217 3249/4211
f 3097/4217 3012/4372 3195/4370
f 2814/4219 3012/4372 3097/4217
f 3387/4231 3405/4365 2814/4219
f 4568/4248 3405/4365 3387/4231
f 2838/4316 3327/4375 3245/4045
f 3388/4376 3327/4375 4151/4044
f 3327/4375 2838/4316 4151/4044
f 3245/4045 3327/4375 4644/4377
f 4644/4377 3327/4375 3388/4376
f 4644/4377 4695/4378 3245/4045
f 4695/4378 4644/4377 4507/4379
f 4695/4378 4623/4114 3245/4045
f 4494/4380 4644/4377 3388/4376
f 3388/4376 4507/4379 4494/4380
f 4507/4379 4644/4377 4494/4380
f 4507/4379 3388/4376 4107/4381
f 4507/4379 4107/4381 4695/4378
f 4107/4381 4623/4114 4695/4378
f 3388/4376 4151/4044 4107/4381
f 4107/4381 2698/4115 4623/4114
f 4107/4381 4792/4382 2698/4115
f 4107/4381 4151/4044 4792/4382
f 4792/4382 4151/4044 2698/4115
f 2698/4383 4151/1524 4783/4384
f 4783/4384 2894/4385 2698/4383
f 2894/4385 3333/4386 2698/4383
f 4783/4384 4151/1524 2894/4385
f 3333/4386 2894/4385 4502/4387
f 3333/4386 3611/4388 2698/4383
f 3333/4386 3633/4389 3611/4388
f 3611/4388 3633/4389 2698/4383
f 4502/4387 3633/4389 3333/4386
f 3633/4389 4502/4387 2698/4383
f 4502/4387 2144/4390 2698/4383
f 4502/4387 1983/1606 2144/4390
f 3174/1526 3886/4391 4151/1524
f 3886/4391 3174/1526 3278/4392
f 3886/4391 3278/4392 3814/4393
f 3814/4393 3732/4394 3886/4391
f 3886/4391 2922/4395 4151/1524
f 3732/4394 2922/4395 3886/4391
f 3732/4394 3705/4396 4094/4397
f 4017/4398 3732/4394 4094/4397
f 3732/4394 4017/4398 2922/4395
f 4017/4398 4513/4399 2922/4395
f 2922/4395 4094/4397 4151/1524
f 2922/4395 4513/4399 4094/4397
f 4094/4397 4513/4399 4017/4398
f 4151/1524 4094/4397 2894/4385
f 2894/4385 4094/4397 4754/4400
f 4094/4397 1/1598 4754/4400
f 3814/4393 3278/4392 3705/4396
f 3814/4393 3705/4396 3732/4394
f 1/1598 4094/4397 3705/4396
f 4754/4400 4502/4387 2894/4385
f 4754/4400 4716/4401 4502/4387
f 4754/4400 4170/4402 4716/4401
f 4716/4401 3772/4403 4502/4387
f 4170/4402 4715/4404 4716/4401
f 4715/4404 4035/4405 4716/4401
f 4035/4405 4459/1600 4899/4406
f 4715/4404 4459/1600 4035/4405
f 4899/4406 4716/4401 4035/4405
f 4899/4406 7/4407 4716/4401
f 4899/4406 4459/1600 7/4407
f 7/4407 3127/4408 4716/4401
f 2458/4409 3772/4403 4716/4401
f 3127/4408 2458/4409 4716/4401
f 7/4407 4459/1600 3127/4408
f 3127/4408 4459/1600 2745/1599
f 3772/4403 2485/1604 4502/4387
f 4502/4387 2485/1604 1983/1606
f 2458/4409 2485/1604 3772/4403
f 3127/4408 2745/1599 2458/4409
f 2458/4409 2745/1599 2485/1604
f 2376/1601 2485/1604 2745/1599
f 2376/1601 2637/1603 2485/1604
f 4754/4400 1/1598 4715/4404
f 4754/4400 4715/4404 4170/4402
f 1/1598 4459/1600 4715/4404
f 3721/4410 3713/1945 3304/1946
f 3721/4410 2122/4411 3713/1945
f 2122/4411 3049/2088 3713/1945
f 2122/4411 2190/2090 3049/2088
f 4874/4412 2122/4413 3721/4374
f 4568/4345 4874/4412 3721/4374
f 535/4414 2131/3524 1860/3523
f 2230/4415 2131/3524 691/4416
f 2230/4415 2345/4417 2131/3524
f 2345/4417 2517/3522 2131/3524
f 2508/4418 2517/3522 2345/4417
f 2508/4418 2446/4419 2517/3522
f 690/4420 2076/4421 2508/4418
f 2076/4421 2446/4419 2508/4418
f 2104/4422 2076/4423 690/4424
f 2076/4421 2517/3522 2446/4419
f 690/4420 2345/4417 2230/4415
f 690/4420 2508/4418 2345/4417
f 2482/4102 2517/4425 2691/4100
f 2213/4426 2691/4100 2517/4425
f 2564/4427 3847/4084 2691/4428
f 2564/4427 2691/4428 2213/4095
f 2104/4422 2517/4425 2076/4423
f 2119/4429 2138/4430 2517/4425
f 2119/4429 2517/4425 2104/4422
f 2124/4431 2119/4429 2104/4422
f 2124/4431 2104/4422 690/4424
f 2124/4431 2138/4430 2119/4429
f 2594/4432 2517/4425 2138/4430
f 2138/4430 2203/4433 2594/4432
f 690/4424 2503/4434 2124/4431
f 2503/4434 2138/4430 2124/4431
f 2213/4095 3847/4084 2564/4427
f 2594/4432 2213/4426 2517/4425
f 2503/4434 2203/4433 2138/4430
f 2213/4426 2594/4432 2671/4435
f 2503/4434 2594/4432 2203/4433
f 2503/4434 2671/4435 2594/4432
f 1942/4436 460/4437 1860/3523
f 1860/3523 1638/4438 1942/4436
f 690/4420 691/4416 148/4439
f 691/4416 1912/4440 148/4439
f 1860/3523 136/4441 1909/4442
f 1860/3523 1909/4442 1638/4438
f 1841/4443 1638/4438 1909/4442
f 1563/4444 1638/4438 1841/4443
f 585/4445 1862/4446 1912/4440
f 1862/4446 1638/4438 1563/4444
f 1862/4446 585/4445 1942/4436
f 1862/4446 1942/4436 1638/4438
f 691/4416 2131/3524 535/4414
f 460/4437 535/4414 1860/3523
f 691/4416 535/4414 460/4437
f 533/4447 460/4437 1942/4436
f 1942/4436 606/4448 533/4447
f 691/4416 460/4437 533/4447
f 691/4416 533/4447 606/4448
f 691/4416 606/4448 1942/4436
f 1912/4440 691/4416 585/4445
f 1942/4436 635/4449 691/4416
f 585/4445 691/4416 635/4449
f 585/4445 635/4449 1942/4436
f 1239/4450 690/4420 148/4439
f 136/4441 1860/3523 208/4451
f 223/4452 136/4441 208/4451
f 1239/4450 148/4439 130/4453
f 298/4454 299/4455 130/4453
f 223/4452 398/4456 298/4454
f 130/4453 299/4455 1239/4450
f 223/4452 208/4451 104/4457
f 223/4452 104/4457 398/4456
f 289/4458 299/4455 398/4456
f 289/4458 398/4456 104/4457
f 104/4457 208/4451 138/4459
f 104/4457 138/4459 289/4458
f 299/4455 289/4458 1239/4450
f 289/4458 1781/4460 1239/4450
f 1465/4461 1239/4450 1781/4460
f 136/4441 223/4452 186/4462
f 186/4462 298/4454 60/4463
f 130/4453 186/4462 60/4463
f 223/4452 298/4454 186/4462
f 130/4453 60/4463 298/4454
f 298/4454 398/4456 299/4455
f 1909/4442 136/4441 1735/4464
f 1841/4443 1909/4442 1735/4464
f 1563/4444 1841/4443 1735/4464
f 1912/4440 1563/4444 1735/4464
f 1912/4440 1735/4464 1769/4465
f 1921/4466 1912/4440 1769/4465
f 1862/4446 1563/4444 1763/4467
f 1912/4440 1862/4446 1763/4467
f 1763/4467 1563/4444 1912/4440
f 148/4439 1735/4464 106/4468
f 106/4468 1735/4464 136/4441
f 106/4468 136/4441 130/4453
f 148/4439 106/4468 130/4453
f 136/4441 186/4462 130/4453
f 1769/4465 1735/4464 148/4439
f 1921/4466 1769/4465 148/4439
f 1921/4466 148/4439 1912/4440
f 690/4420 2230/4415 691/4416
f 2503/4434 690/4424 539/4469
f 2234/4108 2065/4470 2044/4471
f 2291/4472 2044/4471 2065/4470
f 2065/4470 1674/4473 2291/4472
f 2511/4474 2492/4475 2768/4476
f 2768/4476 2492/4475 2583/4477
f 2768/4476 2583/4477 2469/4478
f 2768/4476 2469/4478 2549/4479
f 2583/4477 2167/4480 2513/4481
f 2513/4481 2167/4480 2145/4482
f 2511/4474 2549/4479 2689/4483
f 2511/4474 2768/4476 2549/4479
f 2549/4479 2469/4478 2418/4484
f 2418/4484 2469/4478 2583/4477
f 2418/4484 2583/4477 2513/4481
f 2593/4485 2513/4481 2100/4486
f 2100/4486 2145/4482 2042/4487
f 2513/4481 2145/4482 2100/4486
f 2100/4486 2042/4487 2505/4488
f 2504/4489 2100/4486 2505/4488
f 2234/4108 2689/4483 2418/4484
f 2281/4107 2689/4483 2234/4108
f 2281/4107 2680/4110 2511/4474
f 2281/4107 2511/4474 2689/4483
f 2689/4483 2549/4479 2418/4484
f 2504/4489 2593/4485 2100/4486
f 2504/4489 2513/4481 2593/4485
f 2065/4470 2513/4481 2504/4489
f 2418/4484 2513/4481 2234/4108
f 2234/4108 2513/4481 2065/4470
f 2065/4470 539/4490 1674/4473
f 2504/4489 539/4490 2065/4470
f 539/4490 2504/4489 2505/4488
f 313/4491 539/4492 375/4493
f 539/4492 313/4491 1674/4494
f 375/4493 539/4492 273/4495
f 208/4451 1860/3523 2467/4496
f 2054/4497 2467/4496 1488/4498
f 138/4459 208/4451 2054/4497
f 2054/4497 208/4451 2467/4496
f 1465/4461 2054/4497 1627/4499
f 1781/4460 289/4458 138/4459
f 138/4459 2054/4497 1781/4460
f 1547/4500 1781/4460 2054/4497
f 1465/4461 1781/4460 1547/4500
f 1547/4500 2054/4497 1465/4461
f 1465/4461 1311/4501 1569/4502
f 1627/4499 2054/4497 1488/4498
f 1311/4501 1465/4461 1627/4499
f 1311/4501 1627/4499 1569/4502
f 1569/4502 1627/4499 1600/4503
f 1488/4498 2467/4496 1582/4504
f 1582/4504 2467/4496 724/4505
f 1414/4506 1582/4504 724/4505
f 1414/4506 724/4505 791/4507
f 1414/4506 747/4508 569/4509
f 747/4508 1414/4506 791/4507
f 791/4507 724/4505 888/4510
f 809/4511 830/4512 569/4509
f 791/4507 888/4510 830/4512
f 830/4512 888/4510 503/4513
f 830/4512 503/4513 427/4514
f 809/4511 791/4507 830/4512
f 747/4508 791/4507 809/4511
f 569/4509 747/4508 809/4511
f 1582/4504 1414/4506 1425/4515
f 1425/4515 1414/4506 1390/4516
f 1488/4498 1582/4504 1349/4517
f 1488/4498 1349/4517 1213/4518
f 1213/4518 1349/4517 1425/4515
f 1349/4517 1582/4504 1425/4515
f 1627/4499 1488/4498 1600/4503
f 1600/4503 1488/4498 1569/4502
f 1488/4498 1213/4518 1569/4502
f 1425/4515 1390/4516 1569/4502
f 1414/4506 569/4509 1569/4502
f 1390/4516 1414/4506 1569/4502
f 1425/4515 1569/4502 1213/4518
f 2467/3475 843/4519 824/4520
f 843/4519 875/3776 1192/3773
f 843/4519 2467/3475 875/3776
f 1030/4521 843/4519 1192/3773
f 1030/4521 1192/3773 1084/3774
f 824/4520 843/4519 1030/4521
f 2467/3475 824/4520 1030/4521
f 316/4522 724/4505 2467/4496
f 53/4523 2467/4496 1030/4524
f 316/4522 2467/4496 200/4525
f 200/4525 2467/4496 53/4523
f 200/4525 53/4523 1030/4524
f 316/4522 200/4525 1030/4524
f 649/4526 316/4522 1030/4524
f 588/4527 649/4526 1030/4524
f 724/4505 316/4522 888/4510
f 888/4510 316/4522 905/4528
f 445/4529 316/4522 649/4526
f 615/4530 445/4529 588/4527
f 615/4530 316/4522 445/4529
f 905/4528 316/4522 615/4530
f 905/4528 615/4530 588/4527
f 445/4529 649/4526 588/4527
f 1106/4531 905/4528 588/4527
f 888/4510 905/4528 1106/4531
f 830/4512 588/4527 1030/4524
f 668/4532 588/4527 730/4533
f 503/4513 888/4510 668/4532
f 503/4513 668/4532 730/4533
f 730/4533 588/4527 427/4514
f 427/4514 588/4527 830/4512
f 668/4532 888/4510 1106/4531
f 668/4532 1106/4531 588/4527
f 503/4513 730/4533 427/4514
f 1569/4502 830/4512 1030/4524
f 1569/4502 1030/4524 1084/4534
f 569/4509 830/4512 1569/4502
f 1569/4502 1084/4534 1083/4535
f 1239/4450 273/4495 690/4420
f 241/4536 354/4537 353/4538
f 2426/4282 4853/4275 648/4539
f 2426/4282 648/4539 523/4540
f 2426/4282 523/4540 465/4541
f 523/4540 502/4542 465/4541
f 550/4543 465/4541 502/4542
f 466/4544 465/4541 550/4543
f 570/4545 550/4543 542/4546
f 466/4544 550/4543 570/4545
f 550/4543 502/4542 542/4546
f 542/4546 502/4542 268/4547
f 542/4546 1874/4548 570/4545
f 542/4546 268/4547 1874/4548
f 1874/4548 268/4547 417/4549
f 268/4547 94/4550 390/4551
f 417/4549 390/4551 94/4550
f 417/4549 268/4547 390/4551
f 268/4547 502/4542 94/4550
f 417/4552 94/4553 429/4554
f 256/4555 1955/4556 74/4557
f 94/4553 294/4558 429/4554
f 94/4553 126/4559 294/4558
f 294/4558 126/4559 439/4560
f 126/4559 90/4561 439/4560
f 126/4559 274/4562 90/4561
f 90/4561 274/4562 300/4563
f 300/4563 274/4562 126/4559
f 126/4559 230/4564 300/4563
f 1696/4565 1955/4556 2387/4566
f 64/4567 353/4538 1955/4568
f 353/4569 354/4570 1672/4571
f 1955/4556 353/4569 1672/4571
f 241/4536 353/4538 64/4567
f 1696/4565 74/4557 1955/4556
f 2445/4572 256/4573 1714/4574
f 2318/4575 2445/4572 1714/4574
f 1899/4576 1714/4577 74/4557
f 1714/4577 256/4555 74/4557
f 658/4578 256/4573 2445/4572
f 2445/4572 2426/4282 658/4578
f 2426/4282 515/4579 658/4578
f 2426/4282 465/4541 515/4579
f 515/4579 465/4541 570/4545
f 465/4541 466/4544 570/4545
f 1837/4580 256/4573 658/4578
f 658/4578 515/4579 1837/4580
f 1687/4581 256/4573 1837/4580
f 515/4579 570/4545 417/4549
f 1687/4581 417/4549 256/4573
f 1837/4580 417/4549 1687/4581
f 1837/4580 515/4579 417/4549
f 570/4545 1874/4548 417/4549
f 193/4582 74/4557 1696/4565
f 405/4583 193/4582 1696/4565
f 429/4554 294/4558 417/4552
f 417/4552 294/4558 439/4560
f 417/4552 2794/4584 256/4555
f 417/4552 439/4560 214/4585
f 214/4585 439/4560 300/4563
f 439/4560 90/4561 300/4563
f 2794/4584 1955/4556 256/4555
f 214/4585 2794/4584 417/4552
f 2690/4586 1955/4556 2794/4584
f 539/4492 690/4420 273/4495
f 2603/4252 2414/4251 2007/4587
f 2007/4587 2414/4251 2261/4588
f 2414/4251 1674/4473 2261/4588
f 2379/4589 1674/4473 2414/4251
f 1674/4473 1906/4590 2261/4588
f 675/4591 1906/4590 1674/4473
f 675/4591 1674/4473 665/4592
f 667/4253 2603/4252 2007/4587
f 2007/4587 2261/4588 667/4253
f 667/4253 2261/4588 1906/4590
f 648/4539 4853/4275 667/4276
f 1906/4590 675/4591 667/4253
f 667/4253 675/4591 601/4593
f 601/4593 675/4591 665/4592
f 601/4593 489/4594 667/4253
f 648/4539 667/4276 523/4540
f 601/4593 665/4592 1674/4473
f 601/4593 1674/4473 489/4594
f 667/4253 489/4594 1850/4595
f 1850/4595 489/4594 1674/4473
f 667/4276 502/4542 523/4540
f 667/4276 1850/4596 502/4542
f 1850/4596 94/4550 502/4542
f 2657/4302 771/4597 2379/4589
f 2379/4589 771/4597 1674/4473
f 2414/4251 2657/4302 2379/4589
f 2657/4302 2234/4108 771/4597
f 771/4597 2234/4108 2437/4598
f 771/4597 2437/4598 721/4599
f 721/4599 2437/4598 2127/4600
f 2127/4600 2437/4598 2291/4472
f 2234/4108 2705/4601 2437/4598
f 2437/4598 2705/4601 2291/4472
f 2044/4471 2705/4601 2234/4108
f 2291/4472 2705/4601 2044/4471
f 721/4599 2127/4600 771/4597
f 2291/4472 1674/4473 2127/4600
f 771/4597 2127/4600 1674/4473
f 1674/4494 313/4491 84/4602
f 84/4602 273/4495 1674/4494
f 313/4491 375/4493 84/4602
f 84/4602 375/4493 273/4495
f 278/4603 1674/4494 202/4604
f 202/4604 1674/4494 354/4605
f 1674/4494 273/4495 354/4605
f 278/4603 64/4606 1674/4494
f 1674/4494 64/4606 1850/4607
f 94/4550 1850/4596 64/4608
f 202/4604 354/4605 241/4609
f 64/4606 278/4603 202/4604
f 64/4606 202/4604 241/4609
f 94/4610 64/4567 126/4611
f 300/4563 230/4564 129/4612
f 230/4564 126/4559 129/4612
f 300/4563 129/4612 214/4585
f 214/4585 129/4612 126/4559
f 214/4585 126/4559 172/4613
f 64/4567 1955/4568 1712/4614
f 126/4559 2690/4586 172/4613
f 214/4585 172/4613 2794/4584
f 2794/4584 172/4613 2690/4586
f 126/4611 64/4567 1736/4615
f 126/4611 1736/4615 2690/4616
f 1239/4450 1465/4461 1569/4502
f 354/4605 273/4495 1239/4450
f 1239/4450 2700/4617 354/4605
f 1239/4450 2393/4618 2700/4617
f 2393/4618 1239/4450 1083/4535
f 2006/4619 2700/4617 2393/4618
f 2006/4619 2393/4618 2403/4620
f 2403/4620 2393/4618 2400/4621
f 2393/4618 1083/4535 2400/4621
f 1955/4556 1672/4571 2387/4566
f 2027/4622 1696/4565 2387/4566
f 2387/4566 1672/4571 354/4570
f 2387/4566 354/4570 2006/4623
f 2006/4619 354/4605 2700/4617
f 2387/4566 2048/4624 2027/4622
f 1932/4625 2387/4566 2006/4623
f 2006/4619 2403/4620 2400/4621
f 2400/4621 2423/4626 2006/4619
f 1239/4450 1569/4502 1083/4535
f 2027/4622 2048/4624 1468/4627
f 1932/4625 2048/4624 2387/4566
f 2690/4616 1712/4614 1955/4568
f 64/4567 1712/4614 1736/4615
f 2690/4616 1736/4615 1712/4614
f 1506/4628 1441/4629 1696/4565
f 1506/4628 1696/4565 2027/4622
f 1468/4627 1696/4565 1441/4629
f 1506/4628 1364/4630 1441/4629
f 1441/4629 1408/4631 1468/4627
f 1364/4630 1408/4631 1441/4629
f 1408/4631 1506/4628 2027/4622
f 1364/4630 1506/4628 1449/4632
f 1449/4632 1408/4631 1364/4630
f 1449/4632 1506/4628 1408/4631
f 1468/4627 1408/4631 2027/4622
f 1448/4633 1696/4565 1468/4627
f 2423/4626 2400/4621 2177/4634
f 2400/4621 1083/4535 2177/4634
f 2423/4626 2177/4634 2395/4635
f 2177/4634 1083/4535 2395/4635
f 2423/4626 2395/4635 2006/4619
f 2006/4619 2395/4635 1083/4535
f 2006/4623 1702/4636 1932/4625
f 1702/4636 2006/4623 1379/4637
f 1379/4638 2006/4639 1083/4640
f 1379/4638 1083/4640 1462/4641
f 1462/4641 1083/4640 727/4642
f 727/4642 1083/4640 1046/4643
f 1702/4636 2048/4624 1932/4625
f 1702/4636 1379/4637 2048/4624
f 1468/4627 2048/4624 792/4644
f 1379/4637 792/4644 2048/4624
f 1379/4637 1221/4645 792/4644
f 1221/4646 1379/4647 1462/4648
f 1241/4649 1221/4646 1462/4648
f 792/4650 1221/4646 1241/4649
f 1462/4648 792/4650 1241/4649
f 1381/4651 1462/4648 727/4652
f 1462/4648 1381/4651 792/4650
f 1381/4651 1280/4653 792/4650
f 1280/4653 1381/4651 727/4652
f 1468/4654 775/4655 826/4656
f 792/4650 775/4655 1468/4654
f 775/4655 792/4650 554/4657
f 599/4658 775/4655 554/4657
f 599/4658 554/4657 792/4650
f 599/4658 739/4659 775/4655
f 739/4659 567/4660 775/4655
f 775/4655 567/4660 826/4656
f 310/4661 567/4660 739/4659
f 599/4658 792/4650 627/4662
f 739/4659 599/4658 575/4663
f 575/4663 599/4658 627/4662
f 739/4659 627/4662 792/4650
f 575/4663 627/4662 739/4659
f 742/4664 739/4659 714/4665
f 605/4666 739/4659 742/4664
f 742/4664 218/4667 605/4666
f 714/4665 739/4659 792/4650
f 714/4665 218/4667 742/4664
f 714/4665 792/4650 218/4667
f 218/4667 310/4661 739/4659
f 218/4667 739/4659 605/4666
f 218/4667 77/4668 310/4661
f 1170/4669 219/4670 1468/4654
f 1170/4669 1468/4654 826/4656
f 310/4661 765/4671 567/4660
f 765/4671 826/4656 567/4660
f 77/4668 765/4671 310/4661
f 792/4650 444/4672 621/4673
f 473/4674 77/4668 218/4667
f 473/4674 765/4671 77/4668
f 218/4667 792/4650 68/4675
f 68/4675 792/4650 621/4673
f 473/4674 218/4667 527/4676
f 527/4676 218/4667 443/4677
f 443/4677 473/4674 527/4676
f 443/4677 218/4667 68/4675
f 443/4677 68/4675 473/4674
f 68/4675 765/4671 473/4674
f 983/4678 765/4671 68/4675
f 68/4675 621/4673 983/4678
f 983/4678 826/4656 765/4671
f 621/4673 826/4656 983/4678
f 621/4673 556/4679 826/4656
f 444/4672 792/4650 437/4680
f 826/4656 556/4679 1170/4669
f 621/4673 529/4681 556/4679
f 1170/4669 556/4679 529/4681
f 529/4681 384/4682 1170/4669
f 444/4672 529/4681 621/4673
f 444/4672 384/4682 529/4681
f 437/4680 384/4682 444/4672
f 437/4680 816/4683 384/4682
f 1170/4669 384/4682 868/4684
f 757/4685 816/4683 437/4680
f 868/4684 384/4682 816/4683
f 868/4684 816/4683 757/4685
f 757/4685 886/4686 868/4684
f 437/4680 886/4686 757/4685
f 1436/4687 1280/4653 727/4652
f 774/4688 437/4680 792/4650
f 1615/4689 774/4688 1436/4687
f 1436/4687 792/4650 1280/4653
f 1436/4687 774/4688 792/4650
f 1615/4689 1436/4687 727/4652
f 774/4688 1615/4689 727/4652
f 737/4690 774/4688 727/4652
f 774/4688 737/4690 437/4680
f 886/4686 437/4680 737/4690
f 1015/4691 886/4686 846/4692
f 1102/4693 886/4686 1015/4691
f 2517/3522 696/4694 1860/3523
f 2679/4695 696/4694 2517/3522
f 2086/4696 2679/4697 2517/4425
f 2158/4698 2517/4425 2088/4699
f 2088/4699 2679/4697 2086/4696
f 2088/4699 2086/4696 2158/4698
f 2158/4698 2086/4696 2517/4425
f 2679/4697 2088/4699 2005/4700
f 2078/4701 2088/4699 2517/4425
f 2005/4700 2088/4699 2078/4701
f 2448/4702 2517/4425 2662/4103
f 4272/4097 2448/4702 2819/4120
f 2448/4702 2078/4701 2517/4425
f 4272/4097 2679/4697 2448/4702
f 2679/4697 2005/4700 2448/4702
f 2005/4700 2078/4701 2448/4702
f 2819/4120 2448/4702 2662/4103
f 2482/4102 2662/4103 2517/4425
f 2213/4426 2671/4435 720/4703
f 2671/4435 2503/4434 720/4703
f 4475/4121 2368/4704 2402/4705
f 2277/4706 4475/4121 2402/4705
f 2402/4705 2368/4704 2266/4707
f 2266/4707 2368/4704 2167/4480
f 2368/4094 2213/4095 720/4708
f 2167/4480 2042/4487 2145/4482
f 2042/4487 2167/4480 2505/4488
f 2368/4704 720/4709 2167/4480
f 2505/4488 2167/4480 720/4709
f 2348/4710 2583/4477 2492/4475
f 2511/4474 2348/4710 2492/4475
f 2511/4474 2257/4711 2348/4710
f 2266/4707 2348/4710 2257/4711
f 2583/4477 2348/4710 2266/4707
f 2419/4712 2277/4706 2266/4707
f 4475/4121 2277/4706 2134/4109
f 2134/4109 2277/4706 2419/4712
f 2419/4712 2266/4707 2257/4711
f 2134/4109 2419/4712 2680/4110
f 2680/4110 2419/4712 2257/4711
f 2680/4110 2257/4711 2511/4474
f 2583/4477 2266/4707 2167/4480
f 2277/4706 2402/4705 2266/4707
f 696/4694 532/4713 1860/3523
f 2679/4695 532/4713 696/4694
f 2679/4695 2308/4714 532/4713
f 2375/4116 2308/4715 2679/4117
f 2254/4716 2338/4717 2308/4715
f 2375/4116 2254/4716 2308/4715
f 2144/4118 2338/4717 2254/4716
f 2375/4116 2144/4118 2254/4716
f 2144/4390 2510/4718 2338/4719
f 2380/4720 1972/4721 2338/4719
f 2245/4722 2421/4723 1972/4721
f 2245/4722 1972/4721 2380/4720
f 2380/4720 2441/4724 2245/4722
f 1983/1606 2421/4723 2441/4724
f 2421/4723 2245/4722 2441/4724
f 2136/4725 1972/4721 2421/4723
f 1972/1614 234/1616 2338/3637
f 2441/4724 2380/4720 2338/4719
f 2510/4718 2441/4724 2338/4719
f 2144/4390 2441/4724 2510/4718
f 2144/4390 1983/1606 2441/4724
f 2421/4723 1983/1606 2136/4725
f 2136/4725 1983/1606 1972/4721
f 1983/1606 1964/1626 1972/4721
f 763/1618 641/1615 1972/1614
f 763/1618 1972/1614 1964/1619
f 1983/1606 2135/1610 1964/1626
f 507/4726 532/4727 508/3631
f 532/4727 507/4726 1860/3613
f 2308/3638 642/3632 532/4727
f 539/4469 720/4703 2503/4434
f 2505/4488 720/4709 539/4490
f 507/4726 505/3626 1860/3613
f 507/4726 508/3631 505/3626
f 532/4727 642/3632 508/3631
f 505/3626 508/3631 650/3627
f 2497/4728 893/3948 1064/3951
f 1083/4729 1084/3798 1184/3801
f 1083/4640 1184/3949 893/3948
f 1652/4730 347/4731 727/4642
f 2541/4732 2034/4733 2217/4734
f 1652/4730 2034/4733 2541/4732
f 1952/4735 1652/4730 2541/4732
f 1392/4736 1652/4730 1952/4735
f 2685/4737 1392/4736 1952/4735
f 1272/4738 1652/4730 1250/4739
f 1518/4740 1652/4730 1272/4738
f 1518/4740 347/4731 1652/4730
f 1549/4741 347/4731 1518/4740
f 1372/4742 1250/4739 1392/4736
f 1392/4736 1257/4743 1372/4742
f 1250/4739 1652/4730 1392/4736
f 1396/4744 1272/4738 1250/4739
f 1549/4741 1518/4740 1272/4738
f 1218/4745 1272/4738 1396/4744
f 1502/4746 1272/4738 1218/4745
f 1502/4746 1549/4741 1272/4738
f 347/4731 1549/4741 1502/4746
f 1396/4744 1502/4746 1218/4745
f 1372/4742 1502/4746 1396/4744
f 1372/4742 1308/4747 1502/4746
f 1250/4739 1372/4742 1396/4744
f 1257/4743 1308/4747 1372/4742
f 1257/4743 347/4731 1308/4747
f 347/4731 1502/4746 1308/4747
f 2497/4728 1922/3961 157/3962
f 2034/4733 2497/4728 2285/4748
f 2798/4749 2283/4750 1755/4751
f 2283/4750 2798/4749 152/4752
f 2628/4753 2798/4749 369/4754
f 2628/4753 1952/4755 2798/4749
f 2798/4749 1952/4755 2541/4756
f 1952/4755 2628/4753 369/4754
f 2685/4757 1952/4755 369/4754
f 2798/4749 2541/4756 152/4752
f 2541/4732 2171/4758 2285/4748
f 2541/4732 2217/4734 2171/4758
f 2285/4748 2497/4728 157/3962
f 2285/4748 157/3962 2541/4732
f 2171/4758 2034/4733 2285/4748
f 2171/4758 2217/4734 2034/4733
f 886/4686 737/4690 846/4692
f 727/4642 1046/4643 1652/4730
f 727/4652 846/4692 737/4690
f 1015/4691 846/4692 1102/4693
f 727/4652 347/4759 846/4692
f 1102/4693 846/4692 347/4759
f 893/3948 1046/4643 1083/4640
f 1046/4643 893/3948 2034/4733
f 2034/4733 893/3948 2497/4728
f 1652/4730 1046/4643 2034/4733
f 157/3960 2190/4035 2122/4760
f 2497/4728 1064/3951 1922/3961
f 157/4761 2122/4413 161/4762
f 1970/4763 161/4762 2122/4413
f 2283/4750 161/4762 1970/4763
f 2283/4750 152/4752 161/4762
f 152/4752 157/4761 161/4762
f 152/4752 2541/4756 157/4761
f 4256/4764 4892/4765 3828/4766
f 4352/4767 4256/4764 3828/4766
f 4119/4768 4253/4769 4374/4770
f 4119/4768 4374/4770 4392/4771
f 4392/4771 4110/4772 4363/4773
f 4392/4771 4363/4773 4119/4768
f 4199/4774 4139/4775 4256/4764
f 3965/4776 4139/4775 4199/4774
f 4392/4771 4352/4767 4110/4772
f 4199/4774 4352/4767 4392/4771
f 4199/4774 4256/4764 4352/4767
f 4237/4777 4305/4778 4298/4779
f 4237/4777 4298/4779 4280/4780
f 4237/4777 4162/4781 4305/4778
f 4237/4777 4253/4769 4162/4781
f 4237/4777 4374/4770 4253/4769
f 4237/4777 4392/4771 4374/4770
f 4327/4782 4392/4771 4237/4777
f 4280/4780 4298/4779 4357/4783
f 4363/4773 4298/4779 4305/4778
f 4357/4783 4298/4779 4363/4773
f 4363/4773 4305/4778 4162/4781
f 4363/4773 4162/4781 4253/4769
f 4363/4773 4253/4769 4119/4768
f 4392/4771 3965/4776 4199/4774
f 2837/4784 4237/4777 4280/4780
f 4406/4785 4280/4780 4357/4783
f 4406/4785 4357/4783 4363/4773
f 4280/4780 4406/4785 1719/4786
f 2837/4784 4280/4780 4633/4787
f 4363/4773 4110/4772 4406/4785
f 17/4788 2725/4789 4110/4772
f 2229/4790 2381/4791 2725/4789
f 2206/4792 2639/4793 2725/4789
f 2381/4791 2206/4792 2725/4789
f 2206/4792 2381/4791 2639/4793
f 4139/4775 2760/4261 4892/4765
f 4256/4764 4139/4775 4892/4765
f 4352/4767 3828/4766 4110/4772
f 4110/4772 3828/4766 17/4788
f 17/4788 3828/4766 4892/4765
f 17/4788 2903/4794 2725/4789
f 2725/4789 2903/4794 2229/4790
f 4892/4765 2903/4794 17/4788
f 4892/4765 2774/4795 2903/4794
f 2483/4796 2903/4794 2774/4795
f 2229/4790 2903/4794 2381/4791
f 4280/4780 1719/4786 2024/4797
f 2069/4798 4633/4787 4280/4780
f 2069/4798 4280/4780 2083/4799
f 4110/4772 689/4800 1719/4786
f 1719/4801 1727/4802 1794/4803
f 689/4800 1762/4804 1719/4786
f 1719/4805 1877/4806 1727/4807
f 1719/4805 1762/4808 1877/4806
f 1719/4801 1794/4803 1900/4809
f 1877/4806 1718/4810 1996/4811
f 1996/4811 1900/4812 1872/4813
f 1727/4807 1877/4806 1996/4811
f 1794/4803 1996/4814 1872/4815
f 1794/4803 1872/4815 1900/4809
f 1727/4802 1996/4814 1794/4803
f 1718/4810 1900/4812 1996/4811
f 229/4816 1718/4810 1877/4806
f 2318/4575 1762/4817 2597/4818
f 2156/4819 2318/4820 2597/4821
f 2156/4819 2903/4794 2318/4820
f 2356/4822 2445/4572 2318/4575
f 2903/4794 2483/4796 2318/4820
f 1719/4786 4406/4785 4110/4772
f 2725/4789 2597/4821 4110/4772
f 2725/4789 2453/4823 2597/4821
f 2453/4823 2330/4824 2597/4821
f 2330/4824 2111/4825 2597/4821
f 2111/4825 2596/4826 2597/4821
f 2330/4824 2596/4826 2111/4825
f 2596/4826 2156/4819 2597/4821
f 2596/4826 2903/4794 2156/4819
f 2639/4793 2453/4823 2725/4789
f 2381/4791 2903/4794 2639/4793
f 2639/4793 2903/4794 2330/4824
f 2453/4823 2639/4793 2330/4824
f 2330/4824 2903/4794 2596/4826
f 2760/4261 2225/4827 2483/4796
f 2318/4575 1714/4574 1762/4817
f 2597/4821 726/4828 4110/4772
f 726/4828 689/4800 4110/4772
f 2597/4821 689/4800 726/4828
f 2597/4821 1762/4804 689/4800
f 1910/4829 2356/4822 2318/4575
f 2003/4830 1923/4831 1910/4829
f 2760/4280 2003/4830 1935/4832
f 1935/4832 2003/4830 1910/4829
f 2760/4280 1935/4832 1910/4829
f 2225/4833 2760/4280 1910/4829
f 1988/4834 2318/4575 2225/4833
f 2483/4796 2225/4827 2318/4820
f 1988/4834 1910/4829 2318/4575
f 2225/4833 1910/4829 1988/4834
f 1778/4835 1899/4576 1564/4836
f 1778/4835 1714/4577 1899/4576
f 1762/4817 1714/4574 1778/4837
f 1762/4817 1778/4837 1746/4838
f 1778/4835 1564/4836 1746/4839
f 1611/4840 1746/4839 1564/4836
f 1746/4839 1611/4840 1601/4841
f 1601/4841 1611/4840 206/4842
f 1601/4841 206/4842 1683/4843
f 1899/4576 74/4557 1564/4836
f 1564/4836 74/4557 193/4582
f 1746/4839 1601/4841 1762/4844
f 1762/4844 1601/4841 1683/4843
f 1762/4844 1683/4843 1596/4845
f 1762/4844 1596/4845 1635/4846
f 1762/4808 1854/4847 1877/4806
f 1596/4845 1683/4843 206/4842
f 1596/4845 206/4842 1635/4846
f 1635/4846 1941/4848 1762/4844
f 1701/4849 1635/4846 1768/4850
f 1941/4848 1635/4846 1701/4849
f 1762/4808 1975/4851 1854/4847
f 1941/4848 1975/4852 1762/4844
f 1701/4849 1726/4853 1941/4848
f 1701/4849 1768/4850 1726/4853
f 1854/4847 229/4816 1877/4806
f 91/4854 1854/4847 1975/4851
f 1635/4846 206/4842 1768/4850
f 1911/4855 1768/4850 206/4842
f 1726/4853 1768/4850 1911/4855
f 1911/4855 206/4842 182/4856
f 1941/4848 154/4857 1975/4852
f 1726/4853 154/4857 1941/4848
f 1726/4853 1911/4855 154/4857
f 1911/4855 322/4858 154/4857
f 154/4857 322/4858 1975/4852
f 1911/4855 182/4856 171/4859
f 171/4859 322/4858 1911/4855
f 171/4859 182/4856 352/4860
f 182/4856 206/4842 338/4861
f 352/4860 182/4856 338/4861
f 322/4858 199/4862 1975/4852
f 352/4860 199/4862 322/4858
f 171/4859 352/4860 322/4858
f 2083/4799 4280/4780 2024/4797
f 1719/4786 2083/4799 2024/4797
f 2069/4798 2083/4799 1719/4786
f 2837/4784 4327/4782 4237/4777
f 4700/4863 2925/4864 4760/4865
f 4838/4866 4700/4863 4760/4865
f 4327/4782 2837/4784 4048/4867
f 4048/4867 2837/4784 3317/4868
f 3439/4869 2925/4864 3733/4870
f 4838/4866 2925/4864 4700/4863
f 3733/4870 2925/4864 4838/4866
f 3439/4869 3733/4870 4838/4866
f 4152/4871 4238/4872 2925/4864
f 2925/4864 4626/4873 3753/4874
f 2925/4864 3753/4874 2760/4261
f 4626/4873 2925/4864 3448/4875
f 3640/4876 3938/4257 4593/4877
f 4788/4878 3448/4875 2925/4864
f 3448/4875 4593/4877 4626/4873
f 4639/4879 4593/4877 3448/4875
f 3236/4880 2925/4864 4238/4872
f 2925/4864 2760/4261 4139/4775
f 4892/4765 2760/4261 2433/4881
f 4659/4882 4523/4883 4599/4884
f 4659/4882 2925/4864 4523/4883
f 4599/4884 4523/4883 3853/4885
f 4760/4865 2925/4864 4659/4882
f 4760/4865 4659/4882 4599/4884
f 4760/4865 4599/4884 3853/4885
f 2925/4864 4139/4775 4523/4883
f 4523/4883 3960/4886 4146/4887
f 4523/4883 4146/4887 3853/4885
f 3853/4885 4146/4887 4302/4888
f 4523/4883 4139/4775 3960/4886
f 3960/4886 4228/4889 4146/4887
f 4327/4782 3965/4776 4392/4771
f 4302/4888 4146/4887 4327/4782
f 3851/4890 3853/4885 4302/4888
f 3960/4886 4139/4775 3965/4776
f 4327/4782 4228/4889 3965/4776
f 4228/4889 3960/4886 3965/4776
f 4327/4782 4146/4887 4228/4889
f 3851/4890 4302/4888 4327/4782
f 2509/4891 2774/4795 4892/4765
f 2509/4891 4892/4765 2433/4881
f 2760/4261 2774/4795 2509/4891
f 2774/4795 2760/4261 2483/4796
f 2764/4281 2426/4282 2445/4572
f 2760/4280 2445/4572 2363/4892
f 2760/4280 2764/4281 2445/4572
f 2760/4280 2356/4822 1904/4893
f 2356/4822 2363/4892 2445/4572
f 2760/4280 2363/4892 2356/4822
f 2760/4280 1904/4893 1923/4831
f 1910/4829 1904/4893 2356/4822
f 1923/4831 1904/4893 1910/4829
f 2760/4280 1923/4831 2003/4830
f 4838/4866 4760/4865 3853/4885
f 3851/4890 4002/4894 3853/4885
f 3972/4895 4838/4866 3853/4885
f 4002/4894 3851/4890 4327/4782
f 4048/4867 4838/4866 3972/4895
f 4362/4896 3972/4895 3853/4885
f 4362/4896 3853/4885 3820/4897
f 4362/4896 4002/4894 4327/4782
f 3820/4897 4002/4894 4362/4896
f 3820/4897 3853/4885 4002/4894
f 2509/4891 2433/4881 2760/4261
f 2760/4280 8/4272 4853/4275
f 2760/4280 4039/4267 8/4272
f 4593/4877 3938/4257 4512/4260
f 4593/4877 4512/4260 4626/4873
f 3753/4874 4512/4260 2760/4261
f 4626/4873 4512/4260 3753/4874
f 4268/4898 2925/4864 3439/4869
f 3080/4899 2837/4784 2884/4900
f 4633/4787 2884/4900 2837/4784
f 4807/4901 3080/4899 2884/4900
f 4807/4901 2884/4900 4633/4787
f 3080/4899 3475/4902 2837/4784
f 3080/4899 3294/4903 3475/4902
f 3000/4904 3103/4905 3080/4899
f 2854/4906 3080/4899 4807/4901
f 3475/4902 3317/4868 2837/4784
f 4268/4898 3439/4869 4838/4866
f 3376/4907 4268/4898 4838/4866
f 3317/4868 3376/4907 4838/4866
f 3294/4903 3317/4868 3475/4902
f 3294/4903 3376/4907 3317/4868
f 3242/4908 3376/4907 3294/4903
f 3103/4905 3376/4907 3242/4908
f 3242/4908 3294/4903 3080/4899
f 3103/4905 3242/4908 3080/4899
f 3317/4868 4838/4866 4048/4867
f 4048/4867 4362/4896 4327/4782
f 4048/4867 3972/4895 4362/4896
f 4268/4898 3376/4907 3103/4905
f 3134/4909 4268/4898 3103/4905
f 2854/4906 3000/4904 3080/4899
f 4152/4871 2925/4864 4268/4898
f 3134/4909 3103/4905 3000/4904
f 3134/4909 3000/4904 2854/4906
f 4268/4898 3134/4909 3017/4910
f 3194/4911 2854/4906 4807/4901
f 3194/4911 3134/4909 2854/4906
f 3194/4911 3017/4910 3134/4909
f 2900/4912 4268/4898 3017/4910
f 3022/4913 4807/4901 2999/4914
f 3095/4915 3017/4910 3194/4911
f 2900/4912 3017/4910 3095/4915
f 3022/4913 3194/4911 4807/4901
f 3095/4915 3194/4911 3022/4913
f 4800/4916 4807/4901 4633/4787
f 4268/4898 2900/4912 3018/4917
f 2999/4914 3095/4915 3022/4913
f 2999/4914 2900/4912 3095/4915
f 2834/4918 2900/4912 2999/4914
f 2947/4919 2999/4914 4807/4901
f 2834/4918 3018/4917 2900/4912
f 3189/4920 3018/4917 2834/4918
f 2947/4919 2834/4918 2999/4914
f 4268/4898 3018/4917 3145/4921
f 3018/4917 3189/4920 3145/4921
f 3189/4920 2834/4918 3043/4922
f 3043/4922 2834/4918 2947/4919
f 4775/4923 2947/4919 4807/4901
f 3173/4924 3043/4922 2947/4919
f 3207/4925 3043/4922 3173/4924
f 3036/4926 3173/4924 2947/4919
f 3189/4920 3043/4922 3207/4925
f 3189/4920 3207/4925 3145/4921
f 3240/4927 3247/4928 3207/4925
f 3240/4927 3207/4925 3173/4924
f 3207/4925 3247/4928 3243/4929
f 3207/4925 3243/4929 3145/4921
f 3247/4928 3240/4927 3243/4929
f 3145/4921 3240/4927 3173/4924
f 3243/4929 3240/4927 3145/4921
f 4775/4923 4807/4901 4800/4916
f 4066/4930 4775/4923 4800/4916
f 4775/4923 3036/4926 2947/4919
f 4775/4923 2990/4931 3036/4926
f 2990/4931 2860/4932 3036/4926
f 3036/4926 3145/4921 3173/4924
f 2950/4933 3145/4921 3036/4926
f 2860/4932 3145/4921 2950/4933
f 2860/4932 2950/4933 3036/4926
f 4268/4898 3145/4921 4152/4871
f 4152/4871 3145/4921 3593/4934
f 3593/4934 3145/4921 2860/4932
f 2990/4931 3593/4934 2860/4932
f 2888/4935 3593/4934 2990/4931
f 3524/4936 3593/4934 2888/4935
f 4066/4930 4789/4937 4775/4923
f 4159/4938 4789/4937 4066/4930
f 4789/4937 3151/4939 4775/4923
f 3151/4939 3085/4940 4775/4923
f 3085/4940 2990/4931 4775/4923
f 3524/4936 2888/4935 2990/4931
f 3085/4940 3524/4936 2990/4931
f 4069/4941 3723/4942 4685/4943
f 4185/4944 3723/4942 4069/4941
f 4685/4943 3723/4942 3442/4945
f 4653/4946 4069/4941 4685/4943
f 4816/4947 3236/4880 4238/4872
f 4685/4943 3236/4948 4816/4949
f 4653/4946 4685/4943 4816/4949
f 4185/4944 4069/4941 4726/4950
f 4079/4951 4185/4952 4726/4953
f 4823/4954 4069/4941 4653/4946
f 4823/4954 4653/4946 4816/4949
f 4726/4950 4069/4941 4823/4954
f 4506/4955 4238/4872 4152/4871
f 4816/4947 4238/4872 4506/4955
f 4315/4956 4506/4955 4152/4871
f 4816/4947 4506/4955 4315/4956
f 4560/4957 4816/4947 4315/4956
f 4560/4957 4315/4956 4152/4871
f 3684/4958 3723/4942 4185/4944
f 2929/4959 3137/4960 3684/4961
f 4142/4962 4185/4952 4079/4951
f 2942/4963 4185/4952 4142/4962
f 4600/4964 4415/4965 4152/4871
f 4079/4951 4726/4953 4725/4966
f 4487/4967 4079/4951 4725/4966
f 4142/4962 4079/4951 4487/4967
f 4487/4967 4379/4968 4142/4962
f 4379/4968 2942/4963 4142/4962
f 2869/4969 2942/4963 3068/4970
f 3068/4970 2942/4963 2855/4971
f 2869/4969 4185/4952 2942/4963
f 3065/4972 4185/4952 2869/4969
f 3068/4970 3065/4972 2869/4969
f 2855/4971 3065/4972 3068/4970
f 4600/4964 4152/4871 4041/4973
f 4547/4974 4152/4871 4415/4965
f 4560/4957 4152/4871 4547/4974
f 4547/4974 4816/4947 4560/4957
f 4725/4966 4726/4953 4334/4975
f 4726/4950 4823/4954 4722/4976
f 4722/4976 4823/4954 4816/4949
f 4334/4975 4726/4953 4722/4977
f 4334/4975 4722/4977 4816/4947
f 4608/4978 4547/4974 4415/4965
f 4608/4978 4289/4979 4547/4974
f 4415/4965 4289/4979 4608/4978
f 4600/4964 4289/4979 4415/4965
f 4289/4979 4816/4947 4547/4974
f 4750/4980 4289/4979 4600/4964
f 4487/4967 4725/4966 4334/4975
f 4289/4979 4334/4975 4816/4947
f 4487/4967 4334/4975 4379/4968
f 4289/4979 4353/4981 4334/4975
f 4353/4981 4729/4982 4334/4975
f 4289/4979 4729/4982 4353/4981
f 4379/4968 4334/4975 2942/4963
f 4334/4975 4729/4982 2942/4963
f 2855/4971 4729/4982 4289/4979
f 2855/4971 2942/4963 4729/4982
f 4323/4983 4600/4964 4581/4984
f 4323/4983 4750/4980 4600/4964
f 4750/4980 2855/4971 4289/4979
f 4537/4985 4581/4984 4600/4964
f 4537/4985 4323/4983 4581/4984
f 4323/4983 2855/4971 4750/4980
f 4323/4983 3065/4972 2855/4971
f 3389/4986 4185/4952 3065/4972
f 3389/4986 3065/4972 4323/4983
f 3137/4960 2872/4987 2836/4988
f 4190/4989 3137/4960 2836/4988
f 3026/4990 4190/4989 2836/4988
f 4397/4991 4323/4983 4537/4985
f 3026/4990 2836/4988 2948/4992
f 4600/4964 4397/4991 4537/4985
f 4331/4993 4397/4991 4600/4964
f 4331/4993 4323/4983 4397/4991
f 4728/4994 4323/4983 4331/4993
f 4728/4994 2829/4995 4323/4983
f 4429/4996 4190/4989 3026/4990
f 3695/4997 3137/4960 2929/4959
f 3137/4960 3695/4997 2872/4987
f 2872/4987 3695/4997 2929/4959
f 2836/4988 2872/4987 2929/4959
f 3281/4998 2929/4959 3684/4961
f 2836/4988 2929/4959 3281/4998
f 3284/4999 3684/4961 3389/4986
f 3284/4999 3281/4998 3684/4961
f 3284/4999 3389/4986 3281/4998
f 3389/4986 3684/4961 4185/4952
f 2829/4995 3389/4986 4323/4983
f 2948/4992 2836/4988 3281/4998
f 2948/4992 3281/4998 2829/4995
f 3281/4998 3389/4986 2829/4995
f 3151/4939 3341/5000 3085/4940
f 3341/5000 3524/4936 3085/4940
f 3524/4936 3238/5001 3593/4934
f 3234/5002 3524/4936 3341/5000
f 4822/5003 4600/4964 4041/4973
f 4041/4973 4152/4871 4822/5003
f 3234/5002 3238/5001 3524/4936
f 4613/5004 4159/4938 4066/4930
f 3151/4939 3234/5002 3341/5000
f 3238/5001 3234/5002 3151/4939
f 2996/5005 3238/5001 3151/4939
f 3593/4934 3165/5006 4152/4871
f 3593/4934 3238/5001 3165/5006
f 3238/5001 2918/5007 3165/5006
f 3151/4939 2918/5007 2996/5005
f 2918/5007 3238/5001 2996/5005
f 4135/5008 4331/4993 4600/4964
f 4255/5009 4135/5008 4600/4964
f 4087/5010 4255/5009 4600/4964
f 4822/5003 4087/5010 4600/4964
f 4135/5008 4728/4994 4331/4993
f 4789/4937 3160/5011 3151/4939
f 4822/5003 4152/4871 3165/5006
f 4822/5003 4832/5012 4087/5010
f 4822/5003 4693/5013 4832/5012
f 4822/5003 3165/5006 4693/5013
f 3160/5011 2918/5007 3151/4939
f 3165/5006 2918/5007 3160/5011
f 4416/5014 2992/5015 3165/5006
f 2992/5015 4693/5013 3165/5006
f 4615/5016 4693/5013 2992/5015
f 4615/5016 2992/5015 4416/5014
f 4690/5017 4217/5018 4190/4989
f 4690/5017 4190/4989 4429/4996
f 3026/4990 2948/4992 2829/4995
f 2991/5019 2829/4995 4728/4994
f 2991/5019 3026/4990 2829/4995
f 4690/5017 2991/5019 4728/4994
f 4429/4996 3026/4990 2991/5019
f 4690/5017 4429/4996 2991/5019
f 4744/5020 4728/4994 4135/5008
f 4087/5010 4135/5008 4255/5009
f 4087/5010 4744/5020 4135/5008
f 4832/5012 4744/5020 4087/5010
f 4744/5020 4217/5018 4728/4994
f 4693/5013 4744/5020 4832/5012
f 4744/5020 4190/4989 4217/5018
f 4690/5017 4728/4994 4217/5018
f 4615/5016 4744/5020 4693/5013
f 4615/5016 4190/4989 4744/5020
f 4733/5021 4633/4787 4817/5022
f 4817/5022 4633/4787 2069/4798
f 4733/5021 4817/5022 2069/4798
f 4733/5021 2069/4798 3353/5023
f 3154/5024 4800/4916 4633/4787
f 3154/5024 4633/4787 4733/5021
f 3154/5024 4733/5021 3353/5023
f 478/5025 2486/5026 3353/5027
f 4739/5028 4800/4916 3154/5024
f 3356/5029 3154/5030 3353/5031
f 3206/5032 4739/5033 3154/5030
f 3353/5031 3518/5034 3356/5029
f 3353/5027 2486/5026 3518/5035
f 3518/5035 2486/5026 4749/5036
f 3353/5027 2069/5037 478/5025
f 478/5025 645/5038 2180/5039
f 2180/5039 645/5038 712/5040
f 613/5041 712/5040 645/5038
f 645/5038 478/5025 457/5042
f 613/5041 645/5038 514/5043
f 514/5043 645/5038 457/5042
f 478/5025 1948/5044 457/5042
f 1780/5045 457/5042 1948/5044
f 514/5043 457/5042 1780/5045
f 1780/5045 1948/5044 1747/5046
f 514/5043 1780/5045 613/5041
f 478/5047 323/5048 317/5049
f 478/5047 1844/5050 1747/5051
f 478/5025 1747/5046 1948/5044
f 480/5052 1747/5051 1844/5050
f 1780/5053 1747/5051 480/5052
f 478/5047 317/5049 1844/5050
f 317/5049 81/5054 1844/5050
f 1844/5050 81/5054 1954/5055
f 480/5052 1954/5055 81/5054
f 480/5052 1844/5050 1954/5055
f 81/5054 317/5049 139/5056
f 179/5057 81/5054 139/5056
f 179/5057 480/5052 81/5054
f 480/5052 179/5057 1780/5053
f 4613/5004 4066/4930 4800/4916
f 4739/5028 4613/5004 4800/4916
f 3735/5058 3334/5059 2856/5060
f 4808/5061 4613/5004 3297/5062
f 3416/5063 2856/5060 4808/5061
f 3416/5063 3349/5064 3735/5058
f 3416/5063 3429/5065 3349/5064
f 3416/5063 3735/5058 2856/5060
f 4163/5066 3429/5065 3675/5067
f 3675/5067 3429/5065 3324/5068
f 3324/5068 3429/5065 3606/5069
f 3606/5069 3429/5065 3416/5063
f 3675/5067 3324/5068 3606/5069
f 4143/5070 4159/4938 4613/5004
f 4613/5004 4713/5071 4143/5070
f 4613/5004 2967/5072 4111/5073
f 4261/5074 4111/5073 2832/5075
f 2967/5072 2832/5075 4111/5073
f 3053/5076 2967/5072 4613/5004
f 2856/5060 3053/5076 4613/5004
f 2832/5075 2967/5072 3053/5076
f 2856/5060 2832/5075 3053/5076
f 4474/5077 4111/5073 4261/5074
f 4111/5073 4713/5071 4613/5004
f 4474/5077 4598/5078 4111/5073
f 4111/5073 4598/5078 4713/5071
f 4261/5074 4840/5079 4474/5077
f 4143/5070 4789/4937 4159/4938
f 4143/5070 3160/5011 4789/4937
f 4143/5070 4416/5014 3160/5011
f 4713/5071 4416/5014 4143/5070
f 4416/5014 3165/5006 3160/5011
f 4615/5016 4416/5014 4713/5071
f 4615/5016 4713/5071 4430/5080
f 4503/5081 4430/5080 4713/5071
f 4598/5078 4503/5081 4713/5071
f 4503/5081 4615/5016 4430/5080
f 4840/5079 4615/5016 4503/5081
f 4474/5077 4840/5079 4598/5078
f 4840/5079 4503/5081 4598/5078
f 4190/4989 4615/5016 4840/5079
f 2856/5060 4613/5004 4808/5061
f 4261/5074 2832/5075 3587/5082
f 3587/5082 2832/5075 2856/5060
f 4261/5074 3587/5082 3334/5059
f 3334/5059 3587/5082 3426/5083
f 3426/5083 3587/5082 2856/5060
f 3334/5059 3426/5083 2856/5060
f 3428/5084 3331/5085 3334/5059
f 3428/5084 4261/5074 3331/5085
f 3349/5064 4261/5074 3428/5084
f 4836/5086 4840/5079 4261/5074
f 4212/5087 4190/4989 4836/5086
f 4212/5087 4836/5086 4261/5074
f 3331/5085 4261/5074 3334/5059
f 3429/5065 4261/5074 3349/5064
f 3349/5064 3428/5084 3334/5059
f 3349/5064 3334/5059 3735/5058
f 4212/5087 4261/5074 3429/5065
f 4163/5066 4212/5087 3429/5065
f 4190/4989 4212/5087 4163/5066
f 4190/4989 4163/5066 2920/5088
f 4190/4989 4840/5079 4836/5086
f 3206/5032 3634/5089 4739/5033
f 3451/5090 3265/5091 3634/5089
f 3451/5090 3634/5089 3536/5092
f 3622/5093 3634/5089 3628/5094
f 3536/5092 3634/5089 3622/5093
f 3206/5032 3628/5094 3634/5089
f 2842/5095 3628/5094 3206/5032
f 3015/5096 3628/5094 2842/5095
f 3164/5097 2842/5095 3206/5032
f 2982/5098 3015/5096 2842/5095
f 2982/5098 2842/5095 3164/5097
f 3622/5093 3628/5094 3015/5096
f 3622/5093 3015/5096 3536/5092
f 2831/5099 3061/5100 3634/5089
f 4739/5033 3634/5089 3061/5100
f 3265/5091 2831/5099 3634/5089
f 3576/5101 3254/5102 3061/5100
f 3576/5101 3061/5100 2831/5099
f 3597/5103 3206/5032 3154/5030
f 3597/5103 3164/5097 3206/5032
f 3597/5103 3154/5030 3356/5029
f 3451/5090 3536/5092 3015/5096
f 2897/5104 3164/5097 3597/5103
f 3164/5097 2897/5104 2982/5098
f 3451/5090 3015/5096 2982/5098
f 3506/5105 3597/5103 3356/5029
f 3506/5105 2897/5104 3597/5103
f 2897/5104 3506/5105 3443/5106
f 3443/5106 3506/5105 3356/5029
f 3443/5106 3519/5107 2897/5104
f 3518/5034 3443/5106 3356/5029
f 3451/5090 3543/5108 3265/5091
f 3451/5090 2982/5098 3543/5108
f 3443/5106 4844/5109 3519/5107
f 3071/5110 4844/5109 3443/5106
f 3728/5111 3443/5106 3518/5034
f 4739/5033 3061/5100 3286/5112
f 3061/5100 3237/5113 3286/5112
f 3061/5100 3254/5102 3237/5113
f 3576/5101 3237/5113 3254/5102
f 3286/5112 3237/5113 3576/5101
f 4739/5033 3286/5112 3529/5114
f 3286/5112 3576/5101 3710/5115
f 3623/5116 3710/5115 3576/5101
f 3362/5117 3710/5115 3623/5116
f 3286/5112 3710/5115 3529/5114
f 3362/5117 3529/5114 3710/5115
f 4739/5033 3529/5114 3362/5117
f 2831/5099 3623/5116 3576/5101
f 2831/5099 3362/5117 3623/5116
f 3516/5118 3362/5117 2831/5099
f 2994/5119 4613/5004 4739/5028
f 3297/5062 4613/5004 2994/5119
f 3064/5120 2831/5099 3265/5091
f 3265/5091 3543/5108 3064/5120
f 3064/5120 3516/5118 2831/5099
f 3543/5108 3516/5118 3064/5120
f 3297/5062 2994/5119 4739/5028
f 3297/5062 4739/5028 3510/5121
f 3362/5122 3516/5123 3246/5124
f 4739/5125 3362/5122 3246/5124
f 3728/5111 3071/5110 3443/5106
f 3071/5126 3510/5127 4844/5128
f 3449/5129 3071/5126 3728/5130
f 3449/5129 3510/5127 3071/5126
f 3510/5121 3449/5131 3297/5062
f 3449/5132 3147/5133 2933/5134
f 3449/5131 4808/5061 3297/5062
f 3449/5131 3416/5063 4808/5061
f 3618/5135 3416/5063 3449/5131
f 3618/5135 3606/5069 3416/5063
f 3618/5136 2952/5137 2844/5138
f 3533/5139 2844/5138 2952/5137
f 3693/5140 3606/5141 3618/5136
f 3533/5139 3618/5136 2844/5138
f 3533/5139 3693/5140 3618/5136
f 2945/5142 3693/5140 3533/5139
f 2920/5143 3675/5144 3693/5140
f 3693/5140 3675/5144 3606/5141
f 2920/5088 4163/5066 3675/5067
f 2920/5143 3693/5140 2945/5142
f 2945/5142 3533/5139 2952/5137
f 2945/5142 2952/5137 3025/5145
f 3449/5131 2952/5146 3618/5135
f 3025/5147 2952/5146 3449/5131
f 3449/5131 2933/5148 3025/5147
f 2933/5148 2937/5149 3025/5147
f 2945/5142 3025/5145 2937/5150
f 3340/5151 4190/5152 2920/5153
f 2982/5098 2897/5104 3153/5154
f 2897/5104 3642/5155 3153/5154
f 3153/5154 3642/5155 2982/5098
f 3519/5107 3642/5155 2897/5104
f 3510/5127 4739/5125 3246/5124
f 3510/5127 3246/5124 3516/5123
f 3510/5127 3516/5123 4844/5128
f 3435/5156 3147/5133 3348/5157
f 3348/5157 3147/5133 3449/5132
f 3627/5158 3435/5156 3348/5157
f 3449/5129 3728/5130 3518/5159
f 3340/5151 2920/5153 3627/5160
f 3537/5161 3340/5151 3627/5160
f 2945/5142 2937/5150 3147/5133
f 3147/5133 3435/5156 2945/5142
f 3147/5133 2937/5150 2933/5134
f 3627/5158 2945/5142 3435/5156
f 2920/5143 2945/5142 3627/5158
f 2982/5098 3642/5155 3543/5108
f 4844/5109 3642/5155 3519/5107
f 3543/5108 3642/5155 4844/5109
f 4844/5128 3516/5123 3719/5162
f 3516/5118 3543/5108 3719/5163
f 3719/5162 4698/5164 4844/5128
f 3719/5162 4820/5165 4698/5164
f 4844/5109 4839/5166 3543/5108
f 3543/5167 4839/5168 3719/5162
f 3719/5162 4839/5168 4820/5165
f 4698/5164 4827/5169 4844/5128
f 4827/5170 4686/5171 4844/5109
f 4844/5109 4686/5171 4839/5166
f 4698/5164 4820/5165 4777/5172
f 4820/5173 4686/5171 4777/5174
f 4839/5166 4686/5171 4820/5173
f 4698/5164 4777/5172 4827/5169
f 4827/5170 4777/5174 4686/5171
f 3518/5035 4749/5036 3449/5132
f 4837/5175 3348/5157 3449/5132
f 4717/5176 3627/5158 3348/5157
f 4717/5176 3348/5157 4837/5175
f 4717/5176 4837/5175 3449/5132
f 3449/5132 4818/5177 4717/5176
f 3627/5158 4717/5176 4818/5177
f 4765/5178 4818/5177 3449/5132
f 4610/5179 4818/5177 4765/5178
f 3627/5158 4818/5177 4610/5179
f 4749/5036 4765/5178 3449/5132
f 4749/5036 4610/5179 4765/5178
f 3627/5160 4610/5180 3762/5181
f 4749/5036 3762/5182 4610/5179
f 4749/5036 3891/5183 3762/5182
f 3762/5182 3891/5183 4868/5184
f 4868/5184 3891/5183 3179/5185
f 4749/5036 2486/5026 2546/5186
f 2546/5186 3891/5183 4749/5036
f 3781/5187 3537/5161 3627/5160
f 3340/5151 3537/5161 3781/5187
f 3781/5187 3627/5160 4092/5188
f 3627/5160 3762/5181 4868/5189
f 4092/5188 3627/5160 4868/5189
f 4092/5188 2777/5190 3781/5187
f 2546/5186 3179/5185 3891/5183
f 4868/5184 3179/5185 2969/5191
f 2546/5186 2372/5192 3179/5185
f 3179/5185 2372/5192 2969/5191
f 4868/5184 2969/5191 2372/5192
f 4868/5189 1780/5193 2777/5190
f 2372/5192 2546/5186 2125/5194
f 2125/5194 2546/5186 2269/5195
f 2125/5194 2269/5195 2531/5196
f 478/5025 2754/5197 2486/5026
f 2269/5195 2546/5186 2486/5026
f 2269/5195 2486/5026 2251/5198
f 4868/5184 2372/5192 2125/5194
f 2251/5198 2125/5194 2531/5196
f 4868/5184 2125/5194 2251/5198
f 2251/5198 2531/5196 2269/5195
f 4868/5189 2251/5199 1780/5193
f 4092/5188 4868/5189 2777/5190
f 2336/5200 2754/5197 478/5025
f 2486/5026 2754/5197 2732/5201
f 2688/5202 2486/5026 2732/5201
f 2251/5198 2486/5026 2688/5202
f 2688/5202 2732/5201 2754/5197
f 2688/5202 2754/5197 2251/5198
f 2251/5198 2754/5197 2248/5203
f 2754/5197 2336/5200 2173/5204
f 2248/5203 2754/5197 2173/5204
f 2251/5198 2248/5203 2108/5205
f 2108/5205 2173/5204 2336/5200
f 2248/5203 2173/5204 2108/5205
f 2108/5205 2336/5200 2207/5206
f 2251/5198 2108/5205 2207/5206
f 478/5025 2180/5039 2336/5200
f 2207/5206 2336/5200 2180/5039
f 2207/5206 2180/5039 2251/5198
f 2777/5190 1780/5193 2315/5207
f 2251/5198 2180/5039 712/5040
f 712/5040 613/5041 2251/5198
f 2251/5198 613/5041 1780/5045
f 2315/5207 2473/5208 2777/5190
f 2315/5207 1780/5193 2473/5208
f 3352/5209 4495/5210 4202/5211
f 3352/5209 3251/5212 4495/5210
f 4053/4245 3945/4246 3689/4161
f 3689/4161 3945/4246 3881/5213
f 4153/4166 3493/4247 3881/5213
f 3945/4246 4153/4166 3881/5213
f 3338/5214 3020/4181 3251/4182
f 3654/4159 3020/4181 3493/4247
f 3020/4181 3338/5214 3493/4247
f 3448/4875 4741/4255 3640/4876
f 3448/4875 3343/5215 4741/4255
f 3343/5215 4605/5216 4741/4255
f 4625/5217 4639/4879 3448/4875
f 3236/4880 4788/4878 2925/4864
f 3448/4875 3640/4876 4625/5217
f 4625/5217 3640/4876 4831/5218
f 4788/4878 3343/5215 3448/4875
f 3570/5219 4788/5220 3528/5221
f 3528/5221 4788/5220 3236/5222
f 4183/5223 3215/5224 4295/5225
f 4386/5226 4295/5225 3215/5224
f 3215/5224 4183/5223 3124/5227
f 4685/4943 3442/4945 3236/4948
f 4190/5228 4183/5223 4274/5229
f 4058/5230 4183/5223 4190/5228
f 4452/5231 3124/5227 4183/5223
f 4452/5231 4183/5223 4058/5230
f 4190/5228 4274/5229 4295/5225
f 3178/5232 4386/5226 3215/5224
f 4386/5226 3178/5232 3137/5233
f 4190/5228 4243/5234 4058/5230
f 4190/5228 4338/5235 4243/5234
f 4295/5225 4274/5229 4183/5223
f 4243/5234 4452/5231 4058/5230
f 4338/5235 4452/5231 4243/5234
f 4279/5236 4452/5231 4338/5235
f 4190/5228 4279/5236 4338/5235
f 3215/5224 3390/5237 3442/4945
f 3124/5227 3390/5237 3215/5224
f 3442/4945 3723/4942 3354/5238
f 3137/5233 3442/4945 3354/5238
f 3137/5233 3354/5238 3684/4958
f 3684/4958 3354/5238 3723/4942
f 3215/5224 3137/5233 3178/5232
f 3215/5224 3442/4945 3137/5233
f 3390/5237 3541/5239 3442/4945
f 3541/5239 3236/4948 3442/4945
f 4190/5228 4164/5240 4279/5236
f 4164/5240 4452/5231 4279/5236
f 4190/5228 4452/5231 4164/5240
f 3390/5237 3124/5227 3541/5239
f 3616/5241 3541/5239 3124/5227
f 3616/5241 3236/4948 3541/5239
f 3616/5241 3124/5227 3236/4948
f 3197/5242 3236/5222 3125/5243
f 3125/5243 3236/5222 3142/5244
f 3142/5244 3197/5242 3125/5243
f 3142/5244 3236/5222 3124/5245
f 3689/4161 3881/5213 3493/4247
f 3493/4247 3338/5214 3260/5246
f 3251/4182 3260/5246 3338/5214
f 3251/4182 3493/4247 3260/5246
f 3352/5247 3493/5248 3251/5249
f 3689/5250 3493/5248 4568/5251
f 4365/4315 3032/4311 3482/4312
f 4202/4177 3032/4311 4365/4315
f 4365/5252 4605/5253 2876/5254
f 4202/5255 4365/5256 3352/5257
f 4204/5258 3570/5219 3528/5221
f 3514/5259 3276/5260 4731/5261
f 4568/5251 3493/5248 4621/5262
f 4621/5262 3493/5248 3747/5263
f 4568/5251 4621/5262 4231/5264
f 3352/5247 3747/5263 3493/5248
f 4596/5265 3747/5263 3352/5247
f 4621/5262 3747/5263 4231/5264
f 3640/4876 4741/4255 4790/4254
f 4790/4254 3938/4257 3640/4876
f 4639/4879 3640/4876 4593/4877
f 4831/5218 3640/4876 4639/4879
f 4625/5217 4831/5218 4639/4879
f 3343/5215 4788/4878 4605/5216
f 2876/5254 4605/5253 4788/5266
f 4204/5258 3528/5221 3236/5222
f 3822/5267 3197/5242 4797/5268
f 3197/5242 4204/5258 3236/5222
f 3422/5269 3048/5270 4788/5220
f 3570/5219 4126/5271 4788/5220
f 4126/5271 3422/5269 4788/5220
f 3197/5242 4071/5272 4204/5258
f 4731/5273 4141/5274 3757/5275
f 4731/5273 3757/5275 4093/5276
f 4093/5276 3744/5277 3197/5242
f 3933/5278 3197/5242 3822/5267
f 3933/5278 4076/5279 3197/5242
f 3888/5280 4076/5279 3933/5278
f 3888/5280 4731/5273 4093/5276
f 4093/5276 3197/5242 4076/5279
f 3888/5280 4093/5276 4076/5279
f 4365/5252 2876/5254 4662/5281
f 4141/5274 4364/5282 4126/5271
f 4169/5283 4364/5282 4141/5274
f 4365/5252 4662/5281 3352/5247
f 4788/5266 3048/5284 2876/5254
f 3055/5285 2876/5254 3048/5284
f 4126/5271 4364/5282 3422/5269
f 3422/5269 3227/5286 3048/5270
f 3227/5286 2974/5287 3048/5270
f 3422/5269 2974/5287 3227/5286
f 4499/5288 2974/5287 3422/5269
f 4499/5288 3048/5270 2974/5287
f 4499/5289 2876/5254 3055/5285
f 3048/5284 4499/5289 3055/5285
f 4662/5281 2876/5254 4499/5289
f 4420/5290 4662/5281 4499/5289
f 4169/5283 4420/5291 4499/5288
f 4364/5282 4169/5283 4499/5288
f 4364/5282 4499/5288 3422/5269
f 4169/5292 4662/5281 4420/5290
f 4204/5258 4126/5271 3570/5219
f 4141/5274 4071/5272 3757/5275
f 4141/5274 3966/5293 4071/5272
f 3905/5294 4169/5283 4141/5274
f 3905/5294 4141/5274 4731/5273
f 4093/5276 3757/5275 3744/5277
f 3276/5260 3905/5295 4731/5261
f 4141/5274 4126/5271 4204/5258
f 4071/5272 3966/5293 4204/5258
f 3966/5293 4141/5274 4204/5258
f 3197/5242 3757/5275 4071/5272
f 3744/5277 3757/5275 3197/5242
f 4231/5264 3747/5263 4568/5251
f 3747/5296 4601/5297 4568/4345
f 4637/5298 3747/5263 4596/5265
f 2166/5299 3747/5263 4637/5298
f 2166/5299 4637/5298 4596/5265
f 4568/4345 4601/5297 4738/5300
f 4738/5300 4874/4412 4568/4345
f 4738/5300 4497/5301 4874/4412
f 4497/5301 4738/5300 4735/5302
f 4601/5297 4735/5302 4738/5300
f 4601/5297 4497/5301 4735/5302
f 2824/5303 4497/5301 4601/5297
f 3747/5296 2824/5303 4601/5297
f 3747/5296 2166/5304 2757/5305
f 3747/5296 2757/5305 2766/5306
f 2757/5305 2507/5307 2766/5306
f 2166/5304 2507/5307 2757/5305
f 2166/5304 2320/5308 2507/5307
f 2507/5307 2320/5308 2766/5306
f 4497/5301 2824/5303 4874/4412
f 3747/5296 2766/5306 2824/5303
f 2824/5303 2194/5309 4874/4412
f 2824/5303 2383/5310 2194/5309
f 2383/5310 2824/5303 2766/5306
f 4874/4412 2194/5309 2122/4413
f 2194/5309 2383/5310 2122/4413
f 4596/5265 3352/5247 2166/5299
f 3352/5247 4662/5281 2166/5299
f 4169/5292 2166/5299 4662/5281
f 2320/5308 2790/5311 2766/5306
f 576/5312 2790/5311 2320/5308
f 2766/5306 2790/5311 2021/5313
f 576/5312 2191/5314 2790/5311
f 2790/5311 2191/5314 2021/5313
f 2029/5315 2122/4413 2383/5310
f 2766/5306 2029/5315 2383/5310
f 2191/5314 576/5312 2021/5313
f 576/5312 2613/5316 2021/5313
f 2613/5316 500/5317 2283/4750
f 576/5312 500/5317 2613/5316
f 2021/5313 2613/5316 2283/4750
f 2021/5313 2283/4750 2766/5306
f 2283/4750 500/5317 1986/5318
f 2283/4750 1970/4763 2029/5315
f 2766/5306 2283/4750 2029/5315
f 1970/4763 2122/4413 2029/5315
f 2166/5304 576/5312 2320/5308
f 1621/5319 462/5320 2166/5304
f 576/5312 1986/5318 500/5317
f 576/5312 1847/5321 1986/5318
f 1847/5321 1755/4751 1986/5318
f 576/5312 1755/4751 1847/5321
f 369/4754 1755/4751 576/5312
f 194/5322 369/4754 576/5312
f 1986/5318 1755/4751 2283/4750
f 522/5323 659/5324 456/5325
f 522/5323 452/5326 496/5327
f 1968/5328 576/5312 659/5324
f 659/5324 576/5312 456/5325
f 522/5323 496/5327 659/5324
f 694/5329 576/5312 2166/5304
f 646/5330 694/5329 2166/5304
f 694/5329 456/5325 576/5312
f 462/5320 519/5331 687/5332
f 646/5330 687/5332 694/5329
f 522/5323 687/5332 519/5331
f 519/5331 462/5320 536/5333
f 694/5329 687/5332 456/5325
f 536/5333 522/5323 519/5331
f 687/5332 522/5323 456/5325
f 536/5333 452/5326 522/5323
f 496/5327 452/5326 536/5333
f 462/5320 496/5327 536/5333
f 462/5320 687/5332 646/5330
f 462/5320 646/5330 2166/5304
f 1621/5319 496/5327 462/5320
f 1968/5328 194/5322 576/5312
f 659/5324 496/5327 1968/5328
f 1621/5319 1968/5328 496/5327
f 4190/5228 4295/5225 4386/5226
f 4190/5228 4386/5226 3137/5233
f 3124/5245 2915/5334 3142/5244
f 3347/5335 3142/5244 2915/5334
f 3347/5335 2915/5334 3124/5245
f 4797/5268 3142/5244 3347/5335
f 3542/5336 4797/5337 3347/5338
f 3542/5336 3347/5338 3412/5339
f 4842/5340 4797/5337 3542/5336
f 3412/5339 4842/5340 3542/5336
f 4813/5341 4842/5340 3412/5339
f 3412/5339 3347/5338 4835/5342
f 4834/5343 4842/5340 4813/5341
f 4835/5342 4813/5341 3412/5339
f 4835/5342 4834/5343 4813/5341
f 4452/5344 3626/5345 3124/5346
f 3124/5346 3626/5345 3347/5338
f 4797/5268 3197/5242 3142/5244
f 4841/5347 4835/5342 3347/5338
f 4834/5343 4797/5337 4842/5340
f 4841/5347 4834/5343 4835/5342
f 4841/5347 3347/5338 4834/5343
f 4834/5343 3347/5338 3540/5348
f 4834/5343 3540/5348 4849/5349
f 4849/5349 4797/5337 4834/5343
f 4847/5350 4849/5349 3540/5348
f 4847/5350 4797/5337 4849/5349
f 4847/5350 3540/5348 4797/5337
f 4285/5351 4190/5152 4043/5352
f 2927/5353 4463/5354 4043/5352
f 4190/5152 4273/5355 4043/5352
f 2880/5356 2927/5353 4043/5352
f 2880/5356 4043/5352 4273/5355
f 2892/5357 2880/5356 4273/5355
f 3817/5358 2892/5357 4273/5355
f 3817/5358 4273/5355 4190/5152
f 4190/5152 3514/5259 4452/5344
f 3514/5259 3626/5345 4452/5344
f 4826/5359 3822/5267 4797/5268
f 3626/5360 4731/5273 4630/5361
f 2934/5362 3514/5259 4190/5152
f 2934/5362 4190/5152 4498/5363
f 3540/5348 3347/5338 3626/5345
f 3626/5360 4826/5359 4797/5268
f 3600/5364 3540/5348 3626/5345
f 3626/5345 4797/5337 3600/5364
f 3600/5364 4797/5337 3540/5348
f 4826/5359 3626/5360 4630/5361
f 4630/5361 4704/5365 4826/5359
f 4704/5365 3822/5267 4826/5359
f 4704/5365 3782/5366 3822/5267
f 3514/5259 4731/5261 3626/5345
f 3276/5260 3514/5259 2934/5362
f 4630/5361 4731/5273 3778/5367
f 4630/5361 3782/5366 4704/5365
f 4285/5351 4463/5354 4190/5152
f 4403/5368 4190/5152 4463/5354
f 4595/5369 4190/5152 4403/5368
f 3149/5370 4403/5368 4463/5354
f 4595/5369 4498/5363 4190/5152
f 4043/5352 4463/5354 4285/5351
f 4463/5354 3028/5371 3149/5370
f 2998/5372 3149/5370 3028/5371
f 3028/5371 4463/5354 2927/5353
f 3267/5373 3028/5371 2927/5353
f 3267/5373 2998/5372 3028/5371
f 3149/5370 4595/5369 4403/5368
f 2934/5362 4498/5363 4595/5369
f 4595/5369 3149/5370 2934/5362
f 2998/5372 2934/5362 3149/5370
f 2924/5374 2934/5362 2998/5372
f 2998/5372 2927/5353 2880/5356
f 2998/5372 3267/5373 2927/5353
f 2998/5372 2880/5356 2892/5357
f 2892/5357 2924/5374 2998/5372
f 3817/5358 2924/5374 2892/5357
f 3817/5358 2934/5362 2924/5374
f 3817/5358 3276/5260 2934/5362
f 4630/5361 3778/5367 3874/5375
f 3874/5375 3822/5267 3917/5376
f 3917/5376 3822/5267 3782/5366
f 3782/5366 3874/5375 3917/5376
f 3778/5367 4731/5273 3888/5280
f 3874/5375 3778/5367 3822/5267
f 3778/5367 3888/5280 3933/5278
f 3778/5367 3933/5278 3822/5267
f 3874/5375 3782/5366 4630/5361
f 3905/5377 2166/5378 4169/5379
f 3905/5295 3276/5260 3817/5358
f 3905/5377 1621/5380 2166/5378
f 3340/5151 3817/5358 4190/5152
f 3817/5358 3340/5151 3781/5187
f 3781/5187 2777/5190 3817/5358
f 3817/5358 2777/5190 2473/5208
f 3905/5295 3817/5358 2473/5208
f 3905/5377 2473/5381 1621/5380
f 1900/5382 2370/5383 1579/5384
f 1361/5385 1500/5386 1579/5384
f 1900/5382 1579/5384 1929/5387
f 229/4816 56/5388 1718/4810
f 1718/4810 2399/5389 1900/4812
f 1900/4812 2399/5389 2370/5390
f 1718/4810 56/5388 2399/5389
f 56/5388 295/5391 2399/5389
f 132/5392 295/5391 334/5393
f 132/5392 2399/5389 295/5391
f 1564/4836 193/4582 405/4583
f 1611/4840 1564/4836 413/5394
f 1564/4836 405/4583 413/5394
f 1854/4847 91/4854 229/4816
f 1611/4840 413/5394 206/4842
f 199/4862 118/5395 1975/4852
f 43/5396 91/4854 1975/4851
f 118/5395 43/5397 1975/4852
f 352/4860 338/4861 51/5398
f 51/5398 338/4861 293/5399
f 352/4860 51/5398 199/4862
f 43/5397 338/4861 206/4842
f 293/5399 338/4861 43/5397
f 51/5398 293/5399 43/5397
f 199/4862 51/5398 118/5395
f 51/5398 43/5397 118/5395
f 244/5400 413/5394 229/5401
f 244/5402 229/4816 91/4854
f 413/5394 244/5400 206/4842
f 244/5400 43/5397 206/4842
f 43/5396 244/5402 91/4854
f 334/5393 56/5388 229/4816
f 229/4816 413/5403 334/5393
f 334/5393 295/5391 56/5388
f 413/5403 405/5404 2750/5405
f 334/5393 413/5403 2750/5405
f 334/5393 2750/5405 132/5392
f 132/5392 2750/5405 2823/5406
f 2750/5407 405/4583 1802/5408
f 132/5392 2604/5409 2399/5389
f 2159/5410 2604/5409 132/5392
f 2049/5411 2604/5409 2159/5410
f 2321/5412 2159/5410 132/5392
f 132/5392 2823/5406 2321/5412
f 2429/5413 2823/5414 2750/5407
f 2321/5415 2823/5414 2429/5413
f 1802/5408 2429/5413 2750/5407
f 2321/5415 2429/5413 1802/5408
f 2159/5410 2321/5412 2049/5411
f 2049/5416 2321/5415 1802/5408
f 2049/5416 1802/5408 2788/5417
f 2399/5389 2604/5409 2370/5390
f 2068/5418 1579/5384 2370/5383
f 2370/5383 2604/5419 2068/5418
f 2788/5417 1802/5408 2612/5420
f 2612/5420 1802/5408 1863/5421
f 1863/5421 1802/5408 405/4583
f 1863/5421 405/4583 1267/5422
f 2788/5417 2604/5423 2049/5416
f 2788/5417 2612/5420 2604/5423
f 2612/5420 1863/5421 1821/5424
f 2604/5419 1821/5425 1924/5426
f 2604/5423 2612/5420 1821/5424
f 2604/5419 1978/5427 2068/5418
f 2068/5418 1978/5427 1579/5384
f 2604/5419 1579/5384 1978/5427
f 1821/5424 1863/5421 1870/5428
f 1870/5428 1863/5421 1267/5422
f 1267/5422 405/4583 1696/4565
f 1361/5385 1579/5384 2604/5419
f 1500/5386 2604/5419 1924/5426
f 1500/5386 1361/5385 2604/5419
f 1924/5426 1821/5425 1870/5429
f 1924/5426 1870/5429 1806/5430
f 1660/5431 1924/5426 1806/5430
f 1806/5430 1870/5429 1710/5432
f 1500/5386 1924/5426 1660/5431
f 1660/5431 1806/5430 1710/5432
f 1660/5431 1710/5432 1540/5433
f 1710/5432 1870/5429 1267/5434
f 1483/5435 1710/5432 1267/5434
f 1540/5433 1710/5432 1483/5435
f 1500/5386 1660/5431 1540/5433
f 1540/5433 1524/5436 1500/5386
f 1524/5436 1540/5433 1483/5435
f 1500/5386 1300/5437 1579/5384
f 2333/5438 1267/5434 2258/5439
f 2333/5438 2258/5439 2325/5440
f 2258/5439 1267/5434 2325/5440
f 1267/5434 2333/5438 1483/5435
f 1500/5386 1524/5436 1637/5441
f 2286/5442 1483/5435 2333/5438
f 1929/5387 1579/5384 1300/5437
f 2314/5443 1500/5386 1637/5441
f 2652/5444 2333/5438 2325/5440
f 2652/5444 2325/5440 1267/5434
f 1616/5445 1300/5437 1500/5386
f 2314/5443 2449/5446 1500/5386
f 1500/5386 2449/5446 1616/5445
f 2333/5438 2652/5444 2286/5442
f 2286/5442 2652/5444 1081/5447
f 1929/5387 1300/5437 1616/5445
f 2449/5446 2369/5448 1616/5445
f 2286/5442 1081/5447 2149/5449
f 2369/5448 565/5450 1616/5445
f 1267/5422 1696/4565 1448/4633
f 1531/5451 1448/5452 1479/5453
f 1531/5451 1479/5453 1628/5454
f 1267/5422 1448/4633 1531/5455
f 1641/5456 1531/5451 1628/5454
f 1283/5457 1531/5451 1641/5456
f 1331/5458 1283/5457 1641/5456
f 1479/5453 1448/5452 1341/5459
f 1448/5452 1468/4654 1341/5459
f 1336/5460 1341/5459 1339/5461
f 1339/5461 1341/5459 1468/4654
f 1628/5454 1479/5453 1341/5459
f 1628/5454 1341/5459 1642/5462
f 1341/5459 1336/5460 1642/5462
f 1321/5463 1336/5460 1339/5461
f 1422/5464 1336/5460 1321/5463
f 1641/5456 1628/5454 1642/5462
f 1642/5462 1439/5465 1641/5456
f 1331/5458 1439/5465 1642/5462
f 1331/5458 1642/5462 1422/5464
f 1422/5464 1642/5462 1336/5460
f 1637/5441 1524/5436 1483/5435
f 1637/5441 1483/5435 2286/5442
f 2314/5443 1637/5441 2286/5442
f 2314/5443 2286/5442 2263/5466
f 2263/5466 2449/5446 2314/5443
f 2286/5442 2149/5449 2263/5466
f 2263/5466 2149/5449 1917/5467
f 2472/5468 2263/5466 1917/5467
f 2449/5446 2263/5466 2472/5468
f 2449/5446 2472/5468 2369/5448
f 1081/5469 1531/5451 1283/5457
f 1081/5469 1283/5457 1331/5458
f 1439/5465 1331/5458 1641/5456
f 1267/5470 1531/5451 1081/5469
f 2652/5444 1267/5434 1081/5447
f 1719/4801 1900/4809 1929/5471
f 2069/5472 1719/4801 1929/5471
f 2369/5448 1917/5467 2157/5473
f 2472/5468 1917/5467 2369/5448
f 2157/5473 565/5450 2369/5448
f 2157/5473 1838/5474 565/5450
f 1917/5467 2149/5449 1885/5475
f 2157/5473 1917/5467 1885/5475
f 2157/5473 1885/5475 1789/5476
f 1789/5476 1838/5474 2157/5473
f 1838/5474 1756/5477 565/5450
f 2149/5449 1081/5447 1633/5478
f 1885/5475 2149/5449 1664/5479
f 1756/5477 1789/5476 1885/5475
f 1838/5474 1789/5476 1756/5477
f 1756/5477 1885/5475 1664/5479
f 1756/5477 1664/5479 1366/5480
f 1664/5479 2149/5449 1366/5480
f 1298/5481 1333/5482 1366/5480
f 1366/5480 2149/5449 1553/5483
f 1756/5477 1333/5482 565/5450
f 1333/5482 1551/5484 565/5450
f 1756/5477 1366/5480 1333/5482
f 1366/5480 1553/5483 1298/5481
f 1395/5485 1298/5481 1553/5483
f 1298/5481 1395/5485 1333/5482
f 1333/5482 1395/5485 1551/5484
f 1395/5485 1553/5483 1551/5484
f 2149/5449 1352/5486 1553/5483
f 1551/5484 1553/5483 1352/5486
f 2149/5449 1633/5478 1352/5486
f 1551/5484 1352/5486 1633/5478
f 1551/5484 999/5487 565/5450
f 1551/5484 1318/5488 999/5487
f 1551/5484 1633/5478 1318/5488
f 1633/5478 1081/5447 1318/5488
f 1293/5489 1318/5488 1290/5490
f 1318/5488 1081/5447 1290/5490
f 1290/5490 1391/5491 1293/5489
f 1318/5488 1293/5489 1391/5491
f 1391/5491 1290/5490 1608/5492
f 1608/5492 1290/5490 1673/5493
f 1339/5461 1468/4654 790/5494
f 1081/5469 1321/5463 1339/5461
f 1081/5469 1339/5461 790/5494
f 1422/5464 1321/5463 1081/5469
f 1422/5464 1081/5469 1331/5458
f 790/5494 735/5495 1081/5469
f 1081/5469 735/5495 383/5496
f 565/5450 999/5487 1616/5445
f 1318/5488 789/5497 999/5487
f 1290/5490 1081/5447 1645/5498
f 1391/5491 1574/5499 1318/5488
f 1574/5499 789/5497 1318/5488
f 1290/5490 1645/5498 1406/5500
f 1574/5499 1391/5491 1608/5492
f 1574/5499 1608/5492 1491/5501
f 1290/5490 1406/5500 1673/5493
f 1673/5493 1406/5500 1645/5498
f 1608/5492 1673/5493 1517/5502
f 1517/5502 1673/5493 1645/5498
f 1517/5503 1645/5504 1594/5505
f 1491/5501 789/5497 1574/5499
f 1608/5492 789/5497 1491/5501
f 1608/5492 1517/5502 789/5497
f 594/5506 1616/5445 999/5487
f 1929/5387 1616/5445 1155/5507
f 1929/5387 1155/5507 1063/5508
f 1929/5387 1063/5508 1187/5509
f 1187/5509 1063/5508 1174/5510
f 1174/5510 1063/5508 1155/5507
f 1174/5510 1155/5507 1101/5511
f 1174/5510 1101/5511 1073/5512
f 1155/5507 1145/5513 955/5514
f 1101/5511 1155/5507 955/5514
f 1204/5515 1101/5511 955/5514
f 1204/5515 955/5514 923/5516
f 923/5516 955/5514 1136/5517
f 1073/5512 1101/5511 1103/5518
f 1103/5518 1101/5511 1204/5515
f 1204/5515 923/5516 1103/5518
f 955/5514 1145/5513 1154/5519
f 1136/5517 955/5514 1154/5519
f 1119/5520 923/5516 968/5521
f 1136/5517 968/5521 923/5516
f 1145/5513 1000/5522 1154/5519
f 1145/5513 1155/5507 1000/5522
f 1136/5517 1154/5519 1000/5522
f 1119/5520 968/5521 965/5523
f 1136/5517 1108/5524 968/5521
f 1155/5507 1616/5445 594/5506
f 1137/5525 1155/5507 594/5506
f 1115/5526 1155/5507 1137/5525
f 1000/5522 1155/5507 1115/5526
f 1136/5517 1000/5522 1115/5526
f 1136/5517 1115/5526 1108/5524
f 798/5527 1108/5524 1115/5526
f 1176/5528 1044/5529 1159/5530
f 1171/5531 1159/5530 1102/5532
f 1171/5531 1044/5529 1176/5528
f 1159/5530 1171/5531 1176/5528
f 971/5533 1115/5526 1137/5525
f 985/5534 1171/5531 1102/5532
f 685/5535 790/5494 1468/4654
f 735/5495 790/5494 685/5535
f 685/5535 1468/4654 219/4670
f 810/5536 685/5535 835/5537
f 835/5537 685/5535 1114/5538
f 685/5535 219/4670 1114/5538
f 383/5496 735/5495 685/5535
f 419/5539 685/5535 810/5536
f 419/5539 810/5536 871/5540
f 419/5539 383/5496 685/5535
f 1089/5541 827/5542 780/5543
f 810/5536 835/5537 1114/5538
f 838/5544 810/5536 1114/5538
f 838/5544 1114/5538 1089/5541
f 871/5540 810/5536 838/5544
f 1089/5541 1114/5538 827/5542
f 1114/5538 834/5545 827/5542
f 827/5542 834/5545 780/5543
f 818/5546 219/4670 1170/4669
f 834/5545 219/4670 818/5546
f 1114/5538 219/4670 834/5545
f 780/5543 834/5545 1149/5547
f 1149/5547 834/5545 818/5546
f 1160/5548 1021/5549 1186/5550
f 1195/5551 1170/4669 1021/5549
f 1195/5551 1021/5549 1107/5552
f 1107/5552 1021/5549 1160/5548
f 1196/5553 1107/5552 1160/5548
f 1160/5548 1186/5550 1196/5553
f 1196/5553 1102/4693 1107/5552
f 871/5540 1089/5541 419/5539
f 871/5540 838/5544 1089/5541
f 419/5539 1089/5541 383/5496
f 1089/5541 780/5543 383/5496
f 383/5496 780/5543 1081/5469
f 1081/5469 780/5543 1149/5547
f 1081/5469 1149/5547 1147/5554
f 1166/5555 818/5546 1156/5556
f 1009/5557 818/5546 1166/5555
f 932/5558 818/5546 1009/5557
f 932/5558 1009/5557 1098/5559
f 1098/5559 1009/5557 1087/5560
f 935/5561 818/5546 1170/4669
f 1156/5556 818/5546 935/5561
f 1190/5562 1170/4669 1195/5551
f 935/5561 1170/4669 1190/5562
f 1198/5563 1099/5564 1190/5562
f 1099/5564 935/5561 1190/5562
f 1198/5563 1195/5551 1107/5552
f 1198/5563 1107/5552 1202/5565
f 1190/5562 1195/5551 1198/5563
f 1198/5563 1202/5565 1099/5564
f 1099/5564 1202/5565 1189/5566
f 1189/5566 1202/5565 1102/4693
f 1202/5565 1107/5552 1102/4693
f 1156/5556 1097/5567 1166/5555
f 1009/5557 1166/5555 1097/5567
f 1009/5557 1097/5567 1189/5566
f 1097/5567 1156/5556 935/5561
f 1097/5567 935/5561 1099/5564
f 1189/5566 1097/5567 1099/5564
f 1087/5560 1189/5566 998/5568
f 1087/5560 1009/5557 1189/5566
f 1149/5547 818/5546 932/5558
f 1149/5547 932/5558 1098/5559
f 1153/5569 1149/5547 1098/5559
f 1147/5554 1153/5569 998/5568
f 998/5568 1153/5569 1098/5559
f 1147/5554 1149/5547 1153/5569
f 1132/5570 1147/5554 998/5568
f 1132/5570 998/5568 1189/5566
f 1132/5570 1189/5566 1102/4693
f 998/5568 1098/5559 1087/5560
f 789/5571 1517/5503 1594/5505
f 789/5571 1594/5505 545/5572
f 1594/5505 820/5573 545/5572
f 1594/5505 1645/5504 820/5573
f 789/5571 545/5572 820/5573
f 789/5571 820/5573 580/5574
f 789/5571 580/5574 849/5575
f 849/5575 586/5576 789/5571
f 849/5575 580/5574 586/5576
f 1645/5504 967/5577 820/5573
f 586/5576 580/5574 967/5577
f 647/5578 789/5571 586/5576
f 586/5576 967/5577 884/5579
f 647/5578 586/5576 884/5579
f 647/5578 279/5580 789/5571
f 820/5573 967/5577 580/5574
f 647/5578 884/5579 279/5580
f 279/5580 884/5579 142/5581
f 1645/5504 795/5582 967/5577
f 1645/5504 1081/5583 795/5582
f 884/5579 967/5577 142/5581
f 142/5581 967/5577 795/5582
f 279/5580 142/5581 101/5584
f 142/5581 795/5582 101/5584
f 279/5580 671/5585 789/5571
f 279/5580 101/5584 671/5585
f 789/5571 339/5586 999/5587
f 671/5585 339/5586 789/5571
f 101/5584 795/5582 671/5585
f 671/5585 795/5582 693/5588
f 795/5582 339/5586 558/5589
f 671/5585 558/5589 339/5586
f 795/5582 558/5589 693/5588
f 1081/5583 339/5586 795/5582
f 671/5585 693/5588 558/5589
f 339/5586 801/5590 999/5587
f 801/5591 339/5592 1081/5469
f 801/5591 1081/5469 1177/5593
f 801/5591 1169/5594 999/5595
f 801/5591 1128/5596 1157/5597
f 1177/5593 1128/5596 801/5591
f 1169/5594 594/5598 999/5595
f 801/5591 1157/5597 1169/5594
f 1169/5594 1157/5597 594/5598
f 1177/5593 1081/5469 1038/5599
f 1081/5469 1147/5554 1038/5599
f 1157/5597 950/5600 594/5598
f 1128/5596 873/5601 950/5600
f 873/5601 594/5598 950/5600
f 1128/5596 950/5600 1157/5597
f 1177/5593 1139/5602 1128/5596
f 1177/5593 1038/5599 916/5603
f 916/5603 1139/5602 1177/5593
f 916/5603 1038/5599 1139/5602
f 1038/5599 1147/5554 1132/5570
f 1038/5599 1132/5570 1139/5602
f 1088/5604 873/5601 1128/5596
f 1139/5602 1088/5604 1128/5596
f 1139/5602 1132/5570 1088/5604
f 1079/5605 1014/5606 1062/5607
f 1014/5606 594/5506 761/5608
f 594/5598 969/5609 750/5610
f 761/5608 594/5506 620/5611
f 620/5612 594/5598 750/5610
f 620/5612 750/5610 754/5613
f 620/5612 754/5613 1102/4693
f 620/5612 1102/4693 761/5614
f 1014/5606 761/5608 1062/5607
f 1062/5607 761/5608 1102/5532
f 1137/5525 594/5506 1014/5606
f 1137/5525 1014/5606 1082/5615
f 1082/5615 1014/5606 1079/5605
f 1102/5532 1079/5605 1062/5607
f 1078/5616 1137/5525 1082/5615
f 948/5617 1082/5615 1079/5605
f 1137/5525 1078/5616 1044/5529
f 1078/5616 1082/5615 1044/5529
f 948/5617 1102/5532 1044/5529
f 1044/5529 1082/5615 948/5617
f 948/5617 1079/5605 1102/5532
f 1171/5531 1137/5525 1044/5529
f 1159/5530 1044/5529 1102/5532
f 969/5609 594/5598 873/5601
f 969/5609 873/5601 1088/5604
f 750/5610 969/5609 1088/5604
f 1088/5604 1132/5570 750/5610
f 754/5613 750/5610 1102/4693
f 1102/4693 750/5610 1132/5570
f 478/5618 2069/5472 1929/5471
f 478/5618 1929/5471 1052/5619
f 478/5618 752/5620 632/5621
f 1578/5622 632/5621 713/5623
f 478/5618 632/5621 1578/5622
f 488/5624 752/5620 478/5618
f 632/5621 752/5620 713/5623
f 478/5047 455/5625 323/5048
f 323/5048 450/5626 317/5049
f 317/5049 450/5626 168/5627
f 179/5057 139/5056 317/5049
f 450/5626 323/5048 168/5627
f 179/5057 168/5627 323/5048
f 179/5057 317/5049 168/5627
f 364/5628 323/5048 113/5629
f 179/5057 323/5048 364/5628
f 364/5628 113/5629 179/5057
f 323/5048 98/5630 113/5629
f 98/5630 455/5625 113/5629
f 323/5048 455/5625 98/5630
f 179/5057 113/5629 455/5625
f 2481/5631 2522/5632 2674/5633
f 2481/5631 2568/5634 2522/5632
f 2568/5634 2481/5631 2235/5635
f 2481/5631 2452/5636 2235/5635
f 2481/5631 478/5047 2452/5636
f 478/5047 1907/5637 2452/5636
f 2452/5636 1907/5637 1477/5638
f 478/5047 2481/5631 455/5625
f 455/5625 2481/5631 2674/5633
f 2522/5632 2568/5634 455/5625
f 455/5625 2674/5633 2522/5632
f 455/5625 2568/5634 2235/5635
f 179/5057 455/5625 2235/5635
f 179/5057 2235/5635 1780/5053
f 1907/5637 478/5047 2502/5639
f 1907/5637 2502/5639 1477/5638
f 2452/5636 1780/5053 2235/5635
f 2452/5636 1477/5638 1729/5640
f 1780/5053 2452/5636 1729/5640
f 1477/5638 2502/5639 1771/5641
f 1477/5638 1771/5641 1729/5640
f 478/5047 2430/5642 2502/5639
f 478/5047 2265/5643 2430/5642
f 2430/5642 2265/5643 2397/5644
f 2397/5644 2265/5643 1859/5645
f 1859/5645 2265/5643 1729/5640
f 478/5047 1743/5646 2265/5643
f 478/5047 1937/5647 1743/5646
f 1729/5640 2265/5643 1743/5646
f 1859/5645 1771/5641 2502/5639
f 1729/5640 1771/5641 1859/5645
f 1859/5645 2502/5639 2397/5644
f 2430/5642 2397/5644 2502/5639
f 1780/5053 1729/5640 1933/5648
f 1937/5649 478/5618 1472/5650
f 1937/5649 1472/5650 1737/5651
f 1737/5652 1472/5653 1617/5654
f 1737/5652 1617/5654 1578/5655
f 1933/5648 1743/5646 1937/5647
f 1933/5648 1937/5647 1737/5652
f 1729/5640 1743/5646 1933/5648
f 1472/5653 1578/5655 1617/5654
f 1737/5652 1578/5655 1933/5648
f 1472/5650 478/5618 1578/5622
f 1933/5648 1578/5655 713/5656
f 1780/5053 1933/5648 428/5657
f 1052/5658 1929/5387 904/5659
f 904/5659 1929/5387 1187/5509
f 911/5660 904/5659 1187/5509
f 911/5660 1187/5509 1162/5661
f 911/5660 1162/5661 1142/5662
f 1162/5661 1187/5509 1174/5510
f 1142/5662 1119/5520 911/5660
f 911/5660 1119/5520 965/5523
f 1197/5663 904/5659 911/5660
f 904/5659 1197/5663 1100/5664
f 1197/5663 911/5660 965/5523
f 1100/5664 1197/5663 921/5665
f 904/5659 1100/5664 921/5665
f 921/5665 1197/5663 965/5523
f 921/5665 965/5523 1152/5666
f 921/5665 1152/5666 904/5659
f 1052/5658 904/5659 1152/5666
f 1146/5667 1052/5658 1152/5666
f 1152/5666 934/5668 1146/5667
f 1146/5667 934/5668 1052/5658
f 934/5668 864/5669 1052/5658
f 1162/5661 1174/5510 1073/5512
f 1073/5512 1142/5662 1162/5661
f 1073/5512 1103/5518 1142/5662
f 1103/5518 923/5516 1142/5662
f 923/5516 1119/5520 1142/5662
f 965/5523 968/5521 1158/5670
f 968/5521 1108/5524 1158/5670
f 1129/5671 965/5523 1158/5670
f 1115/5526 971/5533 798/5527
f 798/5527 971/5533 783/5672
f 962/5673 1158/5670 1108/5524
f 1129/5671 1158/5670 962/5673
f 798/5527 783/5672 853/5674
f 783/5672 971/5533 1137/5525
f 962/5673 1108/5524 798/5527
f 828/5675 962/5673 798/5527
f 783/5672 1137/5525 817/5676
f 1129/5671 962/5673 828/5675
f 828/5675 798/5527 853/5674
f 788/5677 853/5674 817/5676
f 853/5674 783/5672 817/5676
f 1152/5666 965/5523 1122/5678
f 1122/5678 965/5523 1129/5671
f 1152/5666 1122/5678 934/5668
f 934/5668 1122/5678 864/5669
f 1122/5678 1129/5671 828/5675
f 864/5669 1122/5678 828/5675
f 864/5669 828/5675 898/5679
f 898/5679 828/5675 853/5674
f 898/5679 853/5674 860/5680
f 898/5679 860/5680 788/5677
f 898/5679 788/5677 817/5676
f 860/5680 853/5674 788/5677
f 898/5679 817/5676 864/5669
f 817/5676 1137/5525 1171/5531
f 951/5681 1171/5531 985/5534
f 1151/5682 1171/5531 899/5683
f 899/5683 1171/5531 951/5681
f 800/5684 899/5683 951/5681
f 1102/5532 951/5681 985/5534
f 817/5676 1171/5531 1151/5682
f 817/5676 1151/5682 800/5684
f 847/5685 817/5676 800/5684
f 1124/5686 817/5676 847/5685
f 1086/5687 847/5685 800/5684
f 1086/5687 800/5684 852/5688
f 1124/5686 847/5685 1086/5687
f 800/5684 1151/5682 899/5683
f 852/5688 800/5684 951/5681
f 852/5688 951/5681 1102/5532
f 1052/5658 864/5669 817/5676
f 1052/5658 817/5676 1131/5689
f 833/5690 1074/5691 779/5692
f 1074/5691 1131/5689 1086/5687
f 817/5676 1124/5686 1131/5689
f 1131/5689 1124/5686 1086/5687
f 779/5692 1074/5691 1086/5687
f 1086/5687 852/5688 779/5692
f 1102/5532 779/5692 852/5688
f 478/5618 1052/5619 518/5693
f 518/5694 1052/5658 1121/5695
f 488/5624 946/5696 752/5620
f 478/5618 518/5693 488/5624
f 67/5697 488/5698 518/5694
f 67/5699 946/5696 488/5624
f 979/5700 946/5696 67/5699
f 713/5623 752/5620 946/5696
f 713/5623 946/5696 979/5700
f 428/5701 713/5623 979/5700
f 428/5701 979/5700 67/5699
f 1933/5648 713/5656 428/5657
f 518/5694 978/5702 804/5703
f 67/5697 518/5694 804/5703
f 804/5703 978/5702 748/5704
f 748/5704 978/5702 1121/5695
f 978/5702 518/5694 1121/5695
f 889/5705 748/5704 1121/5695
f 804/5703 748/5704 889/5705
f 1121/5695 1066/5706 889/5705
f 67/5697 889/5705 1066/5706
f 67/5697 804/5703 889/5705
f 1066/5706 1121/5695 833/5690
f 1066/5706 833/5690 1102/5532
f 67/5707 1102/5708 428/5657
f 67/5697 1066/5706 1102/5532
f 833/5690 1131/5689 1074/5691
f 1102/5532 833/5690 779/5692
f 1121/5695 1052/5658 1131/5689
f 1121/5695 1131/5689 833/5690
f 557/5709 1102/5708 483/5710
f 428/5657 1102/5708 557/5709
f 1021/5549 1170/4669 868/4684
f 1021/5549 868/4684 1200/5711
f 1200/5711 868/4684 996/5712
f 996/5712 903/5713 1200/5711
f 996/5712 868/4684 1102/4693
f 903/5713 996/5712 1102/4693
f 1188/5714 1200/5711 903/5713
f 1021/5549 1200/5711 1188/5714
f 1186/5550 1188/5714 903/5713
f 1186/5550 903/5713 1102/4693
f 1186/5550 1021/5549 1188/5714
f 1196/5553 1186/5550 1102/4693
f 1102/4693 868/4684 886/4686
f 483/5710 1102/5708 347/5715
f 483/5710 347/5715 1587/5716
f 1587/5716 347/5715 1232/5717
f 2798/4749 1755/4751 369/4754
f 1621/5319 369/4754 194/5322
f 1621/5319 194/5322 1968/5328
f 2685/4757 369/4754 1621/5319
f 2685/4737 1257/4743 1392/4736
f 2685/4737 347/4731 1257/4743
f 1232/5717 347/5715 2685/5718
f 1621/5719 1232/5717 2685/5718
f 2686/5720 1621/5719 2473/5721
f 2576/5722 2686/5720 2473/5721
f 1855/5723 1875/5724 2686/5720
f 2570/5725 1875/5724 1855/5723
f 2390/5726 2576/5722 2473/5721
f 2390/5726 2192/5727 2576/5722
f 2473/5721 1783/5728 2390/5726
f 1855/5723 2686/5720 2576/5722
f 2192/5727 1855/5723 2576/5722
f 2570/5725 1855/5723 1783/5728
f 1783/5728 1855/5723 2390/5726
f 2390/5726 1855/5723 2192/5727
f 2019/5729 1783/5728 2473/5721
f 1232/5717 1621/5719 1287/5730
f 1287/5730 1621/5719 2686/5720
f 1875/5724 1287/5730 2686/5720
f 2019/5729 1587/5716 1875/5724
f 1587/5716 1287/5730 1875/5724
f 1587/5716 1232/5717 1287/5730
f 2570/5725 2019/5729 1875/5724
f 2019/5729 2570/5725 1783/5728
f 1780/5053 1587/5716 2473/5721
f 428/5657 1587/5716 1780/5053
f 1587/5716 2019/5729 2473/5721
f 578/5731 483/5710 679/5732
f 633/5733 679/5732 584/5734
f 584/5734 679/5732 483/5710
f 633/5733 584/5734 561/5735
f 584/5734 483/5710 561/5735
f 561/5735 483/5710 1587/5716
f 557/5709 483/5710 656/5736
f 656/5736 578/5731 608/5737
f 656/5736 483/5710 578/5731
f 578/5731 679/5732 633/5733
f 608/5737 578/5731 633/5733
f 608/5737 633/5733 495/5738
f 608/5737 495/5738 557/5709
f 608/5737 557/5709 656/5736
f 557/5709 495/5738 1587/5716
f 633/5733 561/5735 495/5738
f 495/5738 561/5735 1587/5716
f 428/5657 557/5709 1587/5716
# 4901 vertices
# 5738 texture params
# 0 normals
# 9806 facets

# 1 groups
